
-- phpMyAdmin SQL Dump
-- version 3.5.2.2
-- http://www.phpmyadmin.net
--
-- Servidor: localhost
-- Tiempo de generación: 29-02-2016 a las 14:09:33
-- Versión del servidor: 10.0.20-MariaDB
-- Versión de PHP: 5.2.17

SET SQL_MODE="NO_AUTO_VALUE_ON_ZERO";
SET time_zone = "+00:00";


/*!40101 SET @OLD_CHARACTER_SET_CLIENT=@@CHARACTER_SET_CLIENT */;
/*!40101 SET @OLD_CHARACTER_SET_RESULTS=@@CHARACTER_SET_RESULTS */;
/*!40101 SET @OLD_COLLATION_CONNECTION=@@COLLATION_CONNECTION */;
/*!40101 SET NAMES utf8 */;

--
-- Base de datos: `u703783893_appcm`
--

-- --------------------------------------------------------

--
-- Estructura de tabla para la tabla `assigned_roles`
--

CREATE TABLE IF NOT EXISTS `assigned_roles` (
  `id` int(10) unsigned NOT NULL AUTO_INCREMENT,
  `user_id` int(10) unsigned NOT NULL,
  `role_id` int(10) unsigned NOT NULL,
  PRIMARY KEY (`id`),
  KEY `assigned_roles_user_id_foreign` (`user_id`),
  KEY `assigned_roles_role_id_foreign` (`role_id`)
) ENGINE=MyISAM  DEFAULT CHARSET=utf8 COLLATE=utf8_unicode_ci AUTO_INCREMENT=185 ;

--
-- Volcado de datos para la tabla `assigned_roles`
--

INSERT INTO `assigned_roles` (`id`, `user_id`, `role_id`) VALUES
(11, 5, 7),
(7, 2, 7),
(8, 6, 8),
(9, 7, 7),
(10, 8, 7),
(12, 9, 10),
(13, 10, 10),
(14, 4, 11),
(15, 11, 9),
(16, 12, 9),
(17, 13, 9),
(18, 15, 10),
(22, 14, 11),
(20, 16, 9),
(21, 17, 10),
(23, 18, 9),
(24, 19, 10),
(26, 20, 10),
(27, 22, 10),
(28, 23, 10),
(29, 24, 9),
(30, 25, 10),
(31, 26, 10),
(32, 27, 10),
(33, 29, 10),
(34, 30, 10),
(35, 32, 10),
(36, 33, 10),
(37, 34, 10),
(38, 35, 10),
(39, 36, 10),
(40, 37, 10),
(41, 38, 10),
(42, 28, 9),
(43, 28, 8),
(44, 28, 7),
(45, 28, 10),
(46, 28, 11),
(47, 39, 10),
(48, 40, 10),
(49, 42, 10),
(50, 41, 10),
(51, 43, 10),
(52, 44, 10),
(53, 45, 10),
(54, 46, 10),
(55, 47, 10),
(56, 48, 10),
(57, 49, 10),
(58, 50, 10),
(59, 51, 10),
(60, 52, 10),
(61, 53, 10),
(62, 54, 10),
(63, 55, 10),
(64, 56, 10),
(65, 57, 10),
(66, 58, 10),
(67, 59, 10),
(68, 60, 10),
(69, 61, 10),
(70, 62, 10),
(71, 63, 10),
(72, 64, 10),
(73, 65, 10),
(74, 66, 10),
(75, 67, 10),
(76, 68, 10),
(77, 69, 10),
(78, 70, 10),
(79, 71, 10),
(80, 72, 10),
(81, 73, 10),
(82, 74, 10),
(83, 75, 10),
(84, 76, 10),
(85, 77, 10),
(86, 78, 10),
(87, 80, 10),
(88, 79, 10),
(89, 81, 10),
(90, 82, 10),
(91, 83, 10),
(92, 84, 10),
(93, 85, 10),
(94, 86, 10),
(95, 88, 10),
(96, 89, 10),
(97, 90, 10),
(98, 91, 10),
(99, 92, 10),
(100, 93, 10),
(101, 95, 10),
(102, 97, 10),
(103, 96, 10),
(104, 98, 10),
(105, 99, 10),
(106, 100, 10),
(107, 87, 10),
(108, 101, 10),
(109, 102, 10),
(110, 103, 10),
(111, 104, 10),
(112, 105, 10),
(113, 106, 10),
(114, 107, 10),
(115, 108, 10),
(116, 109, 10),
(117, 110, 10),
(118, 111, 10),
(119, 94, 10),
(120, 112, 10),
(121, 113, 10),
(122, 114, 10),
(123, 115, 10),
(124, 116, 10),
(125, 117, 10),
(126, 118, 10),
(127, 119, 10),
(128, 120, 10),
(129, 121, 10),
(130, 122, 10),
(131, 123, 10),
(132, 124, 10),
(133, 125, 10),
(134, 126, 10),
(135, 127, 10),
(136, 128, 10),
(137, 130, 10),
(138, 129, 10),
(139, 131, 10),
(140, 132, 10),
(141, 133, 10),
(142, 134, 10),
(143, 135, 10),
(144, 136, 10),
(145, 137, 10),
(146, 138, 10),
(147, 139, 10),
(148, 140, 10),
(149, 141, 10),
(150, 142, 10),
(166, 143, 10),
(152, 144, 10),
(153, 145, 10),
(154, 146, 10),
(155, 147, 10),
(156, 148, 10),
(157, 149, 10),
(158, 150, 10),
(159, 151, 10),
(160, 152, 10),
(161, 153, 10),
(162, 154, 10),
(163, 155, 10),
(164, 156, 10),
(165, 157, 10),
(167, 158, 10),
(168, 159, 10),
(169, 162, 10),
(170, 163, 10),
(171, 164, 10),
(172, 165, 10),
(173, 166, 10),
(174, 167, 10),
(175, 160, 10),
(176, 161, 10),
(177, 31, 10),
(178, 168, 10),
(179, 169, 10),
(180, 170, 10),
(181, 171, 10),
(182, 172, 10),
(184, 173, 10);

-- --------------------------------------------------------

--
-- Estructura de tabla para la tabla `capex`
--

CREATE TABLE IF NOT EXISTS `capex` (
  `id` int(11) NOT NULL AUTO_INCREMENT,
  `producto` varchar(255) DEFAULT NULL,
  `monto` varchar(100) DEFAULT NULL,
  `id_cat_capex` int(11) DEFAULT NULL,
  `id_usuario` int(11) DEFAULT NULL,
  `num_boleta` int(11) DEFAULT NULL,
  `num_factura` int(11) DEFAULT NULL,
  `observacion` int(11) DEFAULT NULL,
  `imagen` varchar(255) DEFAULT NULL,
  `fecha` datetime DEFAULT NULL,
  `created_at` datetime DEFAULT NULL,
  `updated_at` datetime DEFAULT NULL,
  PRIMARY KEY (`id`)
) ENGINE=MyISAM  DEFAULT CHARSET=latin1 AUTO_INCREMENT=146 ;

--
-- Volcado de datos para la tabla `capex`
--

INSERT INTO `capex` (`id`, `producto`, `monto`, `id_cat_capex`, `id_usuario`, `num_boleta`, `num_factura`, `observacion`, `imagen`, `fecha`, `created_at`, `updated_at`) VALUES
(2, 'Equipos psicotécnicos usados', '60000', 2, 4, 0, 0, 0, NULL, '0000-00-00 00:00:00', '2015-05-09 02:23:39', '2015-05-16 01:40:57'),
(3, 'Antecedentes DICOM', '7000', 4, 4, 0, 0, 0, NULL, '0000-00-00 00:00:00', '2015-05-09 02:34:41', '2015-05-16 01:40:28'),
(4, 'Constitución de sociedad', '80000', 4, 4, 0, 0, 0, NULL, '0000-00-00 00:00:00', '2015-05-09 02:37:03', '2015-05-22 17:24:24'),
(5, 'Protocolo de escritura Diario Oficial', '10000', 4, 4, 0, 0, 0, NULL, '0000-00-00 00:00:00', '2015-05-09 02:39:38', '2015-05-16 01:39:27'),
(6, 'Entrega papeles conservador', '26000', 4, 4, 0, 0, 0, NULL, '0000-00-00 00:00:00', '2015-05-09 02:40:53', '2015-05-16 01:39:02'),
(7, 'Transferencia Kia', '85000', 5, 4, 0, 0, 0, NULL, '0000-00-00 00:00:00', '2015-05-09 02:46:00', '2015-05-16 01:49:30'),
(8, 'Aporte Kia1', '1300000', 5, 4, 0, 0, 0, NULL, '0000-00-00 00:00:00', '2015-05-09 02:52:55', '2015-05-16 01:38:08'),
(9, 'Aporte Kia 2', '1606000', 5, 4, 0, 0, 0, NULL, '0000-00-00 00:00:00', '2015-05-09 02:53:10', '2015-05-16 01:37:41'),
(10, 'abono adhesivos', '15000', 5, 4, 0, 0, 0, NULL, '0000-00-00 00:00:00', '2015-05-09 02:53:23', '2015-05-16 01:37:25'),
(11, 'start equipos', '1330000', 2, 4, 0, 0, 0, 'IMG_20150513_162342797.jpg', '2014-08-08 00:00:00', '2015-05-09 02:53:35', '2015-05-16 01:37:01'),
(12, 'certificado anotaciones vigentes', '1000', 4, 4, 0, 0, 0, NULL, '0000-00-00 00:00:00', '2015-05-12 18:18:46', '2015-05-16 01:36:42'),
(13, 'carpa kia ', '9990  ', 5, 4, 0, 0, 0, NULL, '0000-00-00 00:00:00', '2015-05-12 18:47:32', '2015-05-16 01:36:22'),
(14, 'cbrs', '2300', 4, 4, 2829493, 0, 0, 'IMG_20150512_144733472.jpg', '2015-01-02 00:00:00', '2015-05-12 19:50:46', '2015-05-16 01:36:05'),
(15, 'cbrs', '4600', 4, 4, 8859, 0, 0, 'IMG_20150513_080429198.jpg', '2015-01-20 00:00:00', '2015-05-12 22:54:52', '2015-05-16 01:35:49'),
(16, 'cuadros-plantas-otros', '38750', 6, 4, 7249, 0, 0, 'IMG_20150513_082726544.jpg', '2015-03-12 00:00:00', '2015-05-12 23:07:47', '2015-05-16 01:35:33'),
(17, 'soporte lcd- otros', '49940', 6, 4, 6485, 0, 0, 'IMG_20150513_071936935.jpg', '2015-03-15 00:00:00', '2015-05-12 23:09:03', '2015-05-16 01:35:11'),
(18, 'letreros luminosos', '80000', 7, 4, 0, 0, 0, NULL, '0000-00-00 00:00:00', '2015-05-12 23:11:16', '2015-05-16 01:34:46'),
(19, 'pino- otros', '60572', 8, 4, 0, 64188449, 0, 'IMG_20150513_071454178.jpg', '2015-03-03 00:00:00', '2015-05-12 23:13:26', '2015-05-16 01:34:20'),
(20, 'volcanita', '950', 8, 4, 8686, 0, 0, 'IMG_20150513_070934239.jpg', '2015-03-16 00:00:00', '2015-05-12 23:14:04', '2015-05-15 00:54:55'),
(21, 'escritorio profesor', '10000', 6, 4, 0, 0, 0, NULL, '0000-00-00 00:00:00', '2015-05-12 23:14:50', '2015-05-16 01:33:53'),
(22, 'pizarra', '39500', 6, 4, 1985, 0, 0, 'IMG_20150513_070302825.jpg', '2015-03-17 00:00:00', '2015-05-12 23:15:59', '2015-05-16 01:33:37'),
(23, '2 tablas 5x1 -tarugos-', '5660', 8, 4, 4520, 0, 0, 'IMG_20150513_070604700.jpg', '2015-05-13 00:00:00', '2015-05-12 23:16:54', '2015-05-16 01:33:17'),
(24, 'pintura roja', '5490', 8, 4, 420034, 0, 0, 'IMG_20150513_244302011.jpg', '2015-03-28 00:00:00', '2015-05-12 23:40:38', '2015-05-16 01:32:58'),
(25, 'cuadros ', '3000', 6, 4, 3379, 0, 0, 'image2.jpg', '2015-03-26 00:00:00', '2015-05-12 23:41:46', '2015-05-16 01:32:39'),
(26, 'adaptador', '2490', 8, 4, 0, 0, 0, NULL, '0000-00-00 00:00:00', '2015-05-12 23:42:33', '2015-05-16 01:32:23'),
(27, 'guardapolvo canaleta cable', '13710', 8, 4, 357, 0, 0, 'IMG_20150513_244012244.jpg', '2015-03-28 00:00:00', '2015-05-12 23:43:29', '2015-05-16 01:32:04'),
(28, 'certificado de numero', '1307', 4, 4, 2645632, 0, 0, 'IMG_20150513_243113216.jpg', '2015-04-01 00:00:00', '2015-05-12 23:44:14', '2015-05-16 01:31:45'),
(29, 'sii comprobante ingreso', '3000', 4, 4, 1448296, 0, 0, 'IMG_20150513_240227112.jpg', '2015-03-18 00:00:00', '2015-05-12 23:45:01', '2015-05-16 01:31:29'),
(30, 'Pagina web', '30000', 7, 4, 0, 0, 0, NULL, '2014-08-25 00:00:00', '2015-05-13 00:44:11', '2015-05-16 01:31:14'),
(31, 'silla pupitres', '335000', 6, 4, 0, 0, 0, NULL, '0000-00-00 00:00:00', '2015-05-13 01:08:01', '2015-05-16 01:30:50'),
(32, 'aporte kia 1', '1500000', 5, 5, 0, 0, 0, NULL, '0000-00-00 00:00:00', '2015-05-13 02:07:45', '2015-05-16 01:30:26'),
(33, 'aporte kia 2', '1557000', 5, 5, 0, 0, 0, NULL, '0000-00-00 00:00:00', '2015-05-13 02:08:56', '2015-05-16 01:30:04'),
(34, 'comando kia 1', '160000', 5, 5, 0, 0, 0, NULL, '0000-00-00 00:00:00', '2015-05-13 02:09:27', '2015-05-16 01:29:42'),
(35, 'comando kia + bencina', '170000', 5, 5, 0, 0, 0, NULL, '0000-00-00 00:00:00', '2015-05-13 02:10:19', '2015-05-16 01:29:22'),
(36, 'permiso circulación kia 2', '23000', 5, 5, 0, 0, 0, NULL, '0000-00-00 00:00:00', '2015-05-13 02:11:07', '2015-05-16 01:29:05'),
(37, 'primera cuota ploteo', '45000', 7, 5, 0, 0, 0, NULL, '0000-00-00 00:00:00', '2015-05-13 02:12:20', '2015-05-16 01:28:32'),
(38, 'accesorios luz pedales', '14000', 5, 5, 0, 0, 0, NULL, '0000-00-00 00:00:00', '2015-05-13 02:13:23', '2015-05-16 01:28:09'),
(39, 'letreros en práctica', '10000', 7, 5, 5390, 0, 0, 'IMG_20150513_084953641.jpg', '2014-11-19 00:00:00', '2015-05-13 02:14:01', '2015-05-16 01:26:38'),
(40, 'saldo adhesivos', '18000', 7, 5, 0, 0, 0, NULL, '0000-00-00 00:00:00', '2015-05-13 02:20:26', '2015-05-16 01:26:22'),
(41, 'DICOM', '13980', 4, 5, 1426, 0, 0, 'IMG_20150513_081355641.jpg', '2015-01-21 00:00:00', '2015-05-13 02:21:17', '2015-05-16 01:25:55'),
(42, 'LCD 32'' ', '124800', 2, 5, 7870, 0, 0, 'IMG_20150513_075416305.jpg', '2015-01-24 00:00:00', '2015-05-13 02:25:20', '2015-05-16 01:25:36'),
(43, 'LCD 48''', '214800', 2, 5, 7869, 0, 0, 'IMG_20150513_0754163051.jpg', '2015-01-24 00:00:00', '2015-05-13 02:26:02', '2015-05-16 01:24:46'),
(44, 'certificado de anotaciones', '3000', 4, 5, 0, 0, 0, NULL, '0000-00-00 00:00:00', '2015-05-13 02:38:43', '2015-05-16 01:16:28'),
(45, 'revisión técnica x2 años', '24000', 4, 5, 0, 0, 0, NULL, '0000-00-00 00:00:00', '2015-05-13 02:39:32', '2015-05-16 01:14:52'),
(46, 'pintura piso', '4790', 8, 5, 3424, 0, 0, 'IMG_20150513_083747179.jpg', '2015-05-13 00:00:00', '2015-05-13 02:40:17', '2015-05-16 01:14:20'),
(47, 'pintura mas ampolleta', '2260', 8, 5, 7004, 0, 0, 'IMG_20150513_083336486.jpg', '2015-03-07 00:00:00', '2015-05-13 02:41:09', '2015-05-16 01:13:54'),
(48, 'repisas- otros', '68330', 6, 5, 7585, 0, 0, 'IMG_20150513_160051141.jpg', '2015-03-15 00:00:00', '2015-05-13 02:42:41', '2015-05-16 01:13:27'),
(49, 'cubre piso', '41580 ', 8, 5, 0, 28479, 0, 'IMG_20150513_153646017.jpg', '2015-03-18 00:00:00', '2015-05-13 02:43:19', '2015-05-16 01:13:06'),
(50, 'diablito - set brochas', '40378', 9, 5, 6867, 0, 0, 'IMG_20150513_063724653.jpg', '2015-04-13 00:00:00', '2015-05-13 02:46:08', '2015-05-16 01:12:43'),
(51, 'teléfono entel', '10000', 2, 4, 30967297, 0, 0, 'IMG_20150513_245003973.jpg', '2015-04-21 00:00:00', '2015-05-13 03:56:18', '2015-05-16 01:12:03'),
(52, '2 pinturas latex', '19800', 8, 5, 675, 0, 0, 'IMG_20150513_245459324.jpg', '2015-02-28 00:00:00', '2015-05-13 04:02:50', '2015-05-16 01:11:22'),
(53, 'yeso,cemento,pasta muro', '2480', 8, 5, 454844, 0, 0, 'IMG_20150513_013326120.jpg', '2015-03-27 00:00:00', '2015-05-13 04:41:47', '2015-05-16 01:11:02'),
(54, 'Persianas', '17490', 6, 5, 0, 8169, 0, 'image1.jpg', '2015-04-14 00:00:00', '2015-05-13 04:58:37', '2015-05-16 01:10:32'),
(71, 'mouse optico', '5131', 2, 4, 0, 458, 0, 'IMG-20150522-WA0001.jpeg', '2015-05-20 00:00:00', '2015-05-22 17:45:56', '2015-05-22 17:49:32'),
(56, 'melanina 15mm', '17218', 8, 4, 0, 66151614, 0, 'IMG_20150513_1927186991.jpg', '2015-03-03 00:00:00', '2015-05-13 22:37:58', '2015-05-16 01:09:40'),
(57, 'pino cepillado', '8077', 8, 4, 7975, 0, 0, 'IMG_20150513_1931122681.jpg', '2015-03-03 00:00:00', '2015-05-13 22:39:45', '2015-05-16 01:08:59'),
(58, 'cuadro', '3000', 6, 4, 2785, 0, 0, 'IMG_20150513_064157612.jpg', '2015-03-26 00:00:00', '2015-05-15 00:27:37', '2015-05-16 01:08:29'),
(61, 'seguro kia', '11500', 5, 4, 0, 0, 0, NULL, '2015-05-14 00:00:00', '2015-05-16 01:55:00', '2015-05-16 01:55:00'),
(59, 'juego de barras', '13000', 5, 5, 0, 636, 0, 'IMG_20150513_103226229.jpg', '2014-07-22 00:00:00', '2015-05-15 04:17:47', '2015-05-16 01:07:46'),
(60, 'computadores', '489990', 2, 4, 0, 99522, 0, 'IMG_20150513_164345262.jpg', '2015-04-25 00:00:00', '2015-05-15 19:46:56', '2015-05-16 01:07:18'),
(62, 'escritorio', '35000', 6, 4, 0, 0, 0, NULL, '0000-00-00 00:00:00', '2015-05-16 01:55:46', '2015-05-16 01:55:46'),
(63, 'certificado informes previos', '8890', 4, 4, 0, 0, 0, NULL, '0000-00-00 00:00:00', '2015-05-16 01:58:22', '2015-05-16 01:58:22'),
(64, 'copa herramienta', '2000', 9, 4, 0, 0, 0, NULL, '0000-00-00 00:00:00', '2015-05-16 01:59:04', '2015-05-16 01:59:04'),
(65, 'ventanal sala teorica', '89000', 6, 4, 0, 0, 0, NULL, '0000-00-00 00:00:00', '2015-05-16 02:04:32', '2015-05-16 02:04:32'),
(66, 'ventanal sala psicotecnica', '84000', 6, 4, 0, 0, 0, NULL, '0000-00-00 00:00:00', '2015-05-16 02:05:13', '2015-05-16 02:05:13'),
(67, 'patente kia', '33000', 5, 4, 0, 0, 0, NULL, '0000-00-00 00:00:00', '2015-05-16 02:05:54', '2015-05-16 02:05:54'),
(68, 'ecomotor', '85000', 5, 4, 0, 3844, 0, 'IMG_20150514_191817147.jpg', '2014-07-22 00:00:00', '2015-05-16 22:23:10', '2015-05-16 22:31:34'),
(69, 'informe compras ceachei', '', 4, 4, 0, 0, 0, 'IMG-20150514-WA0005.jpeg', '0000-00-00 00:00:00', '2015-05-16 22:46:51', '2015-05-16 22:46:51'),
(70, 'informe compras eduardo', '', 4, 5, 0, 0, 0, 'IMG-20150514-WA0007.jpeg', '0000-00-00 00:00:00', '2015-05-16 22:49:42', '2015-05-16 22:51:57'),
(72, 'arquitecto', '120000', 4, 4, 0, 0, 0, NULL, '2015-05-21 00:00:00', '2015-05-24 02:49:59', '2015-05-24 02:49:59'),
(73, 'Challengers 35ah', '51980', 8, 5, 0, 7614, 0, 'IMG_20150610_200021170.jpg', '2015-05-05 00:00:00', '2015-06-10 23:04:36', '2015-06-10 23:14:14'),
(74, 'Alfombra c', '50120', 8, 5, 0, 6043, 0, 'IMG_20150610_195524462.jpg', '2015-05-21 00:00:00', '2015-06-10 23:06:56', '2015-06-10 23:06:56'),
(75, 'Pintura pala ampolleta', '2850', 8, 5, 7003, 0, 0, 'IMG_20150610_225029019.jpg', '2015-05-07 00:00:00', '2015-06-11 01:28:39', '2015-06-11 02:01:10'),
(76, 'Escobilla acero lijas broca', '3760', 8, 5, 7609, 0, 0, '1433986078417-1505269405.jpg', '2015-04-25 00:00:00', '2015-06-11 01:31:01', '2015-06-11 01:34:09'),
(77, 'Rodillo poliéster ácido muriatico', '2530', 8, 5, 4333, 0, 0, 'IMG_20150610_230348350.jpg', '2015-04-26 00:00:00', '2015-06-11 02:04:28', '2015-06-11 02:06:23'),
(78, 'Notaria', '18000 ', 4, 4, 6734, 0, 0, 'IMG_20150610_234718740.jpg', '2014-06-11 00:00:00', '2015-06-11 02:47:00', '2015-06-11 02:49:31'),
(79, 'Planchas cepillado', '6500', 8, 4, 1185, 0, 0, 'IMG_20150610_235729233.jpg', '2015-03-04 00:00:00', '2015-06-11 02:52:47', '2015-06-11 02:59:58'),
(80, 'Notariaa', '20000', 4, 4, 8379, 0, 0, 'IMG_20150610_235157510.jpg', '2014-07-09 00:00:00', '2015-06-11 02:54:00', '2015-06-11 02:54:00'),
(81, 'Huincha ganchos 2canaletas', '1800', 8, 4, 3160, 0, 0, 'IMG_20150611_240019844.jpg', '0000-00-00 00:00:00', '2015-06-11 03:02:47', '2015-06-11 03:02:47'),
(82, 'Alargador canaletas tubos', '7400', 8, 4, 1917, 0, 0, 'IMG_20150611_240257113.jpg', '0000-00-00 00:00:00', '2015-06-11 03:05:05', '2015-06-11 03:05:05'),
(83, 'Alfombras', '5980', 6, 4, 0, 9664, 0, 'IMG_20150618_121320085.jpg', '2015-06-11 00:00:00', '2015-06-18 15:13:33', '2015-06-18 15:17:42'),
(84, 'Escritorio cajones ', '20000', 6, 4, 0, 0, 0, NULL, '0000-00-00 00:00:00', '2015-06-19 01:07:54', '2015-06-19 01:07:54'),
(85, 'C/acero', '5880', 8, 5, 7836, 0, 0, 'IMG_20150623_152943025.jpg', '2015-03-29 00:00:00', '2015-06-23 18:30:19', '2015-06-23 18:31:30'),
(86, 'Cab tel', '1090', 8, 5, 6391, 0, 0, 'IMG_20150623_153716264.jpg', '2015-05-15 00:00:00', '2015-06-23 18:34:58', '2015-06-23 18:39:20'),
(87, 'Tplink adaptador', '45540', 2, 5, 391, 0, 0, 'IMG_20150623_154225357.jpg', '2015-04-26 00:00:00', '2015-06-23 18:41:26', '2015-06-23 18:46:26'),
(88, 'Exedente ventanal aluminio', '5993', 6, 5, 1424, 0, 0, 'IMG_20150623_155700302.jpg', '2015-05-12 00:00:00', '2015-06-23 18:59:12', '2015-07-24 04:01:46'),
(89, 'Letreros acma citec', '57000', 6, 4, 0, 0, 0, 'IMG-20150623-WA0001.jpg', '2015-06-23 00:00:00', '2015-06-23 21:54:26', '2015-06-23 21:55:44'),
(90, 'Silicona dispensador de agua', '3490', 8, 4, 9722, 0, 0, 'IMG_20150723_230238137.jpg', '2015-06-16 00:00:00', '2015-07-24 02:03:02', '2015-07-24 02:05:09'),
(91, 'Roseta doble', '590', 9, 4, 2209, 0, 0, 'IMG_20150723_230502685.jpg', '2015-07-09 00:00:00', '2015-07-24 02:07:34', '2015-07-24 02:07:34'),
(92, '2ampolletas 20tornillos 20 tornillos 1limpia vidrio', '4226', 8, 4, 721, 0, 0, 'IMG_20150723_230821097.jpg', '2015-06-16 00:00:00', '2015-07-24 02:10:50', '2015-07-24 02:10:50'),
(93, 'Papel polarizado', '17940', 8, 4, 0, 8170, 0, 'IMG_20150723_231852631.jpg', '2015-05-28 00:00:00', '2015-07-24 02:19:03', '2015-07-24 02:22:28'),
(94, 'Teléfono inalámbrico alargador', '21681', 2, 4, 0, 6, 0, 'IMG_20150723_232444694.jpg', '2015-06-09 00:00:00', '2015-07-24 02:27:02', '2015-07-24 02:27:02'),
(95, 'Arquitecto', '125000', 4, 4, 0, 0, 0, NULL, '2015-07-29 00:00:00', '2015-07-30 01:02:30', '2015-07-30 01:02:30'),
(96, 'Arquitecto', '125000', 4, 5, 0, 0, 0, NULL, '2015-07-29 00:00:00', '2015-07-30 01:03:22', '2015-07-30 01:06:46'),
(97, 'Pago seguro', '29956', 4, 5, 0, 0, 0, '1438219260369-828915906.jpg', '2015-06-18 00:00:00', '2015-07-30 01:23:47', '2015-07-30 01:23:47'),
(98, 'Letreros y adhesivo', '150697', 7, 5, 0, 647, 0, 'IMG-20150729-WA0007.jpeg', '2015-07-20 00:00:00', '2015-07-30 01:28:15', '2015-07-30 01:54:12'),
(99, 'Lubricante rotación rueda', '4760', 5, 5, 0, 6782, 0, '14382197132022059801856.jpg', '2015-07-04 00:00:00', '2015-07-30 01:31:10', '2015-07-30 01:31:10'),
(100, 'Neumaticos', '39980', 5, 4, 0, 5185, 0, 'IMG_20150729_223349750.jpg', '2015-07-01 00:00:00', '2015-07-30 01:37:35', '2015-07-30 01:37:35'),
(101, 'Polarizado', '8568', 6, 4, 0, 6282, 0, 'IMG-20150729-WA0010.jpeg', '2015-07-10 00:00:00', '2015-07-30 01:50:04', '2015-07-30 01:50:04'),
(102, 'Polarizado', '8568', 6, 4, 0, 6201, 0, 'IMG_20150727_200927337.jpg', '2015-07-07 00:00:00', '2015-07-30 01:53:08', '2015-07-30 01:53:08'),
(103, '20 canaletas orilla cable', '9000', 8, 4, 5919, 0, 0, '14410750812911543577081.jpg', '2015-08-11 00:00:00', '2015-09-01 02:41:39', '2015-09-01 02:41:39'),
(104, '2hembras, 2 machos', '2800', 8, 4, 3728, 0, 0, '1441075528296-2058771985.jpg', '2015-08-13 00:00:00', '2015-09-01 02:49:07', '2015-09-01 02:49:07'),
(105, 'Clavos de cemento', '900', 8, 4, 6001, 0, 0, '1441075873475-859070929.jpg', '2015-08-13 00:00:00', '2015-09-01 02:54:41', '2015-09-01 02:54:41'),
(106, 'Gravilla 8 bolsas', '16869', 8, 4, 0, 2124, 0, '1441076284187610643365.jpg', '2015-08-19 00:00:00', '2015-09-01 03:01:23', '2015-09-01 03:01:23'),
(107, 'LCD camaras', '129990', 2, 4, 0, 4556, 0, 'IMG-20150831-WA0003.jpeg', '2015-09-13 00:00:00', '2015-09-01 03:07:33', '2015-09-01 03:07:33'),
(108, 'Certificado de tránsito', '13220', 4, 5, 3584, 0, 0, 'IMG-20150901-WA0000.jpeg', '2015-09-17 00:00:00', '2015-09-01 03:09:14', '2015-09-01 03:09:14'),
(109, 'llave lavaplato', '6990', 8, 4, 357, 0, 0, 'IMG-20150923-WA0016.jpg', '2015-09-08 00:00:00', '2015-09-23 23:09:48', '2015-09-29 19:56:29'),
(111, 'internet claro  15 mayo- 15 julio', '20000', 10, 4, 8438, 0, 0, 'IMG-20150923-WA0017.jpg', '2015-07-13 00:00:00', '2015-09-23 23:13:53', '2015-09-29 19:58:44'),
(112, 'internet claro 15 julio-15 agosto', '10000', 2, 4, 0, 0, 0, NULL, '0000-00-00 00:00:00', '2015-09-23 23:15:43', '2015-09-23 23:19:20'),
(113, 'internet  15 agosto 15 sept.', '11500', 10, 4, 132, 0, 0, NULL, '2015-09-22 00:00:00', '2015-09-23 23:18:39', '2015-09-23 23:18:39'),
(114, 'interruptor foco sensor movimiento', '650', 8, 4, 5936, 0, 0, 'IMG-20150923-WA0014.jpg', '2015-09-10 00:00:00', '2015-09-23 23:21:44', '2015-09-29 20:15:24'),
(115, 'mouse inalambrico camaras', '4990', 2, 4, 8179, 0, 0, 'IMG-20150923-WA0007.jpg', '2015-08-23 00:00:00', '2015-09-23 23:23:13', '2015-09-29 19:55:09'),
(116, 'camaras', '170000', 2, 4, 0, 0, 0, NULL, '0000-00-00 00:00:00', '2015-09-23 23:36:59', '2015-09-23 23:36:59'),
(117, 'impresora epson', '83993', 2, 4, 0, 4753, 0, 'IMG-20150923-WA0019.jpg', '2015-08-21 00:00:00', '2015-09-23 23:38:38', '2015-09-29 19:53:10'),
(118, 'cortina ', '9990', 6, 4, 0, 0, 0, NULL, '0000-00-00 00:00:00', '2015-09-23 23:40:32', '2015-09-23 23:40:32'),
(119, 'flexible de agua', '7116', 8, 4, 0, 3818, 0, 'IMG-20150923-WA0008.jpg', '2015-09-05 00:00:00', '2015-09-23 23:41:13', '2015-09-29 19:48:17'),
(120, 'Certificados conservador', '6900', 4, 5, 1488, 0, 0, '14435546296041694709092.jpg', '2015-09-23 00:00:00', '2015-09-29 19:27:33', '2015-09-29 19:27:33'),
(121, '3copias documentos notaria', '3000', 4, 5, 6709, 0, 0, '14435547372641399310931.jpg', '2015-08-31 00:00:00', '2015-09-29 19:29:12', '2015-09-29 19:29:12'),
(122, 'Can ', '85811', 8, 5, 0, 9061, 0, '1443554831566-2107162230.jpg', '2015-09-14 00:00:00', '2015-09-29 19:31:00', '2015-09-29 19:31:00'),
(123, 'Cbrs', '2300', 4, 4, 9712, 0, 0, '1443555146354-839629631.jpg', '2015-09-23 00:00:00', '2015-09-29 19:36:03', '2015-09-29 19:36:03'),
(126, '2retrovisores', '12100', 5, 4, 3330, 0, 0, '14471834088752133693373.jpg', '2015-11-03 00:00:00', '2015-11-10 19:28:06', '2015-11-10 19:28:06'),
(125, 'Tapacanto.soporte repisa.tarugo mariposa', '2750', 8, 4, 4339, 0, 0, '14435553893031606283741.jpg', '2015-08-21 00:00:00', '2015-09-29 19:40:11', '2015-09-29 19:40:11'),
(127, 'Pegamento para retro isores', '3000', 8, 4, 3334, 0, 0, '1447183570525889130963.jpg', '2015-11-03 00:00:00', '2015-11-10 19:31:32', '2015-11-10 19:31:32'),
(128, 'Libros inspección acta asistencia actas apaisado', '12670', 2, 5, 0, 8237, 0, '1447183822951-2048902689.jpg', '2015-11-02 00:00:00', '2015-11-10 19:35:07', '2015-11-10 19:35:07'),
(129, 'Bci seguros', '30858', 4, 5, 6737, 0, 0, '1447184376093-1075810780.jpg', '2015-11-03 00:00:00', '2015-11-10 19:44:17', '2015-11-10 19:44:17'),
(130, 'Gastos instalación letrero frontal', '15000', 6, 5, 0, 0, 0, '1447184681255-1753772151.jpg', '0000-00-00 00:00:00', '2015-11-10 19:50:00', '2015-11-10 19:50:00'),
(131, 'Antiox sipa/foco 3l/ser brochas', '26420', 8, 5, 0, 2683, 0, '14471849145611116260188.jpg', '2015-10-14 00:00:00', '2015-11-10 19:52:49', '2015-11-10 19:52:49'),
(132, 'Anillado planes', '3000', 11, 5, 2609, 0, 0, '1447185035736-865638526.jpg', '2015-10-04 00:00:00', '2015-11-10 19:54:52', '2015-11-10 19:54:52'),
(133, 'Notaría autorización de firmas', '4000', 4, 5, 370, 0, 0, '1447185147902442475063.jpg', '2015-09-21 00:00:00', '2015-11-10 19:56:39', '2015-11-10 19:56:39'),
(134, 'Notaría fotocopia autorizada', '1000', 4, 5, 2911, 0, 0, '1447185250273-2043438670.jpg', '2015-10-01 00:00:00', '2015-11-10 19:58:09', '2015-11-10 19:58:09'),
(135, 'Notaría autorización de firmas', '4000', 4, 5, 5489, 0, 0, '1447185338495-1881698362.jpg', '2015-07-07 00:00:00', '2015-11-10 19:59:40', '2015-11-10 19:59:40'),
(136, 'Certificados de automoviles', '1680', 5, 5, 7322, 0, 0, '1447185433055-1984101738.jpg', '2015-10-02 00:00:00', '2015-11-10 20:01:14', '2015-11-10 20:01:14'),
(137, 'Bci seguros autoescuela', '33500', 4, 5, 2979, 0, 0, '1447185570636-1915540754.jpg', '2015-10-06 00:00:00', '2015-11-10 20:03:31', '2015-11-10 20:03:31'),
(138, 'Adhesivos', '75041', 7, 4, 0, 679, 0, '14471857318681801234814.jpg', '2015-10-06 00:00:00', '2015-11-10 20:06:12', '2015-11-10 20:06:12'),
(139, 'Pago trabajo letrero exterior', '120000', 7, 4, 0, 0, 0, '1447185823095-274150616.jpg', '0000-00-00 00:00:00', '2015-11-10 20:07:46', '2015-11-10 20:07:46'),
(140, 'Tres atriles', '15000', 7, 4, 0, 0, 0, '14471858848691190187740.jpg', '0000-00-00 00:00:00', '2015-11-10 20:08:44', '2015-11-10 20:08:44'),
(141, 'Microondas', '39990', 6, 4, 278, 0, 0, 'IMG-20160206-WA0012.jpg', '2015-12-23 00:00:00', '2016-02-07 03:37:18', '2016-02-07 03:37:18'),
(142, 'Poleras', '124000', 12, 4, 0, 0, 0, 'IMG-20160206-WA0038.jpg', '2015-11-23 00:00:00', '2016-02-07 04:08:55', '2016-02-07 04:27:12'),
(143, 'Pendrive ', '3990', 2, 4, 1765, 0, 0, 'IMG-20160206-WA0023.jpg', '2015-12-08 00:00:00', '2016-02-07 04:12:18', '2016-02-07 04:12:18'),
(144, 'Tv vídeo + te lado usb', '44201', 2, 4, 0, 6322, 0, 'IMG-20160206-WA0037.jpg', '2015-11-30 00:00:00', '2016-02-07 04:38:54', '2016-02-07 04:38:54'),
(145, 'Letreros pedestales', '68000', 7, 4, 0, 0, 0, 'IMG-20160206-WA0030.jpg', '0000-00-00 00:00:00', '2016-02-07 04:45:45', '2016-02-07 04:45:45');

-- --------------------------------------------------------

--
-- Estructura de tabla para la tabla `cat_capex`
--

CREATE TABLE IF NOT EXISTS `cat_capex` (
  `id` int(11) NOT NULL AUTO_INCREMENT,
  `nombre` varchar(255) DEFAULT NULL,
  PRIMARY KEY (`id`)
) ENGINE=MyISAM  DEFAULT CHARSET=latin1 AUTO_INCREMENT=14 ;

--
-- Volcado de datos para la tabla `cat_capex`
--

INSERT INTO `cat_capex` (`id`, `nombre`) VALUES
(2, 'Equipos'),
(4, 'Trámites'),
(5, 'Vehículos'),
(6, 'Mobiliario'),
(7, 'Publicidad'),
(8, 'Materiales construccion'),
(9, 'Herramientas'),
(10, 'internet'),
(11, 'Libros'),
(12, 'Vestuario'),
(13, 'Recarga teléfono red fija');

-- --------------------------------------------------------

--
-- Estructura de tabla para la tabla `cat_opex`
--

CREATE TABLE IF NOT EXISTS `cat_opex` (
  `id` int(11) NOT NULL AUTO_INCREMENT,
  `nombre` varchar(255) NOT NULL,
  PRIMARY KEY (`id`)
) ENGINE=MyISAM  DEFAULT CHARSET=latin1 AUTO_INCREMENT=16 ;

--
-- Volcado de datos para la tabla `cat_opex`
--

INSERT INTO `cat_opex` (`id`, `nombre`) VALUES
(5, 'Combustible'),
(6, 'Estacionamientos - peajes'),
(7, 'Útiles de aseo'),
(8, 'Útiles de oficina'),
(9, 'Alimentos'),
(10, 'Arriendo'),
(11, 'Agua'),
(12, 'Luz'),
(13, 'Revisión técnica'),
(14, 'Internet'),
(15, 'Recarga teléfono red fija ');

-- --------------------------------------------------------

--
-- Estructura de tabla para la tabla `clases`
--

CREATE TABLE IF NOT EXISTS `clases` (
  `id` int(11) NOT NULL AUTO_INCREMENT,
  `usuario_id` int(11) DEFAULT NULL,
  `fecha_clases` datetime DEFAULT NULL,
  `observacion` varchar(255) DEFAULT NULL,
  `instructor_id` int(11) DEFAULT NULL,
  `observación_instructor` varchar(255) DEFAULT NULL,
  PRIMARY KEY (`id`)
) ENGINE=MyISAM  DEFAULT CHARSET=latin1 AUTO_INCREMENT=1199 ;

--
-- Volcado de datos para la tabla `clases`
--

INSERT INTO `clases` (`id`, `usuario_id`, `fecha_clases`, `observacion`, `instructor_id`, `observación_instructor`) VALUES
(6, 10, '2015-08-02 17:55:00', 'problema de aprendizaje ', 2, NULL),
(9, 10, '2015-08-05 17:00:00', 'segunda clase: tratamiento de problema de aprendizaje anterior uso y pocicion de asientos espejos comando etc.', 2, NULL),
(8, 10, '2015-08-04 17:00:00', 'tercera clase: uso de tercer cambio, repaso materia anterior. proxima clase reforzar uso de embrague.', 2, NULL),
(10, 13, '2015-08-02 09:00:00', 'primera clase con maria barrera: evaluar condiciones nerviosas ', 2, NULL),
(11, 13, '2015-08-02 10:00:00', 'Primera clase: soeldad gutierrez: análisis de condiciones fisicas', 2, NULL),
(12, 13, '2015-08-02 11:00:00', 'Tercera clase (marianela maldonado): repaso clase anteriror uso de tercer cambio, embrague, frenos, giros, observacion de señaleticas de transito, funcionamiento de indicadores e instrumentos del auto, seguridad de conduccion, utilizacion de echos externo', 2, NULL),
(13, 13, '2015-08-03 09:00:00', 'segunda clase (maria avial) repaso clase anterior uso segunda marcha', 2, NULL),
(14, 16, '2015-08-03 09:00:00', 'Primera clase (andrea martinez) ; Conocimientos básicos de un automóvil, componentes, accesorios, ley de transito. ', 2, NULL),
(17, 19, '2015-08-16 09:00:00', 'primera clase: Conocimientos básicos del automóvil, piezas, tablero asiento, cinturón etc. etc. etc. etc ..........', 18, NULL),
(16, 17, '2015-08-03 02:00:00', 'casa', 18, NULL),
(18, 20, '2015-08-16 09:10:00', 'clase 1 instrucción practica bla bla bbla', 18, NULL),
(19, 23, '2015-10-24 09:55:00', 'conocimientos prácticos, panel de instrumento, vehículo en general, \r\nConfucion pedalera y caja de cambios', 18, NULL),
(20, 23, '2015-10-25 22:00:00', 'desplazamiento primera marcha', 18, NULL),
(21, 25, '2015-12-07 09:00:00', 'Alumna realiza dos ensayo prueba teórica de conducta vial , ensayo de equipo psicosensometrico y reconocimiento del vehículo.\r\n\r\nClase practica : volante pedales virajes  uso de intermitente y espejos   (primera clase)', 24, NULL),
(22, 27, '2015-12-09 12:00:00', 'Alumna realiza ensayos de pruebas teóricas de conducta vial y en equipos psicosensometrico\r\n\r\nsu primera clase', 24, NULL),
(23, 27, '2015-12-11 12:00:00', 'Alumna realiza ensayo teóricos de las siguientes unidades conducta vial y mecánica básica,seguridad vial\r\nsegunda clase   ', 24, NULL),
(24, 25, '2015-12-09 09:00:00', 'Alumna realiza ensayos de conducta vial, seguridad vial, macanica básica y ensayo en los equipos psicosensometrico\r\nsegunda clase ', 24, NULL),
(25, 25, '2015-12-11 09:00:00', 'Alumna realiza ensayo teórico de conducta vial ,seguridad vial y mecánica basica', 24, NULL),
(26, 26, '2015-12-09 16:00:00', 'Alumna realiza ensayo de conducta vial \r\nprimera clase', 24, NULL),
(28, 26, '2015-12-10 16:00:00', 'Alumna realiza ensayo de conducta vial y prueba \r\nsegunda clase', 24, NULL),
(29, 27, '2015-12-17 12:00:00', 'teoría primera unidad', 24, NULL),
(30, 27, '2015-12-15 12:00:00', 'prueba teórica de 35 preguntas', 24, NULL),
(31, 33, '2015-12-15 04:00:00', 'primera clase conocimientos legales y reglamentarios del transito', 24, NULL),
(32, 33, '2015-12-16 04:00:00', 'segunda clase teórica mecánica basica', 24, NULL),
(33, 33, '2015-12-17 04:00:00', 'tercera clase teórica prueba teórica de 35 preguntas', 24, NULL),
(34, 35, '2015-12-16 12:00:00', 'primera clase  teórica educación vial', 24, NULL),
(35, 35, '2015-12-17 12:00:00', 'segunda clase teórica prueba de 35 preguntas', 24, NULL),
(36, 35, '2015-12-18 12:00:00', 'tercera clase prueba teorica', 24, NULL),
(37, 41, '2015-12-17 18:00:00', 'primera clase prueba ensayo ', 24, NULL),
(38, 32, '2015-12-16 10:00:00', 'primera clase 2 horas de mecánica educación vial', 24, NULL),
(39, 32, '2015-12-17 10:00:00', 'segunda clase realiza prueba teorica', 24, NULL),
(40, 34, '2015-12-14 19:00:00', 'Se realiza primera unidad educación vial', 24, NULL),
(41, 34, '2015-12-16 19:00:00', 'Se realizo unidad mecánica basica', 24, NULL),
(42, 34, '2015-12-17 19:00:00', 'tercera clase ensayo prueba teorica', 24, NULL),
(43, 27, '2015-12-21 12:00:00', 'Se realiza introducción a la practica de conduccion', 24, NULL),
(44, 33, '2015-12-18 16:00:00', 'Cuarta clase prueba teorica', 24, NULL),
(45, 33, '2015-12-21 07:00:00', 'Clase teórica de Legislación Vial y Señalización Vial desde las 19:00 a 21:00 hrs impartidas por Jorge Valdes', 24, NULL),
(46, 35, '2015-12-21 19:00:00', 'Clase Teórica de Señalización Vial, desde las 19:00 a 21:00 hrs impartida por Jorge Valdes', 24, NULL),
(47, 42, '2015-12-21 19:00:00', 'Clase Teórica de señalización y conducción vial impartida por jorge valdes', 24, NULL),
(48, 46, '2015-12-21 19:00:00', 'Clase Teórica de lseñalización vial impartida por jorge valdes', 24, NULL),
(49, 43, '2015-12-21 19:00:00', 'Clase Teórica de señaliación vial impartida por jorge valdes', 24, NULL),
(50, 44, '2015-12-21 19:00:00', 'Clase Teórica de legislación y conducción vial impartida por jorge valdes', 24, NULL),
(51, 40, '2015-12-21 19:00:00', 'Clase Teórica de señalización vial impartida por jorge valdes', 24, NULL),
(52, 41, '2015-12-21 20:00:00', 'Clase Teórica de legislación vial impartida por jorge valdes', 24, NULL),
(53, 48, '2015-12-21 13:00:00', 'Clase de Conducción Vial José Vasquez', 24, NULL),
(54, 48, '2015-12-23 09:00:00', 'Clase legislación vial, José Vasquez (2 horas)', 24, NULL),
(55, 35, '2015-12-23 19:00:00', 'Clase teórica de Legislación Vial y Mecánica, Jorge Valdés', 24, NULL),
(56, 42, '2015-12-23 19:00:00', 'Clase teórica de Legislación Vial y Mecánica, Jorge Valdés', 24, NULL),
(57, 46, '2015-12-23 19:00:00', 'Clase teórica de Legislación Vial y Mecánica, Jorge Valdés', 24, NULL),
(58, 49, '2015-12-23 19:00:00', 'Clase teórica de Legislación Vial y Mecánica, Jorge Valdés', 24, NULL),
(59, 48, '2015-12-24 09:00:00', 'Clase de Mecánica básica, 1 hora, por josé vasquez', 24, NULL),
(60, 40, '2015-12-23 19:00:00', 'Clase teórica de Legislación Vial y Mecánica, Jorge Valdés', 24, NULL),
(61, 43, '2015-12-23 19:00:00', 'Clase teórica de Legislación Vial y Mecánica, Jorge Valdés', 24, NULL),
(62, 51, '2015-12-23 19:00:00', 'Clase teórica de Legislación Vial y Mecánica, Jorge Valdés', 24, NULL),
(63, 34, '2015-12-23 19:00:00', 'Clase teórica de Legislación Vial y Mecánica, Jorge Valdés', 24, NULL),
(64, 41, '2015-12-18 18:00:00', 'Clase Conducción Vial por José Vasques', 24, NULL),
(65, 41, '2015-12-28 20:00:00', '1ra Clase Práctica\r\nVolante, salida y frenado.', 24, NULL),
(66, 47, '2015-12-19 09:00:00', 'Prueba Diagnostico ', 24, NULL),
(67, 47, '2015-12-19 10:00:00', '1ra Clase Práctica\r\nIntroducción', 24, NULL),
(68, 47, '2015-12-19 13:00:00', '2da Clase Práctica\r\nVolante y Salidas', 24, NULL),
(69, 47, '2015-12-21 17:00:00', '3ra Clase Práctica\r\nSalidas y 2 marchas', 24, NULL),
(70, 42, '2015-12-22 18:00:00', '1ra Clase Práctica\r\nProtocolo volante, salida y frrenado.', 24, NULL),
(71, 42, '2015-12-28 18:00:00', '2da Clase Práctica\r\n2 marchas, salida y viraje', 24, NULL),
(72, 33, '2015-12-16 17:00:00', '1ra Clase Práctica\r\nProtocoloco volante, salida y frenado.', 24, NULL),
(73, 33, '2015-12-17 17:00:00', '2da Clase Práctica\r\n4 marchas, viraje y cruce', 24, NULL),
(74, 33, '2015-12-18 17:00:00', '3ra Clase Práctica\r\n4 marchas y marcha atrás', 24, NULL),
(75, 33, '2015-12-21 16:00:00', '4ta Clase Práctica\r\n4 marchas, cruce, marcha atrás', 24, NULL),
(76, 33, '2015-12-22 16:00:00', '5ta Clase Práctica\r\n4 marchas, marcha atrás, tráfico medio.', 24, NULL),
(77, 33, '2015-12-22 16:00:00', '5ta Clase Práctica\r\n4 marchas, marcha atrás, tráfico medio.', 24, NULL),
(78, 33, '2015-12-22 16:00:00', '5ta Clase Práctica\r\n4 marchas, marcha atrás, tráfico medio.', 24, NULL),
(79, 33, '2015-12-28 16:00:00', '6ta Clase Práctica\r\n5 marchas y tráfico alto.', 24, NULL),
(80, 38, '2015-12-21 10:00:00', 'PPT Introducción a la prácticas', 24, NULL),
(81, 38, '2015-12-21 11:00:00', '1ra Clase Práctica\r\nProtocolo (jorge barrera)', 24, NULL),
(82, 38, '2015-12-22 13:00:00', '2da Clase Práctica\r\nVolante, salida, frenado y dos cambios.', 24, NULL),
(83, 38, '2015-12-23 13:00:00', '3ra Clase Práctica\r\nSalida, cruce, frenado y viraje.', 24, NULL),
(84, 30, '2015-12-21 12:00:00', 'Prueba diagnostico', 24, NULL),
(85, 34, '2015-12-14 20:00:00', '1ra Clase Práctica\r\nProtocolo volante, pedales, 2 marchas.', 24, NULL),
(86, 34, '2015-12-18 20:00:00', 'Ensayo prueba teórica', 24, NULL),
(87, 34, '2015-12-28 19:00:00', 'Señalización y conducta vial, Jorge Valdes', 24, NULL),
(88, 34, '2015-12-16 20:00:00', '2da Clase Práctica\r\nRepaso y 3 marchas, frenado', 24, NULL),
(89, 34, '2015-12-18 20:00:00', '4ta Clase Práctica\r\nRepaso, 4 marchas, virajes.', 24, NULL),
(90, 34, '2015-12-17 20:00:00', '3ra Clase Práctica\r\n4 marchas, marcha atrás y virajes.', 24, NULL),
(91, 25, '2015-12-15 09:00:00', 'Clase mecánica básica y educación vial (2 horas)', 24, NULL),
(92, 25, '2015-12-21 09:00:00', '2da Clase Práctica\r\nsegunda y tercera marcha y reducción de marcha.', 24, NULL),
(93, 25, '2015-12-22 09:00:00', '3ra Clase Práctica\r\n3 marchas, salida y reducción de marcha.', 24, NULL),
(94, 25, '2015-12-28 09:00:00', '4ta Clase Práctica\r\n4 marchas, viraje y cruces', 24, NULL),
(95, 43, '2015-12-21 13:00:00', '1ra Clase Práctica\r\nProtocolo (Jorge Barrera)', 24, NULL),
(96, 43, '2015-12-22 11:00:00', '2da Clase Práctica\r\nVolante, salida y dos marchas.', 24, NULL),
(97, 43, '2015-12-23 11:00:00', '3ra Clase Práctica\r\nControl de embragues (jorge valdes)', 24, NULL),
(98, 43, '2015-12-24 11:00:00', '4ta Clase Práctica\r\nTránsito, embrague y volante', 24, NULL),
(99, 43, '2015-12-28 11:00:00', '5ta Clase Práctica\r\nTránsito, cruce y semáforo.\r\n', 24, NULL),
(100, 35, '2015-12-16 13:00:00', '1ra Clase Práctica\r\nVolante y 3 marchas.', 24, NULL),
(101, 35, '2015-12-17 13:00:00', '2da Clase Práctica\r\n4 marchas', 24, NULL),
(102, 35, '2015-12-18 13:00:00', '3ra Clase Práctica\r\n4 marchas, retroceso y semáforo.', 24, NULL),
(103, 35, '2015-12-21 18:00:00', '4ta Clase Práctica\r\n4 marchas y retroceso.', 24, NULL),
(104, 35, '2015-12-23 18:00:00', '5ta Clase Práctica\r\n5 marchas y tráfico medio.', 24, NULL),
(105, 35, '2015-12-24 12:00:00', '6ta Clase Práctica\r\n5 marchas y tráfico alto.', 24, NULL),
(106, 35, '2015-12-28 12:00:00', '7ma Clase Práctica\r\n4 marchas y semáforos', 24, NULL),
(107, 29, '2015-12-09 19:00:00', '1ra Clase Práctica\r\nProtocolo', 24, NULL),
(108, 29, '2015-12-09 18:00:00', 'Clase Conducta Vial', 24, NULL),
(109, 29, '2015-12-19 10:00:00', '2da Clase Práctica\r\n4 marchas, frenado y salidas.', 24, NULL),
(110, 29, '2015-12-19 11:00:00', '3ra Clase Práctica\r\n5 marchas y tránsito alto.', 24, NULL),
(111, 49, '2015-12-28 19:00:00', 'Señalización y Legislación Vial, Jorge Valdes', 24, NULL),
(112, 49, '2015-12-28 17:00:00', '1ra y 2da Clase Práctica\r\nProtocolo, Jorge Valdes', 24, NULL),
(113, 55, '2015-12-28 19:00:00', 'Señalización y Legislación Vial, Jorge Valdes', 24, NULL),
(114, 45, '2015-12-21 11:00:00', 'Prueba diagnóstico', 24, NULL),
(115, 45, '2015-12-23 11:00:00', 'Clase Conducta Vial, José Vasques', 24, NULL),
(116, 27, '2015-12-23 12:00:00', '1ra Clase Práctica\r\nVolante y Viraje', 24, NULL),
(117, 54, '2015-12-28 19:00:00', 'Señalización y Legislación Vial, Jorge Valdes', 24, NULL),
(120, 26, '2015-12-16 16:00:00', 'Prueba Teórica', 24, NULL),
(119, 26, '2015-12-15 16:00:00', '1 hora de segunda unidad', 24, NULL),
(121, 35, '2015-12-29 12:00:00', '8va Clase Práctica\r\nPendiente, estacionamiento frontal.', 6, NULL),
(122, 43, '2015-12-29 11:00:00', '6ta Clase Práctica\r\nPendiente y tráfico alto,paso regulado.', 6, NULL),
(123, 32, '2015-12-21 10:00:00', 'Prueba Teórica', 6, NULL),
(124, 32, '2015-12-16 11:00:00', '1ra Clase Práctica\r\nVolante, pedales y 3 marchas.', 6, NULL),
(125, 32, '2015-12-18 11:00:00', '2da Clase Práctica\r\n3 marchas, cruces, salidas y freno', 6, NULL),
(126, 32, '2015-12-21 11:00:00', '3ra Clase Práctica\r\nRealiza 3 marchas y cruces', 6, NULL),
(127, 32, '2015-12-21 11:00:00', '4ta Clase Práctica\r\n4 marchas, salidas y frenado', 6, NULL),
(128, 32, '2015-12-22 11:00:00', '5ta Clase Práctica\r\n4 marchas, salidas y cruces', 6, NULL),
(129, 32, '2015-12-29 10:00:00', '6ta Clase Práctica\r\nMarcha atrás', 6, NULL),
(130, 35, '2015-12-30 12:00:00', '9na Clase Práctica\r\nEstacionamiento y Pendiente\r\n', 6, NULL),
(131, 25, '2015-12-30 09:00:00', '5ta Clase Práctica \r\nTráfico Medio y Salidas', 6, NULL),
(132, 43, '2015-12-30 11:00:00', '7ma Clase Práctica\r\nEstacionamiento, pendiente y tránsito.', 6, NULL),
(133, 43, '2015-12-31 11:00:00', '8va Clase Práctica\r\nViraje en U, cruces regulados, tráfico medio', 6, NULL),
(134, 27, '2015-12-31 13:00:00', '2da Clase Práctica\r\nVolante, viraje y pedales. 2 marchas', 6, NULL),
(135, 35, '2015-12-31 09:00:00', '10ma Clase Práctica\r\nEvaluación Examen práctico', 6, NULL),
(136, 43, '2016-01-04 11:00:00', '9na Clase Práctica\r\nTránsito alto, cruce regulado.', 6, NULL),
(137, 25, '2016-01-01 09:00:00', '6ta Clase Práctica\r\nTráfico Alto, cruces regulado.', 6, NULL),
(138, 25, '2016-01-04 19:00:00', 'Clase Legislación y Señalización Vial, Ricardo Cornejo.', 6, NULL),
(139, 58, '2016-01-04 19:00:00', 'Clase Legislación y Señalización Vial, Ricardo Cornejo.', 6, NULL),
(140, 68, '2016-01-04 19:00:00', 'Clase Legislación y Señalización Vial, Ricardo Cornejo.', 6, NULL),
(141, 51, '2016-01-04 19:00:00', 'Clase Legislación y Señalización Vial, Ricardo Cornejo.', 6, NULL),
(142, 56, '2016-01-04 19:00:00', 'Clase Legislación y Señalización Vial, Ricardo Cornejo.', 6, NULL),
(143, 64, '2016-01-04 19:00:00', 'Clase Legislación y Señalización Vial, Ricardo Cornejo.', 6, NULL),
(144, 26, '2016-01-04 19:00:00', 'Clase Legislación y Señalización Vial, Ricardo Cornejo.', 6, NULL),
(145, 63, '2016-01-04 19:00:00', 'Clase Legislación y Señalización Vial, Ricardo Cornejo.', 6, NULL),
(146, 39, '2016-01-04 19:00:00', 'Clase Legislación y Señalización Vial, Ricardo Cornejo.', 6, NULL),
(147, 67, '2016-01-04 19:00:00', 'Clase Legislación y Señalización Vial, Ricardo Cornejo.', 6, NULL),
(148, 50, '2016-01-04 19:00:00', 'Clase Legislación y Señalización Vial, Ricardo Cornejo.', 6, NULL),
(149, 30, '2016-01-04 19:00:00', 'Clase Legislación y Señalización Vial, Ricardo Cornejo.', 6, NULL),
(150, 66, '2016-01-04 19:00:00', 'Clase Legislación y Señalización Vial, Ricardo Cornejo.', 6, NULL),
(151, 33, '2016-01-04 16:00:00', '7ma Clase Práctica\r\nAlto tráfico, velocidad controlada y viraje.', 6, NULL),
(152, 33, '2016-01-06 16:00:00', '8va Clase Práctica\r\nEstacionamiento y pendiente.', 6, NULL),
(153, 46, '2016-01-04 13:00:00', '1ra Clase Práctica\r\nVolante, salida y frenad. Cruces', 6, NULL),
(154, 25, '2016-01-05 17:00:00', '7ma Clase Práctica\r\nEstacionamiento y pendiente.', 6, NULL),
(155, 42, '2016-01-04 18:00:00', '3ra Clase Práctica\r\n3 marchas, salidas y frenado.', 6, NULL),
(156, 42, '2016-01-04 18:00:00', '4ta Clase Práctica\r\n4 marchas, salidas, frenado y cruce', 6, NULL),
(157, 48, '2016-01-05 09:00:00', 'Pruebas online e introducción a la práctica.', 6, NULL),
(158, 35, '2016-01-05 12:00:00', '11ava Clase Práctica\r\nRuta para exámen.', 6, NULL),
(159, 49, '2015-12-30 17:00:00', '3ra y 4ta Clase Práctica\r\nSin observación, Jorge Valdes', 6, NULL),
(160, 49, '2016-01-05 17:00:00', '5ta y 6ta Clase Práctica\r\nVerificación y marcha atrás, Ricardo Cornejo.', 6, NULL),
(161, 46, '2016-01-05 13:00:00', '2da Clase Práctica\r\nSalida, frenado y 3 marchas.', 6, NULL),
(162, 43, '2016-01-05 11:00:00', '10ma Clase Práctica\r\nPrueba de exámen.', 6, NULL),
(163, 34, '2016-01-30 19:00:00', '5ta Clase Práctica\r\nTráfico medio y viraje.', 6, NULL),
(164, 34, '2016-01-04 19:00:00', '6ta Clase Practica\r\nTráfico Alto, control de acelerador.', 6, NULL),
(165, 34, '2016-01-05 19:00:00', '7ma Clase Práctica\r\nEstacionamiento y Pendiente.', 6, NULL),
(166, 42, '2016-01-05 18:00:00', '5ta Clase práctico\r\nTráfico medio, cruce regulado.', 6, NULL),
(167, 25, '2016-01-06 09:00:00', '8va Clase Práctica\r\nTráfico alto y cruces regulados.', 24, NULL),
(168, 35, '2016-01-06 12:00:00', '12ava Clase Práctica\r\nSegunda ruta para examen. Término de Clases Prácticas.', 24, NULL),
(169, 44, '2015-12-30 20:00:00', '1ra Clase Práctica\r\nVolante y Virajes.', 6, NULL),
(170, 44, '2016-01-06 10:00:00', '2da Clase Práctica\r\nVolante, pedales, salida y frenos.', 6, NULL),
(171, 43, '2016-01-06 11:00:00', '11va Clase Práctica\r\nPrimera ruta examen.', 6, NULL),
(172, 74, '2016-01-06 19:00:00', 'Clase Teórica de Mecánica básica y conducta vial, Ricardo Cornejo.', 6, NULL),
(173, 58, '2016-01-06 19:00:00', 'Clase Teórica de Mecánica básica y conducta vial, Ricardo Cornejo.', 6, NULL),
(174, 73, '2016-01-06 19:00:00', 'Clase Teórica de Mecánica básica y conducta vial, Ricardo Cornejo.', 6, NULL),
(175, 46, '2016-01-06 19:00:00', 'Clase Teórica de Mecánica básica y conducta vial, Ricardo Cornejo.', 6, NULL),
(176, 71, '2016-01-06 19:00:00', 'Clase Teórica de Mecánica básica y conducta vial, Ricardo Cornejo.', 6, NULL),
(177, 68, '2016-01-06 19:00:00', 'Clase Teórica de Mecánica básica y conducta vial, Ricardo Cornejo.', 6, NULL),
(178, 56, '2016-01-06 19:00:00', 'Clase Teórica de Mecánica básica y conducta vial, Ricardo Cornejo.', 6, NULL),
(179, 64, '2016-01-06 19:00:00', 'Clase Teórica de Mecánica básica y conducta vial, Ricardo Cornejo.', 6, NULL),
(180, 66, '2016-01-06 19:00:00', 'Clase Teórica de Mecánica básica y conducta vial, Ricardo Cornejo.', 6, NULL),
(181, 63, '2016-01-06 19:00:00', 'Clase Teórica de Mecánica básica y conducta vial, Ricardo Cornejo.', 6, NULL),
(182, 45, '2016-01-06 19:00:00', 'Clase Teórica de Mecánica básica y conducta vial, Ricardo Cornejo.', 6, NULL),
(183, 67, '2016-01-06 19:00:00', 'Clase Teórica de Mecánica básica y conducta vial, Ricardo Cornejo.', 6, NULL),
(184, 39, '2016-01-06 19:00:00', 'Clase Teórica de Mecánica básica y conducta vial, Ricardo Cornejo.', 6, NULL),
(185, 77, '2016-01-06 19:00:00', 'Clase Teórica de Mecánica básica y conducta vial, Ricardo Cornejo.', 6, NULL),
(186, 72, '2016-01-06 19:00:00', 'Clase Teórica de Mecánica básica y conducta vial, Ricardo Cornejo.', 6, NULL),
(187, 50, '2016-01-06 19:00:00', 'Clase Teórica de Mecánica básica y conducta vial, Ricardo Cornejo.', 6, NULL),
(188, 33, '2016-01-06 16:00:00', '9na Clase Práctica\r\nEstacionamiento y Pendiente.', 6, NULL),
(189, 33, '2016-01-06 17:00:00', '10ma Clase Práctica\r\nExamen práctico.', 6, NULL),
(190, 44, '2016-01-07 10:00:00', '3ra Clase Práctica\r\nVirajes, cruces, 2 y 3 marchas.', 6, NULL),
(191, 43, '2016-01-08 11:00:00', '12ava Clase Práctica\r\nSegunda ruta examen, clases prácticas finalizadas.', 6, NULL),
(192, 67, '2016-01-05 15:00:00', '1ra Clase Práctica\r\nVolante, virajes, cruces.', 6, NULL),
(193, 67, '2016-01-06 15:00:00', '2da Clase práctica\r\nVirajes, cruces, 1 y 2 marchas.', 24, NULL),
(194, 46, '2016-01-06 13:00:00', 'Tráfico medi, viraje, cruces.', 24, NULL),
(195, 46, '2016-01-07 13:00:00', 'Tráfico medio, viraje, marcha atrás.', 24, NULL),
(196, 34, '2016-01-06 19:00:00', 'Trafico alto cruces regulados y respetar velocidad clase numero 8 \r\n \r\nTrafico alto conservar distancia y mantener velocidad\r\n\r\n\r\n', 24, NULL),
(197, 42, '2016-01-06 18:00:00', '6ta Clase Práctica\r\nTráfico Medio, cruce y salidas.', 6, NULL),
(198, 42, '2016-01-07 18:00:00', '7ma Clase Práctica\r\nEstacionamiento y Pendiente', 6, NULL),
(199, 32, '2016-01-08 11:00:00', '7ma Clase Práctica\r\nMarcha atrás y estacionamiento.', 24, NULL),
(200, 44, '2016-01-08 10:00:00', '4ta Clase Práctica\r\nTráfico medio y cruces, virajes.', 24, NULL),
(201, 25, '2016-01-07 17:00:00', '9na Clase Práctica\r\nTráfico alto y pasos regulados.', 24, NULL),
(202, 25, '2016-01-08 09:00:00', '10ma Clase Práctica\r\nPrueba Examen', 24, NULL),
(203, 48, '2016-01-09 09:00:00', 'primera clase practica volante 3 marchas retroceso', 24, NULL),
(204, 46, '2016-01-08 13:00:00', 'clase nº 5 trafico alto cruces regulados', 24, NULL),
(205, 73, '2016-01-11 19:00:00', 'Señalización y Legislación Vial, Ricardo Cornejo.', 6, NULL),
(206, 73, '2016-01-08 12:00:00', '1ra practica\r\nVolante, primer cambio, salidas y frenado.', 6, NULL),
(207, 73, '2016-01-12 18:00:00', '2da práctica  y 3ra practica\r\nViraje, 4 marchas, retroceso, salidas.', 24, NULL),
(208, 73, '2016-01-13 16:00:00', '3ra práctica\r\ntráfico medio, cruces regulados.', 6, NULL),
(209, 67, '2016-01-07 15:00:00', '3ra practica\r\n4 marchas, salida, cruces.', 6, NULL),
(210, 67, '2016-01-08 15:00:00', '4ta practica\r\ntrafico medio, viraje y cruces.', 6, NULL),
(211, 67, '2016-01-11 15:00:00', '5ta practica\r\ntrafico alto, adelantar, virajes.', 6, NULL),
(212, 67, '2016-01-12 15:00:00', '6ta practica\r\ntrafico alto, cruces regulados.', 6, NULL),
(213, 67, '2016-01-13 15:00:00', '7ma practica\r\nestacionamiento y pendiente', 6, NULL),
(214, 46, '2016-01-11 13:00:00', '6ta practica\r\ntrafico alto, cambio de pista, adelantar.', 6, NULL),
(215, 46, '2016-01-12 13:00:00', '7ma practica\r\nestacionamiento, pendiente.', 6, NULL),
(216, 68, '2016-01-08 19:00:00', 'Repaso de 4 clases, Ricardo Cornejo.', 6, NULL),
(217, 68, '2016-01-12 13:00:00', '1ra practica\r\nVolante, dirección.', 6, NULL),
(218, 68, '2016-01-13 13:00:00', '2da practica\r\nvolante, salida y frenado.', 6, NULL),
(219, 48, '2016-01-11 11:00:00', '2da practica\r\nvirajes, 3 marchas, cruces.', 6, NULL),
(220, 48, '2016-01-12 09:00:00', '3ra práctica\r\n3 marchas, cruces, volante.', 6, NULL),
(221, 48, '2016-01-13 11:00:00', '4ta práctica\r\ntrafico medio, cruces.', 6, NULL),
(222, 66, '2016-01-08 19:00:00', 'Repaso de 4 clases, ricardo cornejo', 6, NULL),
(223, 66, '2016-01-13 10:00:00', '1ra práctica\r\nVolante y cambio de pistas, Alexis.', 6, NULL),
(224, 44, '2016-01-11 10:00:00', '5ta práctica\r\nTráfico alto y cruces regulados.', 6, NULL),
(225, 44, '2016-01-12 10:00:00', '6ta practica\r\ntrafico alto, conservar distancia.', 6, NULL),
(226, 44, '2016-01-13 10:00:00', '7ma practica\r\nEstacionamiento y pendiente.', 6, NULL),
(227, 63, '2016-01-08 19:00:00', 'Repaso de 4 clases, ricardo cornejo.', 6, NULL),
(228, 63, '2016-01-12 12:00:00', '1ra practica\r\nVolante y direccion', 6, NULL),
(229, 63, '2016-01-13 09:00:00', '2da practica\r\nPedales, volante y señalar.', 6, NULL),
(230, 63, '2016-01-13 09:00:00', '2da practica\r\nPedales, volante y señalar.', 6, NULL),
(231, 63, '2016-01-13 09:00:00', '2da practica\r\nPedales, volante y señalar.', 6, NULL),
(232, 63, '2016-01-13 09:00:00', '2da practica\r\nPedales, volante y señalar.', 6, NULL),
(233, 63, '2016-01-13 09:00:00', '2da practica\r\nPedales, volante y señalar.', 6, NULL),
(234, 63, '2016-01-13 09:00:00', '2da practica\r\nPedales, volante y señalar.', 6, NULL),
(235, 63, '2016-01-13 09:00:00', '2da practica\r\nPedales, volante y señalar.', 6, NULL),
(236, 59, '2016-01-08 19:00:00', 'Repaso de 4 clases, ricardo cornejo.', 6, NULL),
(237, 59, '2016-01-13 09:00:00', '1ra practica\r\nvolante, salida y frenado.', 6, NULL),
(238, 71, '2016-01-08 19:00:00', 'Repaso de 4 clases, ricardo cornejo.', 6, NULL),
(239, 71, '2016-01-11 19:00:00', 'señalización y legislacion vial, ricardo cornejo.', 6, NULL),
(240, 71, '2016-01-12 20:00:00', '1ra practica\r\nVolante, dirección, comandos,', 6, NULL),
(241, 34, '2016-01-07 20:00:00', '10ava practica\r\nexamen practico', 6, NULL),
(242, 34, '2016-01-08 20:00:00', '11ava  y 12ava practica\r\nMunicipalidad calera de tango.\r\nTERMINO DE CLASES PRACTICAS', 6, NULL),
(243, 34, '2016-01-11 19:00:00', 'Prueba escrita', 6, NULL),
(244, 49, '2016-01-07 20:00:00', '7ma practica\r\nEstacionamiento y pendiente.', 6, NULL),
(245, 49, '2016-01-08 17:00:00', '8va y 9na practica\r\nTransito alto, flujo, 5 marchas.\r\nDesplazamiento doble via.', 6, NULL),
(246, 49, '2016-01-11 17:00:00', '10ma practica\r\nexamen practico', 6, NULL),
(247, 49, '2016-01-11 18:00:00', '11ava practica\r\nMunicipalidad Calera de Tango.', 6, NULL),
(248, 49, '2016-01-12 14:00:00', '12ava practica\r\nRuta Municipalidad Calera de Tango', 6, NULL),
(249, 49, '2016-01-12 13:00:00', 'Prueba escrita.', 6, NULL),
(250, 35, '2016-01-11 16:00:00', 'Prueba Escrita', 6, NULL),
(251, 35, '2016-01-13 16:00:00', 'Prueba Escrita', 6, NULL),
(252, 25, '2016-01-09 13:00:00', '11ava practica\r\nMunicipalidad Calera de Tango', 6, NULL),
(253, 25, '2016-01-11 09:00:00', '12ava practica \r\nMunicipalidad Calera de Tango', 6, NULL),
(254, 25, '2016-01-08 09:00:00', 'Prueba escrita', 6, NULL),
(255, 25, '2016-01-11 09:00:00', 'Prueba escrita', 6, NULL),
(256, 33, '2016-01-07 16:00:00', '11ava practica\r\nMunicipalidad Calera de Tango.', 6, NULL),
(257, 33, '2016-01-08 16:00:00', '12ava\r\nMunicipalidad Calera de Tango. \r\nTERMINO DE CLASES PRACTICAS.', 6, NULL),
(258, 33, '2016-01-08 19:00:00', 'Repaso de 4 clases, ricardo cornejo.', 6, NULL),
(259, 33, '2016-01-11 16:00:00', 'Prueba Escrita', 6, NULL),
(260, 43, '2016-01-12 12:00:00', 'Prueba Escrita', 6, NULL),
(261, 58, '2016-01-08 19:00:00', 'Repaso de 4 clases.', 6, NULL),
(262, 58, '2016-01-12 18:00:00', '1ra practica\r\nVolante y Viraje.', 6, NULL),
(263, 58, '2016-01-13 13:00:00', '2da Practica\r\nVolante, Viraje, marchas, primera, segunda y tercera.', 6, NULL),
(264, 54, '2016-01-12 16:00:00', '1ra practica\r\nVolante y salidas.', 6, NULL),
(265, 54, '2016-01-13 17:00:00', '2da practica\r\nViraje, cruces y salidas.', 6, NULL),
(266, 47, '2016-01-11 19:00:00', 'Señalización y Legislación Vial', 6, NULL),
(267, 47, '2016-01-13 19:00:00', 'Conducta Vial y mecánica.', 6, NULL),
(268, 61, '2016-01-13 19:00:00', 'Clase conducta vial y mecanica.', 6, NULL),
(269, 83, '2016-01-11 19:00:00', 'Clase señalizacion y legislacion vial.', 6, NULL),
(270, 83, '2016-01-13 19:00:00', 'Clase mecánica básica y conducta vial.', 6, NULL),
(271, 60, '2016-01-13 19:00:00', 'Clase mecánica básica y conducta vial.', 6, NULL),
(272, 70, '2016-01-13 19:00:00', 'Clase mecánica básica y conducta vial.', 6, NULL),
(273, 30, '2016-01-13 19:00:00', 'Clase mecánica básica y conducta vial.', 6, NULL),
(274, 77, '2016-01-12 20:00:00', 'primera clase practica volante', 24, NULL),
(275, 77, '2016-01-13 20:00:00', 'segunda clase practica salidas y frenado', 24, NULL),
(276, 44, '2016-01-14 10:00:00', '8va practica\r\nTrafico alto, cruces regulados.', 6, NULL),
(277, 58, '2016-01-13 13:00:00', '3ra practica\r\nVolante, viraje, marchas.', 6, NULL),
(278, 30, '2016-01-11 12:00:00', '1ra practica\r\nVolante, salida y frenada.', 6, NULL),
(279, 30, '2016-01-12 12:00:00', '2da practica\r\nCruces, salidas y virajes.', 6, NULL),
(280, 30, '2016-01-13 12:00:00', '3ra practica\r\nSalidas, embrague, frenado.', 6, NULL),
(281, 30, '2016-01-13 17:00:00', '4ta practica\r\nCirculación normal, retroceder.', 6, NULL),
(282, 30, '2016-01-13 17:00:00', '5ta practica\r\nReforzar embrague', 6, NULL),
(283, 79, '2016-01-11 19:00:00', 'Señalización y Legislación Vial.', 6, NULL),
(284, 71, '2016-01-13 20:00:00', '2da practica\r\n1 y 2 marchas, embrague, acelerador.', 6, NULL),
(285, 32, '2016-01-09 11:00:00', '8va practica\r\nTrafico alto, cruces regulados.', 6, NULL),
(286, 32, '2016-01-11 19:00:00', '10ma practica\r\nMunicipalidad calera de tango.', 6, NULL),
(287, 32, '2016-01-11 20:00:00', '9na practica\r\nexamen practico', 6, NULL),
(288, 45, '2016-01-11 16:00:00', '1ra practica\r\nVolante', 6, NULL),
(289, 45, '2016-01-12 11:00:00', '2da practica\r\nTráfico, virajes, cruces.', 6, NULL),
(290, 45, '2016-01-13 16:00:00', '3ra practica\r\nCirculación normal, reforzar derecho a paso.', 6, NULL),
(291, 64, '2016-01-08 19:00:00', 'Repaso de 4 clases', 6, NULL),
(292, 64, '2016-01-12 17:00:00', '1ra practica\r\nVolante y salida.', 6, NULL),
(293, 64, '2016-01-13 14:00:00', '2da practica\r\nVolante, salida, 1, 2 y 3 marcha.', 6, NULL),
(294, 78, '2016-01-11 19:00:00', 'Señalización y Legislación Vial', 6, NULL),
(295, 78, '2016-01-13 19:00:00', 'Mecanica y conducta vial', 6, NULL),
(296, 78, '2016-01-13 13:00:00', '1ra practica\r\nFuncionamiento del vehiculo', 6, NULL),
(297, 78, '2016-01-13 13:00:00', '2da practica\r\nDesplazamiento del vehiculo', 6, NULL),
(298, 80, '2016-01-11 19:00:00', 'Señalización y Legislación Vial', 6, NULL),
(299, 80, '2016-01-13 19:00:00', 'Mecánica y conducta Vial', 6, NULL),
(300, 48, '2016-01-14 09:00:00', '5ta practica\r\nTrafico alto, cruces regulados.', 6, NULL),
(301, 48, '2016-01-15 11:00:00', '6ta practica\r\nTrafico alto, cruces, adelantar.', 6, NULL),
(302, 48, '2016-01-16 09:00:00', '7ma practica\r\nEstacionamiento y Pendiente', 6, NULL),
(303, 59, '2016-01-15 09:00:00', '2da practica\r\nCruces regulados, virajes.', 6, NULL),
(304, 59, '2016-01-16 09:00:00', '3ra practica\r\nCirculación con mayor flujo.', 6, NULL),
(305, 73, '2016-01-15 16:00:00', '5ta y 6ta practica\r\nTrafico alto, distancia, velocidad.', 6, NULL),
(306, 63, '2016-01-14 12:00:00', '3ra practica\r\nVolante, 3 marchas.', 6, NULL),
(307, 63, '2016-01-15 09:00:00', '4ta practica\r\n4 marchas.', 6, NULL),
(308, 50, '2016-01-08 19:00:00', 'Repaso de clases', 6, NULL),
(309, 50, '2016-01-12 20:00:00', '1ra practica\r\nVolante y puesta en marcha.', 6, NULL),
(310, 50, '2016-01-14 20:00:00', '2da practica', 6, NULL),
(311, 62, '2016-01-11 19:00:00', 'Señalización y Legislación Vial.\r\n', 6, NULL),
(312, 62, '2016-01-13 19:00:00', 'Conducta Vial y mecánica básica', 6, NULL),
(313, 62, '2016-01-15 19:00:00', 'Repaso de clases', 6, NULL),
(314, 78, '2016-01-15 19:00:00', 'Repaso de clases', 6, NULL),
(315, 42, '2016-01-08 18:00:00', '8va practica\r\nTráfico alto y cruce regulado.', 6, NULL),
(316, 42, '2016-01-14 18:00:00', '9na practica\r\ntrafico alto, cruce regulado.', 6, NULL),
(317, 42, '2016-01-15 12:00:00', '10ma y 11ava practica\r\nMunicipalidad Calera de Tango y exámen práctico\r\n', 6, NULL),
(318, 42, '2016-01-15 18:00:00', 'Tráfico alto.\r\nTERMINO DE CLASES PRACTICAS', 6, NULL),
(319, 42, '2016-01-08 19:00:00', 'Repaso de clases teóricas.', 6, NULL),
(320, 34, '2016-01-15 19:00:00', 'Repaso de clases', 6, NULL),
(321, 63, '2016-01-18 09:00:00', '5ta practica\r\nConducción, tercer marcha, mayor flujo.', 6, NULL),
(322, 44, '2016-01-15 10:00:00', '9na practica\r\nTránsito alto, conservar distancia, cruces.', 6, NULL),
(323, 44, '2016-01-18 10:00:00', '10ma practica\r\nControl y Evaluación', 6, NULL),
(324, 32, '2016-01-18 10:00:00', '10ma practica\r\nFlujo alto y distancia.', 6, NULL),
(325, 39, '2016-01-08 19:00:00', 'Repaso de clases', 6, NULL),
(326, 39, '2016-01-15 17:00:00', '1ra practica\r\nVolante, dirección, protocolo.', 6, NULL),
(327, 39, '2016-01-18 11:00:00', '2da practica\r\n1º y 2º marcha, embrague, freno, acelerar', 6, NULL),
(328, 83, '2016-01-14 19:00:00', 'Repaso de Clases', 6, NULL),
(329, 83, '2016-01-16 12:00:00', '1ra practica\r\nVolante, panel de control', 6, NULL),
(330, 83, '2016-01-18 16:00:00', '2da practica\r\nPedales y volante.', 6, NULL),
(331, 60, '2016-01-18 15:00:00', '1ra practica\r\nVolante, seguridad, arranque.', 6, NULL),
(332, 78, '2016-01-18 13:00:00', '3ra practica\r\nUso del 4to cambio.', 6, NULL),
(333, 78, '2016-01-18 14:00:00', '4ta practica\r\nReforzar freno y embrague.', 6, NULL),
(334, 74, '2016-01-15 19:00:00', 'Repaso de Clases', 6, NULL),
(335, 74, '2016-01-11 15:00:00', '1ra practica', 6, NULL),
(336, 74, '2016-01-15 17:00:00', '2da practica\r\nVolante', 6, NULL),
(337, 74, '2016-01-18 15:00:00', '3ra practica\r\nVolante y Pedales', 6, NULL),
(338, 58, '2016-01-15 12:00:00', '4ta practica\r\n4 marchas', 6, NULL),
(339, 58, '2016-01-15 13:00:00', '5ta practica\r\nEnsayo de volante y marchas.', 6, NULL),
(340, 58, '2016-01-18 13:00:00', '6ta practica\r\nCirculación Mayor, flujo doble via.', 6, NULL),
(341, 58, '2016-01-18 14:00:00', '7ma Practica\r\nEnsayo volante y reducción de velocidad.', 6, NULL),
(342, 45, '2016-01-15 16:00:00', '4ta practica\r\nCirculación doble via.', 6, NULL),
(343, 45, '2016-01-18 13:00:00', '5ta practica\r\nTrafico medio, adelantar.', 6, NULL),
(344, 73, '2016-01-18 18:00:00', '7ma practica\r\nEstacionamiento y Pendiente.', 6, NULL),
(345, 50, '2016-01-18 20:00:00', '3ra practica\r\n3 marchas, viraje continuo', 6, NULL),
(346, 97, '2016-01-18 19:00:00', 'Clase de Señalización y Legislación Vial, Ricardo Cornejo.', 6, NULL),
(347, 84, '2016-01-18 19:00:00', 'Clase de Señalización y Legislación Vial, Ricardo Cornejo.', 6, NULL),
(348, 61, '2016-01-18 19:00:00', 'Clase de Señalización y Legislación Vial, Ricardo Cornejo.', 6, NULL),
(349, 61, '2016-01-15 19:00:00', 'Repaso de Clases', 6, NULL),
(350, 88, '2016-01-18 19:00:00', 'Clase de Señalización y Legislación Vial, Ricardo Cornejo.', 6, NULL),
(351, 90, '2016-01-18 19:00:00', 'Clase de Señalización y Legislación Vial, Ricardo Cornejo.', 6, NULL),
(352, 89, '2016-01-18 19:00:00', 'Clase de Señalización y Legislación Vial, Ricardo Cornejo.', 6, NULL),
(353, 57, '2016-01-18 19:00:00', 'Clase de Señalización y Legislación Vial, Ricardo Cornejo.', 6, NULL),
(354, 60, '2016-01-18 19:00:00', 'Clase de Señalización y Legislación Vial, Ricardo Cornejo.', 6, NULL),
(355, 85, '2016-01-18 19:00:00', 'Clase de Señalización y Legislación Vial, Ricardo Cornejo.', 6, NULL),
(356, 44, '2016-01-18 19:00:00', 'Clase Señalización y Legislación Vial, Ricardo Cornejo', 6, NULL),
(357, 75, '2016-01-18 19:00:00', 'Clase Señalización y Legislación Vial, Ricardo Cornejo.', 6, NULL),
(358, 75, '2016-01-18 19:00:00', 'Clase Señalización y Legislación Vial, Ricardo Cornejo.', 6, NULL),
(359, 76, '2016-01-18 19:00:00', 'Clase Señalización y Legislación Vial, Ricardo Cornejo.', 6, NULL),
(360, 48, '2016-01-18 11:00:00', '8va practica\r\nTráfico y Velocidad.', 6, NULL),
(361, 48, '2016-01-19 09:00:00', '9na práctica\r\nTráfico y distancia, adelantos.', 6, NULL),
(362, 45, '2016-01-19 11:00:00', '6ta practica\r\nTráfico, distancia, cruces regulados.', 6, NULL),
(363, 30, '2016-01-19 12:00:00', '6ta practica\r\nTráfico Alto y distancia.', 6, NULL),
(364, 41, '2016-01-15 20:00:00', '2da practica\r\nVolante, salida y 3 marchas.', 6, NULL),
(365, 38, '2016-01-06 16:00:00', '4ta practica\r\n', 6, NULL),
(366, 38, '2016-01-11 13:00:00', '5ta practica', 6, NULL),
(367, 38, '2016-01-11 14:00:00', '6ta practica', 6, NULL),
(368, 38, '2016-01-13 16:00:00', '7ma practica\r\nCirculación con mayor flujo.', 6, NULL),
(369, 38, '2016-01-13 17:00:00', '8va practica\r\nRetroceso y señalizaciones.', 6, NULL),
(370, 38, '2016-01-14 13:00:00', '9na practica', 6, NULL),
(371, 38, '2016-01-15 18:00:00', '10ma practica\r\nAusente, pierde clase practica.', 6, NULL),
(372, 68, '2016-01-14 19:00:00', '3ra practica\r\nTráfico, viraje, retroceso.', 6, NULL),
(373, 68, '2016-01-15 11:00:00', '4ta practica\r\nViraje, tráfico. 4 marchas.', 6, NULL),
(374, 68, '2016-01-16 13:00:00', '5ta practica\r\nManiobras en baja velocidad.', 6, NULL),
(375, 71, '2016-01-18 20:00:00', '3ra practica\r\n3 marchas, reducción de velocidad.', 6, NULL),
(376, 27, '2016-01-16 13:00:00', '3ra y 4ta practica\r\nAusente, pierde clases practicas.', 6, NULL),
(377, 54, '2016-01-14 16:00:00', '3ra practica\r\nMarcha atrás, cruces virajes.', 6, NULL),
(378, 54, '2016-01-16 10:00:00', '4ta practica\r\n', 6, NULL),
(379, 26, '2015-12-30 16:00:00', '1ra practica\r\nProtocolo', 6, NULL),
(380, 26, '2016-01-04 17:00:00', '2da practica\r\nVolante, viraje y salida. Frenado.', 6, NULL),
(381, 26, '2016-01-09 17:00:00', '3ra practica\r\nVolante, viraje, salida y 2 marchas.', 6, NULL),
(382, 26, '2016-01-11 17:00:00', '4ta y 5ta practica\r\nVolante, viraje y 3 marchas.', 6, NULL),
(383, 26, '2016-01-14 14:00:00', '7ma practica\r\nVolante y Viraje', 6, NULL),
(384, 26, '2016-01-16 10:00:00', '8va practica y 9na practica\r\nIntermitentes, virajes, control volante.', 6, NULL),
(385, 26, '2016-01-18 12:00:00', '10ma practica\r\nTráfico alto y velocidad.', 6, NULL),
(386, 59, '2016-01-18 09:00:00', '4ta practica\r\nFlujo alto, distancia.', 6, NULL),
(387, 64, '2016-01-14 14:00:00', '3ra practica\r\n4 marchas y velocidad.', 6, NULL),
(388, 64, '2016-01-16 12:00:00', '4ta practica\r\nVolante y embrague.', 6, NULL),
(389, 80, '2016-01-15 19:00:00', 'Repaso de clases', 6, NULL),
(390, 80, '2016-01-18 17:00:00', '1ra practica\r\nVolante y seguridad.', 6, NULL),
(391, 29, '2016-01-14 16:00:00', '4ta practica\r\nTransito alto.', 6, NULL),
(392, 29, '2016-01-18 16:00:00', '5ta y 6ta  practica\r\nTránsito con mayor flujo y doble vía.', 6, NULL),
(393, 62, '2016-01-19 17:00:00', '1ra practica\r\nVolante, salidas, 2 marchas.', 6, NULL),
(394, 56, '2016-01-08 19:00:00', 'Repaso de Clases', 6, NULL),
(395, 56, '2016-01-12 15:00:00', '1ra practica\r\nVolante y dirección', 6, NULL),
(396, 56, '2016-01-13 15:00:00', '2da Practica\r\nCirculación en vehículo', 6, NULL),
(397, 56, '2016-01-14 15:00:00', '3ra practica\r\nVolante y dirección', 6, NULL),
(398, 56, '2016-01-15 15:00:00', '4ta practica\r\n3 marchas', 6, NULL),
(399, 56, '2016-01-16 15:00:00', '5ta practica\r\nTráfico y 5 marchas.', 6, NULL),
(400, 56, '2016-01-16 11:00:00', '6ta practica\r\nTránsito alto y flujo.', 6, NULL),
(401, 56, '2016-01-18 18:00:00', '7ma practica\r\nTránsito alto y flujo.', 6, NULL),
(402, 56, '2016-01-19 18:00:00', '8va practica\r\nTráfico alto y cruces regulados.\r\n', 6, NULL),
(403, 72, '2016-01-11 19:00:00', 'Señalización y Legislación Vial', 6, NULL),
(404, 72, '2016-01-12 19:00:00', '1ra practica\r\nVolante y Conducción', 6, NULL),
(405, 72, '2016-01-13 19:00:00', '2da practica\r\nViraje, salida y frenado.', 6, NULL),
(406, 72, '2016-01-14 19:00:00', '3ra practica\r\nViraje, salida y freno.', 6, NULL),
(407, 72, '2016-01-16 13:00:00', '4ta practica\r\nViraje, frenado, salida.', 6, NULL),
(408, 72, '2016-01-18 20:00:00', '5ta practica\r\nTráfico y Velocidad', 6, NULL),
(409, 72, '2016-01-19 19:00:00', '6ta practica\r\nTráfico y cruces regulados.', 6, NULL),
(410, 68, '2016-01-20 11:00:00', '6ta practica\r\nCirculación con mayor flujo.', 6, NULL),
(411, 39, '2016-01-20 11:00:00', '3ra practica\r\n3 marchas, embrague y frenos.', 6, NULL),
(412, 66, '2016-01-20 11:00:00', 'Volante, salida y viraje.', 6, NULL),
(413, 59, '2016-01-19 09:00:00', '5ta practica\r\nFlujo alto, cruces regulados.', 6, NULL),
(414, 44, '2016-01-20 20:00:00', '12ava practica\r\nRuta Calera de Tango, TERMINO DE CLASES PRACTICAS.', 6, NULL),
(415, 63, '2016-01-20 09:00:00', '6ta practica\r\nConducción mayor flujo y velocidad.', 6, NULL),
(416, 41, '2016-01-20 12:00:00', '3ra practica\r\n3 marchas, reducción de velocidad.', 6, NULL),
(417, 30, '2016-01-20 12:00:00', '7ma practica\r\nEstacionamiento y Pendiente', 6, NULL),
(418, 74, '2016-01-20 15:00:00', '4ta practica\r\n2 marchas y sincronización', 6, NULL),
(419, 67, '2016-01-14 15:00:00', '8va practica\r\nTráfico alto y distancia.', 6, NULL),
(420, 67, '2016-01-15 15:00:00', '9na practica\r\nTráfico alto, cruce regulado.', 6, NULL),
(421, 67, '2016-01-18 15:00:00', '10ma practica\r\nExámen Práctico', 6, NULL),
(422, 67, '2016-01-19 15:00:00', '11ava practica\r\nMunicipalidad Calera de Tango.', 6, NULL),
(423, 67, '2016-01-20 15:00:00', '12ava práctica\r\nMunicipalidad de Calera de Tango. TERMINO DE CLASES PRACTICAS.', 6, NULL),
(424, 45, '2016-01-20 13:00:00', '7ma practica\r\nEstacionamiento y Pendiente', 6, NULL),
(425, 73, '2016-01-20 16:00:00', '8va practica\r\nEstacionamiento y Pendiente.', 6, NULL),
(426, 58, '2016-01-20 16:00:00', '8va practica\r\nFlujo continuo y doble vías.', 6, NULL),
(427, 58, '2016-01-20 17:00:00', '9na practica\r\nMayor flujo vehicular, reversa.', 6, NULL),
(428, 55, '2016-01-30 19:00:00', 'Mecánica y Conducta Vial', 6, NULL),
(429, 55, '2016-01-08 19:00:00', 'Repaso de Clases', 6, NULL),
(430, 55, '2016-01-12 17:00:00', '1ra practica\r\nVolante y salida.', 6, NULL),
(431, 55, '2016-01-13 15:00:00', '2da practica\r\nVolante y salida', 6, NULL),
(432, 55, '2016-01-14 17:00:00', '3ra practica\r\nVolante y 2 marchas.', 6, NULL),
(433, 55, '2016-01-18 17:00:00', '4ta práctica \r\nTráfico medio.', 6, NULL),
(434, 55, '2016-01-20 17:00:00', '5ta practica\r\nTráfico alto y cruces.', 6, NULL),
(435, 56, '2016-01-20 18:00:00', '9na practica\r\nEstacionamiento y pendiente', 6, NULL),
(436, 60, '2016-01-18 15:00:00', '1ra practica\r\nVolante, seguridad y arranque.', 6, NULL),
(437, 60, '2016-01-20 14:00:00', '2da practica\r\nVolante y pedales.', 6, NULL),
(438, 60, '2016-01-20 15:00:00', '3ra practica\r\nVolante, pedales y alto flujo.', 6, NULL),
(439, 81, '2016-01-11 19:00:00', 'Señalización y Legislación Vial', 6, NULL),
(440, 81, '2016-01-13 19:00:00', 'Mecánica y conducta vial.', 6, NULL),
(441, 81, '2016-01-15 19:00:00', 'Repaso de Clases.', 6, NULL),
(442, 81, '2016-01-20 13:00:00', '1ra practica\r\nVolante, pedales y 2 marchas.', 6, NULL),
(443, 64, '2016-01-20 17:00:00', '5ta practica\r\nCirculación y alto flujo.', 6, NULL),
(444, 82, '2016-01-11 19:00:00', 'Señalización y Legislación Vial.', 6, NULL),
(445, 82, '2016-01-13 19:00:00', 'Conducta vial y mecánica.', 6, NULL),
(446, 82, '2016-01-15 19:00:00', 'Repaso de clases', 6, NULL),
(447, 82, '2016-01-20 17:00:00', '1ra practica\r\nCirculación, volante, pedales.', 6, NULL),
(448, 54, '2016-01-20 16:00:00', '5ta practica\r\nCirculación en alto flujo.', 6, NULL),
(449, 84, '2016-01-20 19:00:00', 'Clase Mecánica básica y Conducta Vial', 6, NULL),
(450, 84, '2016-01-20 19:00:00', 'Clase Mecánica básica y Conducta Vial', 6, NULL),
(451, 86, '2016-01-20 19:00:00', 'Clase Mecánica básica y Conducta Vial', 6, NULL),
(452, 57, '2016-01-20 19:00:00', 'Clase Mecánica básica y Conducta Vial', 6, NULL),
(453, 89, '2016-01-20 19:00:00', 'Clase Mecánica básica y Conducta Vial', 6, NULL),
(454, 90, '2016-01-20 19:00:00', 'Clase Mecánica básica y Conducta Vial', 6, NULL),
(455, 79, '2016-01-20 19:00:00', 'Clase Mecánica básica y Conducta Vial', 6, NULL),
(456, 85, '2016-01-21 19:00:00', 'Clase Mecánica básica y Conducta Vial', 6, NULL),
(457, 95, '2016-01-20 19:00:00', 'Clase Mecánica básica y Conducta Vial', 6, NULL),
(458, 96, '2016-01-20 19:00:00', 'Clase Mecánica básica y Conducta Vial', 6, NULL),
(459, 75, '2016-01-20 19:00:00', 'Clase Mecánica básica y Conducta Vial', 6, NULL),
(460, 76, '2016-01-20 19:00:00', 'Clase Mecánica básica y Conducta Vial', 6, NULL),
(461, 88, '2016-01-20 19:00:00', 'Clase Mecánica básica y Conducta Vial', 6, NULL),
(462, 97, '2016-01-20 19:00:00', 'Clase Mecánica básica y Conducta Vial', 6, NULL),
(463, 71, '2016-01-20 20:00:00', '4ta practica\r\n3 marchas y redución de velocidad.', 6, NULL),
(464, 70, '2016-01-20 19:00:00', '1ra practica\r\nVolante y Comandos.', 6, NULL),
(465, 70, '2016-01-11 19:00:00', 'Señalización y Legislación Vial', 6, NULL),
(466, 70, '2016-01-15 19:00:00', 'Repaso de Clases', 6, NULL),
(467, 29, '2016-01-21 09:00:00', '7ma practica\r\nEstacionamiento y Pendiente', 6, NULL),
(468, 87, '2016-01-20 19:00:00', 'Mecánica básica y Conducta Vial', 6, NULL),
(469, 55, '2016-01-21 10:00:00', '6ta practica\r\nTráfico alto y velocidad.', 6, NULL),
(470, 48, '2016-01-21 11:00:00', '10ma practica\r\nEvaluación práctica', 6, NULL),
(471, 39, '2016-01-21 13:00:00', '4ta practica\r\n4 marchas, tráfico medio.', 6, NULL),
(472, 50, '2016-01-21 19:00:00', '4ta practica\r\nVolante y Reducción', 6, NULL),
(473, 51, '2016-01-15 19:00:00', '1ra practica\r\nVolante y salida.', 6, NULL),
(474, 51, '2016-01-18 19:00:00', '2da practica\r\nSalida y 3 marchas.', 6, NULL),
(475, 41, '2016-01-21 20:00:00', '4ta practica\r\n3 marchas y volante', 6, NULL),
(476, 58, '2016-01-21 18:00:00', '10ma practica\r\nPrimera Evaluación', 6, NULL),
(477, 59, '2016-01-21 16:00:00', '6ta practica\r\nTráfico alto, distancia y velocidad.', 6, NULL),
(478, 59, '2016-01-22 09:00:00', '7ma practica\r\nTráfico alto flujo, estacionamiento.', 6, NULL),
(479, 63, '2016-01-22 09:00:00', '8va practica\r\n5 marchas, reducción, alto flujo.', 6, NULL),
(480, 82, '2016-01-22 10:00:00', '2da practica\r\nCirculación alto flujo (alumno avanzado)', 6, NULL),
(481, 62, '2016-01-22 16:00:00', '2da practica\r\nCruces, salidas y virajes.', 6, NULL),
(482, 39, '2016-01-22 15:00:00', '5ta practica\r\n5 marchas, alto trafico', 6, NULL),
(483, 54, '2016-01-21 12:00:00', '6ta practica \r\nAusente', 6, NULL),
(484, 54, '2016-01-22 11:00:00', '7ma practica\r\nTráfico alto, adelantar, velocidad.', 6, NULL),
(485, 68, '2016-01-22 10:00:00', '7ma practica\r\nUso reiterado de pedales.', 6, NULL),
(486, 41, '2016-01-22 12:00:00', '5ta practica\r\n3 marchas, reducción, frenos.', 6, NULL),
(487, 41, '2016-01-22 17:00:00', '6ta marcha\r\nTráfico alto, cruces, adelantar, 4 marchas.', 6, NULL),
(488, 81, '2016-01-22 16:00:00', '2da practica\r\nVolante, pedales, 3 marchas.', 6, NULL),
(489, 64, '2016-01-22 11:00:00', '6ta practica\r\nCirculación, alto flujo.', 6, NULL),
(490, 64, '2016-01-22 18:00:00', '7ma practica\r\nCirculación, alto flujo, estacionamiento.', 6, NULL),
(491, 78, '2016-01-22 13:00:00', '5ta practica\r\nCirculación con alto flujo.', 6, NULL),
(492, 78, '2016-01-22 13:00:00', '6ta practica\r\nEstacionamiento (reforzar)', 6, NULL),
(493, 58, '2016-01-22 16:00:00', '11ava y 12ma practica\r\nCalera de Tango. TERMINO DE CLASES PRACTICAS', 6, NULL),
(494, 71, '2016-01-22 20:00:00', '5ta practica\r\nVolante y sincronización', 6, NULL),
(495, 80, '2016-01-22 20:00:00', '2da practica\r\nVolante, 3 marchas y cruces.', 6, NULL),
(496, 61, '2016-01-20 20:00:00', '1ra practica\r\nVolante, salida y marcha.', 6, NULL),
(497, 61, '2016-01-21 20:00:00', '2da practica\r\nSalida, frenado y 3 marchas.', 6, NULL),
(498, 61, '2016-01-23 09:00:00', '3ra practica\r\nTráfico medio, cruce regulado.', 6, NULL),
(499, 97, '2016-01-22 19:00:00', 'Repaso de Clases, Ricardo Cornejo.', 6, NULL),
(500, 88, '2016-01-22 19:00:00', 'Repaso de Clases, Ricardo Cornejo.', 6, NULL),
(501, 41, '2016-01-22 19:00:00', 'Repaso de Clases, Ricardo Cornejo.', 6, NULL),
(502, 60, '2016-01-22 19:00:00', 'Repaso de Clases, Ricardo Cornejo.', 6, NULL),
(503, 85, '2016-01-22 19:00:00', 'Repaso de Clases, Ricardo Cornejo.', 6, NULL),
(504, 40, '2016-01-22 19:00:00', 'Repaso de Clases, Ricardo Cornejo.', 6, NULL),
(505, 57, '2016-01-22 19:00:00', 'Repaso de Clases, Ricardo Cornejo.', 6, NULL),
(506, 95, '2016-01-22 19:00:00', 'Repaso de Clases, Ricardo Cornejo.', 6, NULL),
(507, 79, '2016-01-22 19:00:00', 'Repaso de Clases, Ricardo Cornejo.', 6, NULL),
(508, 86, '2016-01-22 19:00:00', 'Repaso de clases, Ricardo Cornejo.', 6, NULL),
(509, 96, '2016-01-22 19:00:00', 'Repaso de clases, Ricardo Cornejo.', 6, NULL),
(510, 72, '2016-01-20 19:00:00', '7ma pendiente\r\nPendiente y estacionamiento.', 6, NULL),
(511, 72, '2016-01-22 19:00:00', '9na practica\r\nTráfico alto, distancia velocidad.', 6, NULL),
(512, 30, '2016-01-23 10:00:00', '8va practica\r\nTráfico alto, velocidad, distancia.', 6, NULL),
(513, 41, '2016-01-23 12:00:00', '7ma practica\r\nEstacionamiento y Pendiente.', 6, NULL),
(514, 83, '2016-01-20 14:00:00', '3ra practica\r\n2 marchas y embrague.', 6, NULL),
(515, 83, '2016-01-23 09:00:00', '4ta practica\r\nVolante y pedales', 6, NULL),
(516, 59, '2016-01-25 09:00:00', '8va practica\r\nPendiente y estacionamiento.', 6, NULL),
(517, 56, '2016-01-25 10:00:00', '10ma practica 11ava practica\r\nMunicipalidad Calera de Tango', 6, NULL),
(518, 47, '2016-01-24 12:00:00', '4ta practica\r\nVolante, viaraje, protocolo.', 6, NULL),
(519, 76, '2016-01-25 15:00:00', '1ra practica\r\nVolante, virajes, 1 y 2 marcha.', 6, NULL),
(520, 41, '2016-01-25 14:00:00', '8va practica\r\nCamino melipilla, mayor flujo, 5 marchas.', 6, NULL),
(521, 41, '2016-01-25 15:00:00', '9na practica\r\nCruce regulado, derecho preferente.', 6, NULL),
(522, 83, '2016-01-25 12:00:00', '5ta practica\r\nTrafico medio, cruces, 3 marchas.', 6, NULL),
(523, 62, '2016-01-23 13:00:00', '3ra practica\r\nDistancia, control de velocidad.', 6, NULL),
(524, 62, '2016-01-25 17:00:00', '4ta practica\r\nMarcha atrás, salida, cruces.', 6, NULL),
(525, 80, '2016-01-25 17:00:00', '3ra practica\r\n2 marchas, virajes, intermitentes.', 6, NULL),
(526, 51, '2016-01-21 19:00:00', '3ra practica\r\n2 marchas', 6, NULL),
(527, 51, '2016-01-25 19:00:00', '4ta practica\r\n3 marchas, virajes, cruces.', 6, NULL),
(528, 38, '2016-01-25 16:00:00', '11ava practica\r\nMunicipalidad Calera de Tango', 6, NULL),
(529, 74, '2016-01-22 17:00:00', '5ta \r\nVolante y  pedales (reforzar embrague)', 6, NULL),
(530, 74, '2016-01-25 17:00:00', '6ta practica\r\nVolante y pedales (reforzar embrague)', 6, NULL),
(531, 64, '2016-01-25 18:00:00', '8va practica\r\nPendiente y estacionamiento.', 6, NULL),
(532, 78, '2016-01-25 13:00:00', '7ma practica\r\nCirculación, alto flujo.', 6, NULL),
(533, 78, '2016-01-25 14:00:00', '8va practica\r\nReforzar cambios altos (estacionar)', 6, NULL),
(534, 82, '2016-01-25 18:00:00', '3ra practica\r\nCirculación alto flujo.', 6, NULL),
(535, 61, '2016-01-23 20:00:00', '4ta practica\r\nTrafico medio, cruce y marcha atrás.', 6, NULL),
(536, 87, '2016-01-25 19:00:00', 'Clase Legislación Vial y Señalización Vial, Ricardo Cornejo.', 6, NULL),
(537, 102, '2016-01-25 19:00:00', 'Clase Legislación Vial y Señalización Vial, Ricardo Cornejo.', 6, NULL),
(538, 91, '2016-01-25 19:00:00', 'Clase Legislación Vial y Señalización Vial, Ricardo Cornejo.', 6, NULL),
(539, 92, '2016-01-25 19:00:00', 'Clase Legislación Vial y Señalización Vial, Ricardo Cornejo.', 6, NULL),
(540, 41, '2016-01-25 19:00:00', 'Clase Legislación Vial y Señalización Vial, Ricardo Cornejo.', 6, NULL),
(541, 95, '2016-01-25 19:00:00', 'Clase Legislación Vial y Señalización Vial, Ricardo Cornejo.', 6, NULL),
(542, 103, '2016-01-25 19:00:00', 'Clase Legislación Vial y Señalización Vial, Ricardo Cornejo.', 6, NULL),
(543, 101, '2016-01-25 19:00:00', 'Clase Legislación Vial y Señalización Vial, Ricardo Cornejo.', 6, NULL),
(544, 26, '2016-01-25 19:00:00', 'Clase Legislación Vial y Señalización Vial, Ricardo Cornejo.', 6, NULL),
(545, 86, '2016-01-25 19:00:00', 'Clase Legislación Vial y Señalización Vial, Ricardo Cornejo.', 6, NULL),
(546, 98, '2016-01-25 19:00:00', 'Clase Legislación Vial y Señalización Vial, Ricardo Cornejo.', 6, NULL),
(547, 96, '2016-01-25 19:00:00', 'Clase Legislación Vial y Señalización Vial, Ricardo Cornejo.', 6, NULL),
(548, 93, '2016-01-25 19:00:00', 'Clase Legislación Vial y Señalización Vial, Ricardo Cornejo.', 6, NULL);
INSERT INTO `clases` (`id`, `usuario_id`, `fecha_clases`, `observacion`, `instructor_id`, `observación_instructor`) VALUES
(549, 88, '2016-01-25 19:00:00', 'Clase Legislación Vial y Señalización Vial, Ricardo Cornejo.', 6, NULL),
(550, 104, '2016-01-25 19:00:00', 'Clase Legislación Vial y Señalización Vial, Ricardo Cornejo.', 6, NULL),
(551, 90, '2016-01-15 19:00:00', 'Repaso de Clases', 6, NULL),
(552, 90, '2016-01-26 09:00:00', '1ra practica\r\nVolante, Protocolo.', 6, NULL),
(553, 59, '2016-01-26 09:00:00', '9na practica y 10ma evaluación\r\nTráfico alto evaluación.', 6, NULL),
(554, 55, '2016-01-25 10:00:00', '7ma practica\r\nEstacionamiento de punta y cola.', 6, NULL),
(555, 41, '2016-01-26 11:00:00', '9na practica\r\nEnsayo sincronización, estacionar.', 6, NULL),
(556, 41, '2016-01-26 11:00:00', '10ma practica\r\nEnsayo sincronización, estacionar.', 6, NULL),
(557, 66, '2016-01-26 12:00:00', '2da practica\r\nVolante, salida, cruce y viraje.', 6, NULL),
(558, 75, '2016-01-26 14:00:00', '1ra practica\r\nProtocolo, volante, intermitente.', 6, NULL),
(559, 29, '2016-01-26 15:00:00', '8va practica\r\nTránsito doble vía y 3 marchas.', 6, NULL),
(560, 60, '2016-01-26 16:00:00', '4ta practica\r\n3 marchas, sincronización y volante.', 6, NULL),
(561, 62, '2016-01-26 16:00:00', '5ta practica\r\nSalida y frenado.', 6, NULL),
(562, 81, '2016-01-26 11:00:00', '3ra practica\r\n4 marchas, retroceso.', 6, NULL),
(563, 80, '2016-01-26 17:00:00', '4ta practica\r\n4 marchas, cruces, virajes.', 6, NULL),
(564, 82, '2016-01-26 18:00:00', '4ta practica\r\nTráfico medio.', 6, NULL),
(565, 79, '2016-01-26 17:00:00', '1ra practica\r\nVolante, protocolo, seguridad.', 6, NULL),
(566, 64, '2016-01-26 18:00:00', '9na practica\r\nMayor flujo, reducción.', 6, NULL),
(567, 50, '2016-01-26 19:00:00', '5ta practica\r\nMayor flujo y reducciones.', 6, NULL),
(568, 86, '2016-01-26 19:00:00', '1ra practica\r\nVolante, viraje, 2 marchas.', 6, NULL),
(569, 70, '2016-01-26 20:00:00', '2da practica\r\nVolante, repaso general.', 6, NULL),
(570, 45, '2016-01-27 12:00:00', '8va practica\r\nAusente, pierde clase.', 6, NULL),
(571, 41, '2016-01-27 09:00:00', '11ava y 12ava Practica\r\nMunicipalidad Calera de Tango', 6, NULL),
(572, 47, '2016-01-27 13:00:00', '5ta practica\r\n3 marchas, cruces, virajes.', 6, NULL),
(573, 76, '2016-01-27 12:00:00', '2da practica\r\n3 marchas, cruces, viraje.', 6, NULL),
(574, 62, '2016-01-27 16:00:00', '6ta practica\r\nTráfico y cruces regulados.', 6, NULL),
(575, 79, '2016-01-27 17:00:00', '2da practica\r\n2 marchas, volante, freno.', 6, NULL),
(576, 63, '2016-01-27 18:00:00', '9na practica\r\nAlto flujo, derecho preferente.', 6, NULL),
(577, 74, '2016-01-27 17:00:00', '7ma practica\r\nCirculación alto flujo.', 6, NULL),
(578, 38, '2016-01-27 16:00:00', '12ava practica\r\nCircuito Municipal. TERMINO DE CLASES.', 6, NULL),
(579, 26, '2016-01-27 15:00:00', 'Clase Adicional:\r\nCircuito Municipal.', 6, NULL),
(580, 26, '2016-01-23 10:00:00', '11ava y 12ava practica\r\nTránsito.', 6, NULL),
(581, 26, '2016-01-27 16:30:00', 'TERMINO DE CLASES PRACTICAS', 6, NULL),
(582, 78, '2016-01-26 12:00:00', '9na practica\r\nCirculación con mayor flujo', 6, NULL),
(583, 78, '2016-01-26 13:00:00', '10ma practica\r\nEvaluación Municipal.', 6, NULL),
(584, 78, '2016-01-27 12:00:00', '11ava y 12ava Practica\r\nCircuito Municipal', 6, NULL),
(585, 78, '2016-01-27 18:00:00', 'TERMINO DE CLASES PRACTICAS', 6, NULL),
(586, 30, '2016-01-27 11:00:00', '9na practica\r\nEstacionamiento y tráfico.', 6, NULL),
(587, 55, '2016-01-27 10:00:00', '8va practica\r\nEstacionamiento y alto flujo.', 6, NULL),
(588, 90, '2016-01-27 09:00:00', '2da practica\r\nCirculación Volante, 2 marchas.', 6, NULL),
(589, 64, '2016-01-27 18:00:00', '10ma practica\r\nExamen Municipal.', 6, NULL),
(590, 71, '2016-01-27 20:00:00', '6ta practica\r\n3 marchas y reducción', 6, NULL),
(591, 104, '2016-01-27 19:00:00', 'Clase de Mecánica básica y conducta vial, Ricardo Cornejo.', 6, NULL),
(592, 101, '2016-01-27 19:00:00', 'Clase de Mecánica básica y conducta vial, Ricardo Cornejo.', 6, NULL),
(593, 93, '2016-01-27 19:00:00', 'Clase de Mecánica básica y conducta vial, Ricardo Cornejo.', 6, NULL),
(594, 102, '2016-01-27 19:00:00', 'Clase de Mecánica básica y conducta vial, Ricardo Cornejo.', 6, NULL),
(595, 91, '2016-01-27 19:00:00', 'Clase de Mecánica básica y conducta vial, Ricardo Cornejo.', 6, NULL),
(596, 92, '2016-01-27 19:00:00', 'Clase de Mecánica básica y conducta vial, Ricardo Cornejo.', 6, NULL),
(597, 41, '2016-01-27 19:00:00', 'Clase de Mecánica básica y conducta vial, Ricardo Cornejo.', 6, NULL),
(598, 41, '2016-01-27 11:00:00', 'TERMINA CLASES PRACTICAS', 6, NULL),
(599, 76, '2016-01-28 09:00:00', '3ra practica\r\n3 marchas, retroceso y tráfico.', 6, NULL),
(600, 90, '2016-01-28 09:00:00', '3ra practica\r\nEnsayo de sincronización, embrague y freno.', 6, NULL),
(601, 82, '2016-01-27 18:00:00', '5ta practica\r\nTráfico alto.', 6, NULL),
(602, 86, '2016-01-28 10:00:00', '2da practico\r\n3 marchas.', 6, NULL),
(603, 64, '2016-01-28 10:00:00', '11va practica\r\nEnsayo de estacionamiento.', 6, NULL),
(604, 66, '2016-01-28 11:00:00', '3ra practica\r\nTráfico medio, cruces, virajes.', 6, NULL),
(605, 30, '2016-01-28 11:00:00', '10ma practica\r\nEvaluación repaso.', 6, NULL),
(606, 45, '2016-01-28 12:00:00', '9na practica\r\nCirculación con mayor flujo.', 6, NULL),
(607, 47, '2016-01-28 12:00:00', '6ta practica\r\n3 marchas, tráfico medio, cruces.', 6, NULL),
(608, 83, '2016-01-26 13:00:00', '6ta practica\r\nCirculación mayor flujo y reducción.', 6, NULL),
(609, 75, '2016-01-28 14:00:00', '2da practica\r\n2 marchas, acelerador y embrague.', 6, NULL),
(610, 39, '2016-01-25 16:00:00', '6ta practica\r\nAlto flujo, reversa.', 6, NULL),
(611, 39, '2016-01-28 15:00:00', '7ma practica\r\nEstacionamiento punta y cola.', 6, NULL),
(612, 60, '2016-01-28 16:00:00', '5ta practica\r\nDoble vía, reducciones y 5ta marcha.', 6, NULL),
(613, 29, '2016-01-28 17:00:00', '9na practica\r\nTráfico alto, señales.', 6, NULL),
(614, 62, '2016-01-28 16:00:00', '7ma practica\r\nTráfico alto y distancia.', 6, NULL),
(615, 80, '2016-01-27 17:00:00', '5ta practica\r\nFlujo medio, cruces.', 6, NULL),
(616, 80, '2016-01-28 17:00:00', '6ta practica\r\nSalida, frenado, viraje, repaso.', 6, NULL),
(617, 64, '2016-01-28 18:00:00', '12ava practica\r\nRuta Calera de Tango. TERMINO DE CLASES PRACTICAS', 6, NULL),
(618, 50, '2016-01-28 19:00:00', '6ta practica\r\nMayor flujo, reducciones.', 6, NULL),
(619, 50, '2016-01-28 19:00:00', '7ma practica\r\nEstacionamiento de punta y cola.', 6, NULL),
(620, 86, '2016-01-28 19:00:00', '3ra practica\r\n3 marchas, reducción y viraje.', 6, NULL),
(621, 30, '2016-01-28 09:00:00', '11va practica\r\nEvaluación repaso.', 6, NULL),
(622, 66, '2016-01-29 10:00:00', '4ta practica\r\nSalida, reducción de marcha y viraje.', 6, NULL),
(623, 63, '2016-01-29 11:00:00', '10ma practica\r\nEvaluación Municipal', 6, NULL),
(624, 45, '2016-01-29 12:00:00', '10ma practica\r\nEvaluación Municipal.', 6, NULL),
(625, 47, '2016-01-29 13:00:00', '7ma practica\r\nTráfico medio y cruce regulado.', 6, NULL),
(626, 62, '2016-01-29 16:00:00', '8va practica\r\nPendiente y estacionamiento.', 6, NULL),
(627, 39, '2016-01-29 16:00:00', '8va practica\r\nDoble vía, 5ta marcha, señales.', 6, NULL),
(628, 79, '2016-01-29 17:00:00', '3ra practica\r\n3 marchas, sincronización.', 6, NULL),
(629, 80, '2016-01-29 17:00:00', '7ma practica\r\nTráfico alto, distancia', 6, NULL),
(630, 80, '2016-01-29 18:00:00', '8va practica\r\nTráfico alto, control y velocidad.', 6, NULL),
(631, 82, '2016-01-29 18:00:00', '6ta practica\r\nTráfico alto', 6, NULL),
(632, 90, '2016-01-29 09:00:00', '4ta practica\r\nVolante y pedales.', 6, NULL),
(633, 60, '2016-01-29 10:00:00', '6ta practica\r\nCirculación alto flujo y 5ta marcha.', 6, NULL),
(634, 77, '2016-01-14 20:00:00', '3ra practica\r\nSalidas, cruces y 3 marchas.', 6, NULL),
(635, 77, '2016-01-14 20:00:00', '4ta practica\r\n3 marchas, frenado y salida.', 6, NULL),
(636, 77, '2016-01-21 20:00:00', '5ta practica\r\nPedales y volante.', 6, NULL),
(637, 77, '2016-01-27 20:00:00', '6ta practica\r\nTráfico medio y 3 marchas.', 6, NULL),
(638, 77, '2016-01-29 11:00:00', '7ma practica\r\nReforzar pedales.', 6, NULL),
(639, 55, '2016-01-29 12:00:00', '9na practica\r\nEstacionamiento, lateral y cola.', 6, NULL),
(640, 74, '2016-01-29 14:00:00', '8va y 9na practica\r\nCirculación alto flujo.', 6, NULL),
(641, 81, '2016-01-29 16:00:00', '4ta practica\r\nAlto flujo', 6, NULL),
(642, 81, '2016-01-29 16:00:00', '5ta practica\r\nEstacionamiento y marcha atrás.', 6, NULL),
(643, 50, '2016-01-29 19:00:00', '8va practica\r\nRetroceso, señales, cruces y pendiente.', 6, NULL),
(644, 89, '2016-01-29 19:00:00', '2da practica\r\nVolante, virajes, 2 marchas.', 6, NULL),
(645, 71, '2016-01-29 20:00:00', '7ma practica\r\n3 marchas, reducción y sincronización', 6, NULL),
(646, 91, '2016-01-29 19:00:00', 'Repaso de clases, Ricardo Cornejo.', 6, NULL),
(647, 92, '2016-01-29 19:00:00', 'Repaso de clases, Ricardo Cornejo.', 6, NULL),
(648, 98, '2016-01-29 19:00:00', 'Repaso de clases, Ricardo Cornejo.', 6, NULL),
(649, 102, '2016-01-29 19:00:00', 'Repaso de clases, Ricardo Cornejo.', 6, NULL),
(650, 93, '2016-01-29 19:00:00', 'Repaso de clases, Ricardo Cornejo.', 6, NULL),
(651, 84, '2016-01-29 19:00:00', 'Repaso de clases, Ricardo Cornejo.', 6, NULL),
(652, 101, '2016-01-29 19:00:00', 'Repaso de clases, Ricardo Cornejo.', 6, NULL),
(653, 87, '2016-01-29 19:00:00', 'Repaso de clases, Ricardo Cornejo.', 6, NULL),
(654, 61, '2016-01-30 09:00:00', '7ma practica\r\nPendiente y estacionamiento.', 6, NULL),
(655, 30, '2016-01-30 10:00:00', '12ava practica\r\nMnicipalidad Calera de Tango. TERMINO DE CLASES PRACTICAS.', 6, NULL),
(656, 51, '2016-01-30 11:00:00', '5ta practica\r\nTráfico medio, cruces regulados.', 6, NULL),
(657, 62, '2016-01-30 12:00:00', '9na practica\r\nTráfico alto velocidad y distancia.', 6, NULL),
(658, 76, '2016-01-30 13:00:00', '4ta practica\r\n4 marchas', 6, NULL),
(659, 75, '2016-01-30 13:00:00', '3ra practica\r\n3 marchas, acelerador y freno.', 6, NULL),
(660, 93, '2016-02-01 10:00:00', '1ra practica\r\nVolante y Virajes', 6, NULL),
(661, 83, '2016-02-28 13:00:00', '7ma practica', 6, NULL),
(662, 83, '2016-02-01 18:00:00', '8va practica\r\nAusente, pierde clase.', 6, NULL),
(663, 83, '2016-02-01 12:00:00', '9na practica\r\nFlujo y alto cruces.', 6, NULL),
(664, 87, '2016-02-01 14:00:00', '1ra practica\r\nVolante, viraje y 2 marchas.', 6, NULL),
(665, 91, '2016-02-01 15:00:00', '1ra practica\r\nVolante y viraje.', 6, NULL),
(666, 92, '2016-02-01 17:00:00', '1ra practica\r\nVolante y giros', 6, NULL),
(667, 54, '2016-02-01 16:00:00', '8va practica\r\nTráfico alto', 6, NULL),
(668, 62, '2016-02-01 19:00:00', '10ma practica\r\nExámen Municipal', 6, NULL),
(669, 89, '2016-02-27 19:00:00', '1ra practica\r\nVolante y salidas', 6, NULL),
(670, 89, '2016-02-01 19:00:00', '3ra practica\r\nViraje, cruces y 3 marchas.', 6, NULL),
(671, 45, '2016-02-01 13:00:00', '11ava practica\r\nRuta Calera de Tango', 6, NULL),
(672, 61, '2016-02-28 20:00:00', '5ta practica\r\nTráfico medio, distancia y cruces.', 6, NULL),
(673, 61, '2016-02-29 20:00:00', '6ta practica\r\nTráfico alto velocidad', 6, NULL),
(674, 61, '2016-02-01 20:00:00', '8va practica\r\nTráfico alto velocidad y distancia.', 6, NULL),
(675, 90, '2016-02-01 09:00:00', '5ta practica\r\nAusente, pierde clase.', 6, NULL),
(676, 90, '2016-02-02 09:00:00', '6ta practica\r\n3 marchas, control volante.', 6, NULL),
(677, 47, '2016-02-02 09:00:00', '8va practica\r\nFlujo alto velocidad.', 6, NULL),
(678, 66, '2016-02-02 11:00:00', '5ta practica\r\nTráfico medio y distancia.', 6, NULL),
(679, 107, '2016-02-01 19:00:00', 'Clase de Señalización y Legislación Vial, Ricardo Cornejo.', 6, NULL),
(680, 106, '2016-02-01 19:00:00', 'Clase de Señalización y Legislación Vial, Ricardo Cornejo.', 6, NULL),
(681, 117, '2016-02-01 19:00:00', 'Clase de Señalización y Legislación Vial, Ricardo Cornejo.', 6, NULL),
(682, 114, '2016-02-01 19:00:00', 'Clase de Señalización y Legislación Vial, Ricardo Cornejo.', 6, NULL),
(683, 111, '2016-02-01 19:00:00', 'Clase de Señalización y Legislación Vial, Ricardo Cornejo.', 6, NULL),
(684, 113, '2016-02-01 19:00:00', 'Clase de Señalización y Legislación Vial, Ricardo Cornejo.', 6, NULL),
(685, 108, '2016-02-01 19:00:00', 'Clase de Señalización y Legislación Vial, Ricardo Cornejo.', 6, NULL),
(686, 99, '2016-02-01 19:00:00', 'Clase de Señalización y Legislación Vial, Ricardo Cornejo.', 6, NULL),
(687, 100, '2016-02-01 19:00:00', 'Clase de Señalización y Legislación Vial, Ricardo Cornejo.', 6, NULL),
(688, 110, '2016-02-01 19:00:00', 'Clase de Señalización y Legislación Vial, Ricardo Cornejo.', 6, NULL),
(689, 105, '2016-02-01 19:00:00', 'Clase de Señalización y Legislación Vial, Ricardo Cornejo.', 6, NULL),
(690, 55, '2016-02-02 14:00:00', '10ma practica\r\nEvaluación municipal.', 6, NULL),
(691, 55, '2016-02-02 15:00:00', '11ava practica\r\nTráfico alto', 6, NULL),
(692, 83, '2016-02-02 12:00:00', '10ma practica\r\nEvaluación Municipal', 6, NULL),
(693, 54, '2016-02-02 16:00:00', '9na practica\r\nAusente, pierde clase', 6, NULL),
(694, 91, '2016-02-02 13:00:00', '2da practica\r\nVolante, virajes, 2 marchas.', 6, NULL),
(695, 92, '2016-02-02 17:00:00', '2da practica\r\nVolante y Virajes.', 6, NULL),
(696, 26, '2016-02-02 16:00:00', 'Clase Adicional:\r\nCircuito Municipal', 6, NULL),
(697, 84, '2016-02-02 17:00:00', '1ra practica\r\nVolante y protocolo.', 6, NULL),
(698, 59, '2016-02-02 18:00:00', '11ava practica\r\nRuta Calera de Tango', 6, NULL),
(699, 86, '2016-02-02 19:00:00', '4ta practica\r\n3 marchas, viraje y cruces.', 6, NULL),
(700, 70, '2016-01-28 20:00:00', '3ra practica\r\n2 marchas, acelerador y embrague.', 6, NULL),
(701, 70, '2016-02-02 20:00:00', '4ta practica\r\n3 marchas.', 6, NULL),
(702, 76, '2016-02-03 08:00:00', '5ta practica\r\nTráfico medio', 6, NULL),
(703, 100, '2016-02-03 09:00:00', '1ra practica\r\nProtocolo, volante y embrague.', 6, NULL),
(704, 51, '2016-02-03 11:00:00', '6ta practica\r\nTráfico medio, cruces y distancia.', 6, NULL),
(705, 47, '2016-02-03 09:00:00', '9na practica\r\nFlujo alto y distancia.', 6, NULL),
(706, 84, '2016-02-03 12:00:00', '2da practica\r\nVolante y Comando', 6, NULL),
(707, 93, '2016-02-03 12:00:00', '2da practica\r\nVolante, viraje y 1 marcha.', 6, NULL),
(708, 91, '2016-02-03 13:00:00', '3ra practica\r\n3 marchas y virajes.', 6, NULL),
(709, 54, '2016-02-03 16:00:00', '10ma practica\r\nEvaluación exámen', 6, NULL),
(710, 97, '2016-02-03 17:00:00', '1ra practica\r\nVolante, viraje y salida.', 6, NULL),
(711, 92, '2016-02-03 18:00:00', '3ra practica\r\nVolante, viraje y 2 marchas.', 6, NULL),
(712, 45, '2016-02-03 18:00:00', '12ava practica\r\nRuta Calera de Tango', 6, NULL),
(713, 45, '2016-02-03 18:00:00', 'TERMINO DE CLASES PRACTICAS', 6, NULL),
(714, 60, '2016-02-03 16:00:00', '7ma practica\r\nCirculación alto flujo.', 6, NULL),
(715, 74, '2016-02-03 17:00:00', '10ma practica\r\nExamen Municipal', 6, NULL),
(716, 70, '2016-02-03 19:00:00', '5ta practica\r\n3 marchas, volante.', 6, NULL),
(717, 116, '2016-02-03 19:00:00', 'Clase de Conducta Vial y Mecánica, Ricardo Cornejo.', 6, NULL),
(718, 106, '2016-02-03 19:00:00', 'Clase de Conducta Vial y Mecánica, Ricardo Cornejo.', 6, NULL),
(719, 117, '2016-02-03 19:00:00', 'Clase de Conducta Vial y Mecánica, Ricardo Cornejo.', 6, NULL),
(720, 111, '2016-02-03 19:00:00', 'Clase de Conducta Vial y Mecánica, Ricardo Cornejo.', 6, NULL),
(721, 115, '2016-02-03 19:00:00', 'Clase de Conducta Vial y Mecánica, Ricardo Cornejo.', 6, NULL),
(722, 99, '2016-02-03 19:00:00', 'Clase de Conducta Vial y Mecánica, Ricardo Cornejo.', 6, NULL),
(723, 114, '2016-02-03 19:00:00', 'Clase de Conducta Vial y Mecánica, Ricardo Cornejo.', 6, NULL),
(724, 108, '2016-02-03 19:00:00', 'Clase de Conducta Vial y Mecánica, Ricardo Cornejo.', 6, NULL),
(725, 113, '2016-02-03 19:00:00', 'Clase de Conducta Vial y Mecánica, Ricardo Cornejo.', 6, NULL),
(726, 98, '2016-02-03 19:00:00', 'Clase de Conducta Vial y Mecánica, Ricardo Cornejo.', 6, NULL),
(727, 100, '2016-02-03 19:00:00', 'Clase de Conducta Vial y Mecánica, Ricardo Cornejo.', 6, NULL),
(728, 110, '2016-02-03 19:00:00', 'Clase de Conducta Vial y Mecánica, Ricardo Cornejo.', 6, NULL),
(729, 105, '2016-02-03 19:00:00', 'Clase de Conducta Vial y Mecánica, Ricardo Cornejo.', 6, NULL),
(730, 76, '2016-02-04 19:00:00', '6ta practica\r\nPendiente', 6, NULL),
(731, 61, '2016-02-03 20:00:00', '9na practica\r\nEvaluación', 6, NULL),
(732, 85, '2016-02-03 19:00:00', '1ra practica\r\nVolante y salida', 6, NULL),
(733, 71, '2016-02-03 19:00:00', '8va practica\r\n4 marchas, reducción y sincronización.', 6, NULL),
(734, 90, '2016-02-04 09:00:00', '7ma practica\r\n3 marchas y control de volante.', 6, NULL),
(735, 75, '2016-02-04 09:00:00', '4ta practica\r\nAusente, pierde', 6, NULL),
(736, 75, '2016-02-04 09:00:00', '5ta practica\r\nTráfico medio', 6, NULL),
(737, 51, '2016-02-04 11:00:00', '7ma practica\r\nPendiente', 6, NULL),
(738, 66, '2016-02-03 10:00:00', '6ta practica\r\nTráfico alto, control, velocidad.', 6, NULL),
(739, 55, '2016-02-04 12:00:00', '12ava practica\r\nMunicipalidad\r\nTERMINO DE CLASES PRACTICAS', 6, NULL),
(740, 60, '2016-02-04 10:00:00', '8va practica\r\nCirculación alto flujo', 6, NULL),
(741, 60, '2016-02-04 12:00:00', '9na practica\r\nCirculación alto flujo', 6, NULL),
(742, 80, '2016-02-04 16:00:00', '9na practica\r\nFlujo alto y señales.', 6, NULL),
(743, 47, '2016-02-04 17:00:00', '10ma practica\r\nAusente, Pierde Clase.', 6, NULL),
(744, 87, '2016-02-04 14:00:00', '2da practica\r\n3 marchas, cruces.', 6, NULL),
(745, 97, '2016-02-04 16:00:00', '2da practica\r\n3 marchas.', 6, NULL),
(746, 63, '2016-02-04 15:00:00', '11ava practica\r\nMunicipalidad', 6, NULL),
(747, 96, '2016-02-04 17:00:00', '1ra practica\r\nVolante, comandos y viraje.', 6, NULL),
(748, 80, '2016-02-04 18:00:00', '10ma practica\r\nEvaluación', 6, NULL),
(749, 50, '2016-02-04 19:00:00', '9na practica\r\nDoble vía, señalización y preevaluación.', 6, NULL),
(750, 61, '2016-02-04 20:00:00', '10ma practica\r\nTráfico alto velocidad.', 6, NULL),
(751, 76, '2016-02-05 08:00:00', '7ma practica\r\nFlujo alto y cruces regulados.', 6, NULL),
(752, 75, '2016-02-05 09:00:00', '6ta practica\r\nTráfico alto y cruces regulados.', 6, NULL),
(753, 100, '2016-02-05 09:00:00', '2da practica\r\nVolante y embrague', 6, NULL),
(754, 90, '2016-02-05 10:00:00', '8va practica\r\nVolante y pedales.', 6, NULL),
(755, 66, '2016-02-05 11:00:00', '7ma practica\r\nPendiente', 6, NULL),
(756, 47, '2016-02-05 10:00:00', '11ava practica\r\nRuta Calera de Tango', 6, NULL),
(757, 77, '2016-02-05 11:00:00', '8va practica\r\nControl Embrague', 6, NULL),
(758, 77, '2016-02-05 12:00:00', '9na practica\r\nVolante y repaso.\r\n', 6, NULL),
(759, 81, '2016-02-05 12:00:00', '6ta practica\r\nFlujo alto, velocidad y control.', 6, NULL),
(760, 63, '2016-02-05 15:00:00', '12ava practica\r\nMunicipalidad', 6, NULL),
(761, 63, '2016-02-05 16:00:00', 'TERMINO DE CLASES PRACTICAS', 6, NULL),
(762, 92, '2016-02-05 17:00:00', '4ta practica\r\n3 marchas y cruces.', 6, NULL),
(763, 39, '2016-02-05 18:00:00', '9na practica\r\nControl, Estabilidad, 5ta marcha y señal.', 6, NULL),
(764, 74, '2016-02-05 17:00:00', '11ava practica\r\nAlto flujo, ruta municipal.', 6, NULL),
(765, 74, '2016-02-05 18:00:00', '12ava practica\r\nEstacionamiento', 6, NULL),
(766, 80, '2016-02-05 19:00:00', '11ava practica\r\nRuta Municipal', 6, NULL),
(767, 74, '2016-02-05 18:00:00', 'TERMINO DE CLASES PRACTICAS', 6, NULL),
(768, 97, '2016-02-05 18:00:00', '3ra practica\r\n3 reducciones y viraje.', 6, NULL),
(769, 50, '2016-02-05 19:00:00', '10ma practica\r\nEvaluación Práctica', 6, NULL),
(770, 86, '2016-02-05 19:00:00', '5ta practica\r\n4 marchas, cruces regulados.', 6, NULL),
(771, 90, '2016-02-06 09:00:00', '9na practica\r\nAusente, pierde clase.', 6, NULL),
(772, 76, '2016-02-06 08:00:00', '8va practica\r\nFlujo alto velocidad y distancia.', 6, NULL),
(773, 71, '2016-02-04 20:00:00', '9na practica\r\nCambios, reducciones y mayor flujo.', 6, NULL),
(774, 71, '2016-02-05 20:00:00', '10ma practica\r\nMayor flujo vehicular y estacionamiento.', 6, NULL),
(775, 86, '2016-02-05 19:00:00', '6ta practica\r\n4 marchas, cruce regulado.', 6, NULL),
(776, 113, '2016-02-05 19:00:00', 'Repaso de Clases, Ricardo Cornejo', 6, NULL),
(777, 100, '2016-02-05 19:00:00', 'Repaso de Clases, Ricardo Cornejo', 6, NULL),
(778, 115, '2016-02-05 19:00:00', 'Repaso de Clases, Ricardo Cornejo', 6, NULL),
(779, 117, '2016-02-05 19:00:00', 'Repaso de Clases, Ricardo Cornejo', 6, NULL),
(780, 114, '2016-02-05 19:00:00', 'Repaso de Clases, Ricardo Cornejo', 6, NULL),
(781, 116, '2016-02-05 19:00:00', 'Repaso de Clases, Ricardo Cornejo', 6, NULL),
(782, 106, '2016-02-05 19:00:00', 'Repaso de Clases, Ricardo Cornejo', 6, NULL),
(783, 111, '2016-02-05 19:00:00', 'Repaso de Clases, Ricardo Cornejo', 6, NULL),
(784, 108, '2016-02-05 19:00:00', 'Repaso de Clases, Ricardo Cornejo', 6, NULL),
(785, 110, '2016-02-05 19:00:00', 'Repaso de Clases, Ricardo Cornejo', 6, NULL),
(786, 99, '2016-02-05 19:00:00', 'Repaso de Clases, Ricardo Cornejo', 6, NULL),
(787, 105, '2016-02-05 19:00:00', 'Repaso de Clases, Ricardo Cornejo', 6, NULL),
(788, 103, '2016-02-05 19:00:00', 'Repaso de Clases, Ricardo Cornejo', 6, NULL),
(789, 47, '2016-02-06 10:00:00', '12ava practica\r\nRuta Municipal', 6, NULL),
(790, 47, '2016-02-06 10:00:00', 'TERMINO DE CLASES PRACTICAS', 6, NULL),
(791, 100, '2016-02-06 10:00:00', '3ra practica\r\nFlujo tránsito', 6, NULL),
(792, 109, '2016-02-06 11:00:00', '1ra practica\r\nVolante, salida y 3 marchas.', 6, NULL),
(793, 90, '2016-02-08 09:00:00', '1ra practica\r\nTráfico alto', 6, NULL),
(794, 81, '2016-02-06 12:00:00', '7ma practica\r\nFlujo alto y distancia.', 6, NULL),
(795, 81, '2016-02-06 13:00:00', '8va practica\r\nFlujo alto y relación de marcha.', 6, NULL),
(796, 81, '2016-02-08 10:00:00', '9na practica\r\nPendiente y estacionamiento.', 6, NULL),
(797, 75, '2016-02-08 09:00:00', '7ma practica\r\nMayor flujo, reducciones y volante.', 6, NULL),
(798, 92, '2016-02-08 11:00:00', '5ta practica\r\n4 marchas y velocidad.', 6, NULL),
(799, 87, '2016-02-08 08:00:00', '3ra practica\r\n4 marchas y flujo alto.', 6, NULL),
(800, 85, '2016-02-05 20:00:00', '2da practica\r\n3 marchas y viraje.', 6, NULL),
(801, 81, '2016-02-08 13:00:00', '10ma practica\r\nExamen', 6, NULL),
(802, 51, '2016-02-08 12:00:00', '8va practica\r\nTráfico alto, cruces regulados.', 6, NULL),
(803, 76, '2016-02-08 14:00:00', '9na practica\r\nFlujo alto, velocidad y distancia.', 6, NULL),
(804, 96, '2016-02-06 11:00:00', '2da practica\r\nVolante y Pedal', 6, NULL),
(805, 96, '2016-02-06 12:00:00', '3ra practica\r\nTránsito y flujo.', 6, NULL),
(806, 96, '2016-02-08 15:00:00', '4ta practica\r\nFlujo medio, 4 marchas.', 6, NULL),
(807, 84, '2016-02-08 16:00:00', '3ra practica\r\n3 marchas', 6, NULL),
(808, 98, '2016-02-08 18:00:00', '1ra practica\r\nVolante, Comante y Seguridad.', 6, NULL),
(809, 98, '2016-02-08 18:00:00', '2da practica\r\n4 marchas', 6, NULL),
(810, 80, '2016-02-08 17:00:00', '12ava practica\r\nRuta Municipal', 6, NULL),
(811, 80, '2016-02-08 18:00:00', 'TERMINO DE CLASES PRACTICAS', 6, NULL),
(812, 86, '2016-02-08 19:00:00', '7ma practica\r\nEstacionamiento y Pendiente', 6, NULL),
(813, 91, '2016-02-05 13:00:00', '4ta practica\r\n4 marchas y cruces.', 6, NULL),
(814, 116, '2016-02-08 19:00:00', 'Clase de Legislación y Señalización Vial, Ricardo Cornejo.', 6, NULL),
(815, 128, '2016-02-08 19:00:00', 'Clase de Legislación y Señalización Vial, Ricardo Cornejo.', 6, NULL),
(816, 39, '2016-02-09 09:00:00', '10ma practica\r\nRuta Calera de Tango, Evaluación', 6, NULL),
(817, 75, '2016-02-09 10:00:00', '8va practica\r\nSincronización, reducción y tránsito.', 6, NULL),
(818, 97, '2016-02-09 12:00:00', '4ta practica\r\n4 marchas y virajes.', 6, NULL),
(819, 92, '2016-02-09 16:00:00', '6ta practica\r\nFlujo medio y cruces.', 6, NULL),
(820, 91, '2016-02-09 16:00:00', '5ta practica\r\n3 marchas, partidas y cambios.', 6, NULL),
(821, 81, '2016-02-09 13:00:00', '11ava y 12ava practica\r\nMunicipalidad.', 6, NULL),
(822, 84, '2016-02-09 13:00:00', '4ta practica\r\n2 marchas, partidas y virajes.', 6, NULL),
(823, 96, '2016-02-09 12:00:00', '5ta practica\r\n4 marchas y virajes.', 6, NULL),
(824, 104, '2016-02-09 11:00:00', '1ra practica\r\nTablero y Comando', 6, NULL),
(825, 88, '2016-02-09 10:00:00', '1ra practica\r\nTablero y Comandos.', 6, NULL),
(826, 103, '2016-02-09 17:00:00', '1ra practica\r\n3 marchas, virajes', 6, NULL),
(827, 59, '2016-02-09 17:00:00', '12ava practica\r\nRuta Calera de Tango', 6, NULL),
(828, 59, '2016-02-09 17:00:00', 'TERMINO DE CLASES PRACTICAS', 6, NULL),
(829, 102, '2016-02-09 18:00:00', '1ra practica\r\nTablero y Comandos', 6, NULL),
(830, 50, '2016-02-09 19:00:00', '11ava practica\r\nCamino Melipilla, lonquén, flujo continuo.', 6, NULL),
(831, 71, '2016-02-09 20:00:00', '11ava practica\r\nFlujo Continuo y evaluación', 6, NULL),
(832, 76, '2016-02-09 14:00:00', '10ma practica\r\nEstacionamiento\r\n', 6, NULL),
(833, 76, '2016-02-10 08:00:00', '11ava practica\r\nRuta Municipal', 6, NULL),
(834, 89, '2016-02-09 20:00:00', '4ta practica\r\nTráfico alto, cruces regulados.', 6, NULL),
(835, 89, '2016-02-09 21:00:00', '5ta practica\r\nTráfico, distancia y conducción nocturna.', 6, NULL),
(836, 65, '2016-01-20 19:00:00', 'Clase Mecánica y Conducta Vial, Ricardo Cornejo', 6, NULL),
(837, 65, '2016-01-22 19:00:00', 'Repaso de Clases', 6, NULL),
(838, 65, '2016-02-08 19:00:00', 'Clase de Señalización y Legislación Vial', 6, NULL),
(839, 65, '2016-02-09 20:00:00', '1ra practica\r\nVolante, salida y 3 marchas.', 6, NULL),
(840, 106, '2016-02-10 09:00:00', '1ra practica\r\nVolante y 3 marchas.', 6, NULL),
(841, 100, '2016-02-10 09:00:00', '4ta practica\r\n2 marchas y virajes.', 6, NULL),
(842, 100, '2016-02-10 10:00:00', '5ta práctica\r\npartida y estacionamiento.\r\n', 6, NULL),
(843, 91, '2016-02-10 11:00:00', '6ta practica\r\n2 marchas y señaletica', 6, NULL),
(844, 92, '2016-02-10 11:00:00', '7ma practica\r\nFlujo alto y distancia.', 6, NULL),
(845, 66, '2016-02-10 10:00:00', '8va practica\r\nFlujo alto, adelantar y cruces.', 6, NULL),
(846, 96, '2016-02-10 12:00:00', '6ta practica\r\n5 marchas, señaletica y tránsito', 6, NULL),
(847, 93, '2016-02-10 12:00:00', '3ra practica\r\n2 marchas.', 6, NULL),
(848, 104, '2016-02-10 13:00:00', '2da practica volante y virajes.\r\n', 24, NULL),
(849, 104, '2016-02-12 13:00:00', '3ra practica\r\ncambios y Virajes transito lento.', 24, NULL),
(850, 62, '2016-02-10 13:00:00', '11ava y 12ava practica\r\nPeñaflor', 6, NULL),
(851, 62, '2016-02-10 13:00:00', 'TERMINO DE CLASES PRACTICAS', 6, NULL),
(852, 103, '2016-02-10 16:00:00', '2da practica\r\n3 marchas, tráfico y señaletica.', 6, NULL),
(853, 128, '2016-02-08 19:00:00', 'Clase de Legislación y Señalización Vial, Ricardo Cornejo.', 6, NULL),
(854, 65, '2016-02-08 19:00:00', 'Clase de Legislación y Señalización Vial, Ricardo Cornejo.', 6, NULL),
(855, 121, '2016-02-08 19:00:00', 'Clase de Legislación y Señalización Vial, Ricardo Cornejo.', 6, NULL),
(856, 125, '2016-02-08 19:00:00', 'Clase de Legislación y Señalización Vial, Ricardo Cornejo.', 6, NULL),
(857, 118, '2016-02-08 19:00:00', 'Clase de Legislación y Señalización Vial, Ricardo Cornejo.', 6, NULL),
(858, 123, '2016-02-08 19:00:00', 'Clase de Legislación y Señalización Vial, Ricardo Cornejo.', 6, NULL),
(859, 122, '2016-02-08 19:00:00', 'Clase de Legislación y Señalización Vial, Ricardo Cornejo.', 6, NULL),
(860, 119, '2016-02-08 19:00:00', 'Clase de Legislación y Señalización Vial, Ricardo Cornejo.', 6, NULL),
(861, 120, '2016-02-08 19:00:00', 'Clase de Legislación y Señalización Vial, Ricardo Cornejo.', 6, NULL),
(862, 124, '2016-02-08 19:00:00', 'Clase de Legislación y Señalización Vial, Ricardo Cornejo.', 6, NULL),
(863, 57, '2016-02-10 17:00:00', '1ra practica\r\nTablero y Comandos', 6, NULL),
(864, 105, '2016-02-10 17:00:00', '1ra practica\r\nVolante y Virajes', 6, NULL),
(865, 126, '2016-02-08 19:00:00', 'Clase de Legislación y Señalización Vial, Ricardo Cornejo.', 6, NULL),
(866, 97, '2016-02-10 16:00:00', '5ta practica\r\nFlujo Medio.', 6, NULL),
(867, 99, '2016-02-09 19:00:00', '1ra practica\r\nTablero y Volante', 6, NULL),
(868, 99, '2016-02-10 18:00:00', '2da practica\r\nVolante y Virajes', 6, NULL),
(869, 70, '2016-02-08 20:00:00', '6ta practica\r\n4 marchas, flujo medio.', 6, NULL),
(870, 70, '2016-02-09 19:00:00', '7ma practica\r\n2 marchas, partidas y virajes.', 6, NULL),
(871, 70, '2016-02-10 20:00:00', '8va practica\r\n2 marchas, tráfico y virajes.', 6, NULL),
(872, 120, '2016-02-10 19:00:00', 'Clase de Mecánica básica y Conducta Vial, Ricardo Cornejo.', 6, NULL),
(873, 118, '2016-02-10 19:00:00', 'Clase de Mecánica básica y Conducta Vial, Ricardo Cornejo.', 6, NULL),
(874, 121, '2016-02-10 19:00:00', 'Clase de Mecánica básica y Conducta Vial, Ricardo Cornejo.', 6, NULL),
(875, 128, '2016-02-10 19:00:00', 'Clase de Mecánica básica y Conducta Vial, Ricardo Cornejo.', 6, NULL),
(876, 128, '2016-02-10 19:00:00', 'Clase de Mecánica básica y Conducta Vial, Ricardo Cornejo.', 6, NULL),
(877, 125, '2016-02-10 19:00:00', 'Clase de Mecánica básica y Conducta Vial, Ricardo Cornejo.', 6, NULL),
(878, 124, '2016-02-10 19:00:00', 'Clase de Mecánica básica y Conducta Vial, Ricardo Cornejo.', 6, NULL),
(879, 122, '2016-02-10 19:00:00', 'Clase de Mecánica básica y Conducta Vial, Ricardo Cornejo.', 6, NULL),
(880, 123, '2016-02-10 19:00:00', 'Clase de Mecánica básica y Conducta Vial, Ricardo Cornejo.', 6, NULL),
(881, 126, '2016-02-10 19:00:00', 'Clase de Mecánica básica y Conducta Vial, Ricardo Cornejo.', 6, NULL),
(882, 133, '2016-02-10 19:00:00', 'Clase de Mecánica básica y Conducta Vial, Ricardo Cornejo.', 6, NULL),
(883, 90, '2016-02-09 09:00:00', '11ava practica\r\nAusente, pierde clase.', 6, NULL),
(884, 90, '2016-02-11 09:00:00', '12ava practica\r\n2 marchas, virajes y tráfico.', 6, NULL),
(885, 76, '2016-02-11 08:00:00', '12ava practica\r\nCalera de Tango', 6, NULL),
(886, 76, '2016-02-11 09:00:00', 'TERMINO DE CLASES PRACTICAS', 6, NULL),
(887, 87, '2016-02-11 09:00:00', '4ta practica\r\n4 marchas y cruces.', 6, NULL),
(888, 77, '2016-02-11 11:00:00', '10ma practica\r\nAusente, pierde clase.', 6, NULL),
(889, 106, '2016-02-11 12:00:00', '2da practica\r\n4 marchas y viraje.', 6, NULL),
(890, 101, '2016-02-11 10:55:00', 'Primera practica\r\nVolante y viraje\r\n', 6, NULL),
(891, 88, '2016-02-11 10:05:00', 'Practica 2\r\nVolante y viraje.trafico', 6, NULL),
(892, 84, '2016-02-10 16:00:00', '5ta practica\r\n2 marchas, partida y tráfico.', 6, NULL),
(893, 66, '2016-02-11 14:00:00', '9na practica\r\nDistancia y Velocidad.', 6, NULL),
(894, 97, '2016-02-04 16:00:00', '6ta practica\r\nFlujo medio y virajes.', 6, NULL),
(895, 105, '2016-02-11 11:05:00', '2da practica\r\nCruces, virajes y 3 marchas.', 6, NULL),
(896, 102, '2016-02-10 20:00:00', '2da practica\r\nVolante, 3 marchas.', 6, NULL),
(897, 102, '2016-02-11 17:00:00', '3ra practica\r\n4 marchas y virajes.', 6, NULL),
(898, 99, '2016-02-11 18:00:00', '3ra. Practica \r\nCambios y volantes.', 6, NULL),
(899, 93, '2016-02-11 18:00:00', '4ta practica\r\n3 marchas', 6, NULL),
(900, 75, '2016-02-11 18:00:00', '9na practica\r\nRuta Municipal, control de velocidad.', 6, NULL),
(901, 75, '2016-02-11 19:00:00', '10ma practica\r\nRuta Municipal, reducciones.', 6, NULL),
(902, 86, '2016-02-11 19:00:00', '8va practica\r\nFlujo Alto Velocidad.', 6, NULL),
(903, 96, '2016-02-11 12:00:00', '7ma practica\r\n4 marchas, partida y tráfico.', 6, NULL),
(904, 39, '2016-02-11 20:00:00', '11ava practica\r\nEl copihue, mayor flujo, evaluación', 6, NULL),
(905, 65, '2016-02-11 20:00:00', '2da practica\r\n3 marchas y viraje.', 6, NULL),
(906, 101, '2016-02-12 10:00:00', '2da practica\r\nAusente, pierde clase.', 6, NULL),
(907, 100, '2016-02-12 09:00:00', '6ta practica\r\n3 marchas, virajes y tráfico.', 6, NULL),
(908, 83, '2016-02-11 13:00:00', '11ava practica\r\nCalera de Tango', 6, NULL),
(909, 83, '2016-02-12 10:00:00', '12ava practica\r\nEstacionamiento y pendiente.', 6, NULL),
(910, 105, '2016-02-12 11:00:00', '3ra practica\r\n4 marchas, viraje, cruces.', 6, NULL),
(911, 106, '2016-02-12 11:00:00', '3ra practica\r\n4 marchas, tráfico y señaletica.', 6, NULL),
(912, 51, '2016-02-12 12:00:00', '9na practica\r\nTráfico alto, velocidad y cruces.', 6, NULL),
(913, 96, '2016-02-12 12:00:00', '8va practica\r\n3 marchas, tráfico y señaletica.', 6, NULL),
(914, 104, '2016-02-13 12:00:00', '4ta. practica\r\ncambios, virajes, señaletica y transito medio,', 24, NULL),
(915, 66, '2016-02-10 14:00:00', '10ma practica\r\nExamen', 6, NULL),
(916, 48, '2016-02-12 13:00:00', '11ava practica\r\nTráfico alto y repaso.', 6, NULL),
(917, 91, '2016-02-12 16:00:00', '7ma practica\r\n2 marchas, partidas y tráfico.', 6, NULL),
(918, 92, '2016-02-12 16:00:00', '8va practica\r\nPendiente y Estacionamiento', 6, NULL),
(919, 57, '2016-02-12 17:00:00', '2da practica\r\nVolante y Virajes', 6, NULL),
(920, 99, '2016-02-12 18:00:00', '4ta practica\r\nVolante y virajes.', 6, NULL),
(921, 98, '2016-02-09 18:00:00', '3ra practica\r\n4 marchas, virajes, frenos.', 6, NULL),
(922, 98, '2016-02-12 17:00:00', '4ta practica\r\nSalida y Frenado.', 6, NULL),
(923, 98, '2016-02-12 18:00:00', '5ta practica\r\nFlujo medio y cruces.', 6, NULL),
(924, 75, '2016-02-12 18:00:00', '11ava practica\r\nRuta Municipal y evaluación', 6, NULL),
(925, 75, '2016-02-12 18:00:00', '12ava practica\r\nRuta Municipal y evaluación.', 6, NULL),
(926, 75, '2016-02-12 18:00:00', 'TERMINO DE CLASES PRACTICAS', 6, NULL),
(927, 70, '2016-02-12 20:00:00', '9na practica\r\n2 marchas, virajes y tráfico.', 6, NULL),
(928, 85, '2016-02-11 20:00:00', '3ra practica\r\nAusente, pierde clase.', 6, NULL),
(929, 89, '2016-02-11 20:00:00', '6ta practica\r\nTráfico medio, curvas y virajes.', 6, NULL),
(930, 89, '2016-02-12 20:00:00', '7ma practica\r\nTráfico y Velocidad.', 6, NULL),
(931, 96, '2016-02-13 09:00:00', '9na practica\r\nEstacionamiento y pendiente', 6, NULL),
(932, 128, '2016-02-12 19:00:00', 'Repaso de Clases, Ricardo Cornejo.', 6, NULL),
(933, 137, '2016-02-08 19:00:00', 'Clase de Legislación y Señalización Vial, Ricardo Cornejo.', 6, NULL),
(934, 137, '2016-02-10 19:00:00', 'Clase Mecánica básica y Conducta Vial', 6, NULL),
(935, 137, '2016-02-12 19:00:00', 'Repaso de Clases, Ricardo Cornejo.', 6, NULL),
(936, 121, '2016-02-12 19:00:00', 'Repaso de Clases, Ricardo Cornejo.', 6, NULL),
(937, 133, '2016-02-12 19:00:00', 'Repaso de Clases, Ricardo Cornejo.', 6, NULL),
(938, 129, '2016-02-12 19:00:00', 'Repaso de Clases, Ricardo Cornejo.', 6, NULL),
(939, 123, '2016-02-12 19:00:00', 'Repaso de Clases, Ricardo Cornejo.', 6, NULL),
(940, 122, '2016-02-12 19:00:00', 'Repaso de Clases, Ricardo Cornejo.', 6, NULL),
(941, 125, '2016-02-12 19:00:00', 'Repaso de Clases, Ricardo Cornejo.', 6, NULL),
(942, 126, '2016-02-12 19:00:00', 'Repaso de Clases, Ricardo Cornejo.', 6, NULL),
(943, 124, '2016-02-12 19:00:00', 'Repaso de Clases, Ricardo Cornejo.', 6, NULL),
(944, 118, '2016-02-12 19:00:00', 'Repaso de Clases, Ricardo Cornejo.', 6, NULL),
(945, 88, '2016-02-13 10:00:00', 'Repaso de Clases, Ricardo Cornejo.', 6, NULL),
(946, 88, '2016-02-13 10:00:00', '3ra practica\r\nCambios, viraje y tráfico.', 6, NULL),
(947, 127, '2016-02-13 11:00:00', '1ra practica\r\nTablero, Comandos.', 6, NULL),
(948, 104, '2016-02-22 13:00:00', '5ta practica\r\nCambios, virajes y transito medio.', 24, NULL),
(949, 132, '2016-02-15 08:00:00', 'Primera Practica\r\nVolante salida', 6, NULL),
(950, 108, '2016-02-11 17:00:00', '1ra practica\r\nTablero, Volante, tráfico.', 6, NULL),
(951, 108, '2016-02-13 13:00:00', '2da practica\r\nVolante, virajes y tráfico.', 6, NULL),
(952, 108, '2016-02-15 09:00:00', '3ra practica\r\nCambios y virajes', 6, NULL),
(953, 95, '2016-02-15 10:00:00', '1ra. Practica\r\nTablero, comando, volante', 6, NULL),
(954, 95, '2016-02-15 10:00:00', '4a.Practica \r\n4 Marcha, velocidad y virajes\r\n', 6, NULL),
(955, 106, '2016-02-15 10:00:00', '4a. practica\r\n4 marchas- velocidades- virajes', 6, NULL),
(956, 92, '2016-02-15 11:00:00', 'Velocidad y señalizacion', 6, NULL),
(957, 92, '2016-02-15 11:00:00', '9 practica\r\nVelocidad y señalizacion', 6, NULL),
(958, 96, '2016-02-15 12:00:00', '10 Practica\r\nSeñaletica-Preferencia de paso', 6, NULL),
(959, 128, '2016-02-15 14:00:00', '1ra practica\r\nVolante, salidas y 2 marchas.', 6, NULL),
(960, 57, '2016-02-16 16:00:00', '3ra practica\r\nCambios, bencina.', 6, NULL),
(961, 105, '2016-02-15 16:00:00', '4ta practica\r\nTráfico medio.', 6, NULL),
(962, 115, '2016-02-15 17:00:00', '1ra practica\r\nTablero, comando y volante.', 6, NULL),
(963, 110, '2016-02-16 08:00:00', '1ra practica\r\nTablero, comando y volante.', 6, NULL),
(964, 89, '2016-02-15 20:00:00', '8va practica\r\nPendiente', 6, NULL),
(965, 114, '2016-02-15 13:00:00', '1ra practica\r\nTablero, Comando y volante.', 6, NULL),
(966, 117, '2016-02-15 19:00:00', '1ra practica\r\nVolante', 6, NULL),
(967, 60, '2016-02-06 13:00:00', '10ma practica\r\nEstacionamiento', 6, NULL),
(968, 60, '2016-02-16 08:00:00', '11ava practica\r\nEvaluación', 6, NULL),
(969, 60, '2016-02-16 09:00:00', '12ava practica\r\nRuta Municipal', 6, NULL),
(970, 60, '2016-02-16 10:00:00', 'TERMINO DE CLASES PRACTICAS', 6, NULL),
(971, 71, '2016-02-15 20:00:00', '12ava practica\r\nAusente', 6, NULL),
(972, 108, '2016-02-16 10:00:00', '4ta practica\r\nVolante, salida y 2 marchas.', 6, NULL),
(973, 96, '2016-02-09 08:00:00', '11ava y 12ava practica\r\nCalera de Tango', 6, NULL),
(974, 96, '2016-02-16 08:00:00', 'TERMINO DE CLASES PRACTICAS', 6, NULL),
(975, 101, '2016-02-16 11:00:00', '3ra practica\r\nCambios y Volantes', 6, NULL),
(976, 87, '2016-02-12 08:00:00', '5ta practica\r\nAusente, pierde clase.', 6, NULL),
(977, 87, '2016-02-15 09:00:00', '6ta practica\r\nAusente, pierde clase.', 6, NULL),
(978, 87, '2016-02-16 10:00:00', '7ma practica\r\nAusente, pierde clase.', 6, NULL),
(979, 39, '2016-02-16 11:00:00', '12ava practica\r\nRuta Municipal', 6, NULL),
(980, 39, '2016-02-16 12:00:00', 'TERMINO DE CLASES PRACTICAS', 6, NULL),
(981, 121, '2016-02-16 12:00:00', '1ra practica\r\nTablero, comando y volante.', 24, NULL),
(982, 136, '2016-02-15 19:00:00', 'Clase de Legislación Vial y Señalización Vial', 6, NULL),
(983, 140, '2016-02-16 19:00:00', 'Clase de Legislación Vial y Señalización Vial', 6, NULL),
(984, 142, '2016-02-15 19:00:00', 'Clase de Legislación Vial y Señalización Vial', 6, NULL),
(985, 143, '2016-02-15 19:00:00', 'Clase de Legislación Vial y Señalización Vial', 6, NULL),
(986, 129, '2016-02-15 19:00:00', 'Clase de Legislación Vial y Señalización Vial', 6, NULL),
(987, 138, '2016-02-15 19:00:00', 'Clase de Legislación Vial y Señalización Vial', 6, NULL),
(988, 115, '2016-02-15 19:00:00', 'Clase de Legislación Vial y Señalización Vial', 6, NULL),
(989, 123, '2016-02-15 19:00:00', 'Clase de Legislación Vial y Señalización Vial', 6, NULL),
(990, 130, '2016-02-15 19:00:00', 'Clase de Legislación Vial y Señalización Vial', 6, NULL),
(991, 134, '2016-02-15 19:00:00', 'Clase de Legislación Vial y Señalización Vial', 6, NULL),
(992, 135, '2016-02-15 19:00:00', 'Clase de Legislación Vial y Señalización Vial', 6, NULL),
(993, 105, '2016-02-16 13:00:00', '3 marchas, tráfico y virajes', 6, NULL),
(994, 92, '2016-02-16 16:00:00', '10ma practica\r\nEvaluación', 6, NULL),
(995, 102, '2016-02-16 14:00:00', '4ta practica\r\n4 marchas, control, velocidad.', 6, NULL),
(996, 106, '2016-02-16 17:00:00', '5ta practica\r\nControl de Velocidad.', 6, NULL),
(997, 46, '2016-02-16 13:00:00', '8va practica\r\nTráfico alto y velocidad.', 6, NULL),
(998, 137, '2016-02-16 12:00:00', '1ra practica\r\nPanel, Volante y salida.', 6, NULL),
(999, 99, '2016-02-15 18:00:00', '5ta practica\r\nCambios, virajes y tráfico.', 6, NULL),
(1000, 99, '2016-02-16 18:00:00', '6ta practica\r\nCambios, virajes y tráfico.', 6, NULL),
(1001, 132, '2016-02-17 08:00:00', '2da practica\r\nVirajes, salidas y cruces.', 6, NULL),
(1002, 116, '2016-02-16 20:00:00', '1ra practica\r\nTablero y Comando', 6, NULL),
(1003, 103, '2016-02-11 13:00:00', '3ra practica\r\n3 marchas, partida y tráfico.', 6, NULL),
(1004, 110, '2016-02-17 08:00:00', '2da practica\r\nVolante y Virajes', 6, NULL),
(1005, 95, '2016-02-17 09:00:00', '2da practica\r\nVolante, salida y frenado.', 6, NULL),
(1006, 95, '2016-02-17 10:00:00', '3ra practica\r\nCruces, giros y velocidad.', 6, NULL),
(1007, 100, '2016-02-13 09:00:00', '7ma practica\r\nAusente, pierde Clase', 6, NULL),
(1008, 100, '2016-02-16 09:00:00', '8va practica\r\nComandos, pedales.', 6, NULL),
(1009, 100, '2016-02-16 10:00:00', '9na practica\r\nComandos y Partidas.', 6, NULL),
(1010, 100, '2016-02-17 10:00:00', '10ma práctica\r\nEvaluación', 6, NULL),
(1011, 128, '2016-02-17 11:00:00', '2da practica\r\nCruces, virajes y 4 marchas.', 6, NULL),
(1012, 91, '2016-02-15 16:00:00', '8va practica\r\n2 marchas y tráfico.', 6, NULL),
(1013, 91, '2016-02-16 16:00:00', '9na practica\r\n2 marchas y tráfico.', 6, NULL),
(1014, 91, '2016-02-17 10:00:00', '10ma y 11ava practica\r\n2 marchas y tráfico.\r\n', 6, NULL),
(1015, 92, '2016-02-17 11:00:00', '11ava practica\r\nRuta Calera de Tango', 6, NULL),
(1016, 46, '2016-02-16 13:00:00', '9na practica\r\nControl de Velocidad, tráfico.', 6, NULL),
(1017, 114, '2016-02-17 13:00:00', '2da practica\r\nVirajes, virajes y tráficos.', 6, NULL),
(1018, 105, '2016-02-17 16:00:00', '6ta practica\r\n4 marchas, cruces y virajes.', 6, NULL),
(1019, 106, '2016-02-17 17:00:00', '6ta practica\r\nEstacionamiento y pendiente.', 6, NULL),
(1020, 82, '2016-02-17 17:00:00', '7ma practica\r\nAusente, pierde Clase.', 6, NULL),
(1021, 57, '2016-02-17 16:00:00', '4ta practica\r\nCambios y Virajes.', 6, NULL),
(1022, 99, '2016-02-17 18:00:00', '7ma practica\r\n2 marchas, partidas y tráfico.', 6, NULL),
(1023, 98, '2016-02-15 18:00:00', '6ta practica\r\n4 marchas,  control y velocidad.', 6, NULL),
(1024, 98, '2016-02-17 18:00:00', '7ma practica\r\nVirajes y Frenado.', 6, NULL),
(1025, 85, '2016-02-15 20:00:00', '4ta practica\r\nCambios, Volantes y tráfico.', 6, NULL),
(1026, 85, '2016-02-15 20:00:00', '5ta practica\r\nVirajes, partida.', 6, NULL),
(1027, 85, '2016-02-17 19:00:00', '6ta practica\r\n2 marchas, partidas y tráfico.', 6, NULL),
(1028, 111, '2016-02-11 19:00:00', '1ra practica\r\nTablero y volante', 6, NULL),
(1029, 111, '2016-02-16 20:00:00', '2da practica\r\nVolante, salidas y frenado.', 6, NULL),
(1030, 111, '2016-02-17 19:00:00', '3ra practica\r\nViraje, salida y Frenado.', 6, NULL),
(1031, 70, '2016-02-15 19:00:00', '10ma practica\r\nEvaluación.', 6, NULL),
(1032, 70, '2016-02-16 19:00:00', '11ava practica\r\nReevaluación', 6, NULL),
(1033, 70, '2016-02-17 20:00:00', '12ava practica\r\nAusente, pierde clase', 6, NULL),
(1034, 102, '2016-02-17 20:00:00', '5ta practica\r\n3 marchas, partida y tráfico.', 6, NULL),
(1035, 138, '2016-02-17 19:00:00', 'Clase de Mecánica y Conducta Vial', 6, NULL),
(1036, 131, '2016-02-17 19:00:00', 'Clase de mecánica básica y conducta Vial', 6, NULL),
(1037, 130, '2016-02-17 19:00:00', 'Clase de mecánica básica y conducta Vial', 6, NULL),
(1038, 143, '2016-02-17 19:00:00', 'Clase de mecánica básica y conducta Vial', 6, NULL),
(1039, 142, '2016-02-17 19:00:00', 'Clase de mecánica básica y conducta Vial', 6, NULL),
(1040, 119, '2016-02-17 19:00:00', 'Clase de mecánica básica y conducta Vial', 6, NULL),
(1041, 140, '2016-02-17 19:00:00', 'Clase de mecánica básica y conducta Vial', 6, NULL),
(1042, 134, '2016-02-17 19:00:00', 'Clase de mecánica básica y conducta Vial', 6, NULL),
(1043, 136, '2016-02-17 19:00:00', 'Clase de mecánica básica y conducta Vial', 6, NULL),
(1044, 135, '2016-02-17 19:00:00', 'Clase de mecánica básica y conducta Vial', 6, NULL),
(1045, 146, '2016-02-17 19:00:00', 'Clase de mecánica básica y conducta Vial', 6, NULL),
(1046, 129, '2016-02-17 19:00:00', 'Clase de mecánica básica y conducta Vial', 6, NULL),
(1047, 95, '2016-02-18 08:00:00', '4ta practica\r\nVirajes continuos y viraje en U', 6, NULL),
(1048, 100, '2016-02-18 08:00:00', '11ava practica\r\nCircuito Calera de Tango', 6, NULL),
(1049, 100, '2016-02-18 09:00:00', '12ava practica\r\nPartidas y virajes. \r\nTERMINO DE CLASES PRACTICAS', 6, NULL),
(1050, 65, '2016-02-12 20:00:00', '3ra practica\r\n4 marchas y virajes.', 6, NULL),
(1051, 65, '2016-02-15 20:00:00', '4ta practica\r\n4 marchas, reducciones.', 6, NULL),
(1052, 65, '2016-02-17 20:00:00', '5ta practica\r\nTráfico medio, control de velocidad.', 6, NULL),
(1053, 125, '2016-02-18 09:00:00', '1ra practica\r\nVolante y salida', 6, NULL),
(1054, 125, '2016-02-18 10:00:00', '2da practica\r\nVirajes continuos, 3 marchas.', 6, NULL),
(1055, 57, '2016-02-18 16:00:00', '5ta practica\r\nCambios, virajes y tráfico.', 6, NULL),
(1056, 82, '2016-02-17 17:00:00', '8va practica\r\nAusente, pierde clase.', 6, NULL),
(1057, 121, '2016-02-18 11:00:00', '2da practica\r\nVolante y virajes.', 24, NULL),
(1058, 88, '2016-02-18 12:00:00', '4ta practica\r\nCambios, virajes y tráfico.', 6, NULL),
(1059, 137, '2016-02-18 11:00:00', '2da practica\r\nViraje, salidas y 3 marchas.', 6, NULL),
(1060, 89, '2016-02-17 20:00:00', '9na practica\r\nFlujo alto continuo, velocidad.', 6, NULL),
(1061, 86, '2016-02-12 19:00:00', '9na practica\r\nControl de Velocidad, distancia.', 6, NULL),
(1062, 86, '2016-02-16 18:00:00', '10ma y 11ava practica\r\nPeñaflor', 6, NULL),
(1063, 86, '2016-02-18 14:00:00', '12ava practica\r\nEvaluación', 6, NULL),
(1064, 86, '2016-02-18 14:00:00', 'TERMINO DE CLASES PRACTICAS', 6, NULL),
(1065, 101, '2016-02-18 13:00:00', '4ta practica\r\nSalidas y 3 marchas\r\n', 6, NULL),
(1066, 108, '2016-02-18 16:00:00', '5ta practica\r\nCambios, virajes, tráfico.', 6, NULL),
(1067, 106, '2016-02-18 16:00:00', '7ma practica\r\nControl de Velocidad', 6, NULL),
(1068, 98, '2016-02-18 18:00:00', '8va practica\r\nAusente, pierde claae.', 6, NULL),
(1069, 115, '2016-02-18 17:00:00', '2da. Practica\r\nVolante- viraje-trafico', 6, NULL),
(1070, 117, '2016-02-18 19:00:00', 'Viraje- volante', 6, NULL),
(1071, 121, '2016-02-19 09:15:00', '3ra practica\r\nCambios, volante, transito lento.', 24, NULL),
(1072, 89, '2016-02-18 20:00:00', '10ma practica\r\nEvaluación', 6, NULL),
(1073, 99, '2016-02-18 18:00:00', '8va practica\r\n2 marchas, partida.', 6, NULL),
(1074, 125, '2016-02-19 09:00:00', '3ra practica\r\nVirajes y 4 marchas.', 6, NULL),
(1075, 125, '2016-02-19 10:00:00', '4ta practica\r\nCruces, regulados y velocidad.', 6, NULL),
(1076, 101, '2016-02-19 11:00:00', '5ta practica\r\nCruces regulados, 4 marchas.', 6, NULL),
(1077, 51, '2016-02-18 08:00:00', '10ma practica\r\nEvaluación', 6, NULL),
(1078, 51, '2016-02-19 08:00:00', '11ava practica\r\n3 marchas, virajes, tráfico.', 6, NULL),
(1079, 132, '2016-02-18 08:00:00', '3ra practica\r\nVirajes continuos', 6, NULL),
(1080, 95, '2016-02-19 13:00:00', '5ta practica\r\nTráfico medio y cruces.', 6, NULL),
(1081, 128, '2016-02-19 12:00:00', '3ra practica\r\nVirajes continuos, cruces y 3 marchas.', 6, NULL),
(1082, 113, '2016-02-18 19:00:00', 'Tablero, comando y tráfico.', 6, NULL),
(1083, 113, '2016-02-19 11:00:00', '2da practica\r\nVolante y cambios', 6, NULL),
(1084, 113, '2016-02-19 12:00:00', '3ra practica\r\nCambios, virajes y tráfico.', 6, NULL),
(1085, 114, '2016-02-19 13:00:00', '3ra practica\r\nAusente, pierde clase.', 6, NULL),
(1086, 137, '2016-02-19 17:00:00', '3ra practica\r\nSalida y Frenado', 6, NULL),
(1087, 66, '2016-02-19 17:00:00', '11ava practica\r\nC. Tango', 6, NULL),
(1088, 82, '2016-02-19 17:00:00', '9na practica\r\n4 marchas, tráfico medio.', 6, NULL),
(1089, 108, '2016-02-19 18:00:00', '6ta practica\r\n2 marchas, partidas y virajes.', 6, NULL),
(1090, 100, '2016-02-19 18:00:00', 'Clase Adicional\r\nPara ocupar auto, para dar examen municipal.', 6, NULL),
(1091, 85, '2016-02-19 19:00:00', '7ma practica\r\n2 marchas, partidas y tráfico.', 6, NULL),
(1092, 138, '2016-02-19 19:00:00', 'Repaso de clases', 6, NULL),
(1093, 131, '2016-02-19 19:00:00', 'Repaso de clases', 6, NULL),
(1094, 154, '2016-02-19 19:00:00', 'Repaso de clases', 6, NULL),
(1095, 143, '2016-02-19 19:00:00', 'Repaso de clases', 6, NULL),
(1096, 146, '2016-02-19 19:00:00', 'Repaso de clases', 6, NULL),
(1097, 134, '2016-02-19 19:00:00', 'Repaso de clases', 6, NULL),
(1098, 140, '2016-02-19 19:00:00', 'Repaso de Claes', 6, NULL),
(1099, 136, '2016-02-19 19:00:00', 'Repaso de clases', 6, NULL),
(1100, 142, '2016-02-19 19:00:00', 'Repaso de clases', 6, NULL),
(1101, 135, '2016-02-19 19:00:00', 'Repaso de Clases', 6, NULL),
(1102, 130, '2016-02-19 19:00:00', 'Repaso de clases', 6, NULL),
(1103, 121, '2016-02-20 09:00:00', '4ta practica\r\nCambios, Volante, señaletica.', 24, NULL),
(1104, 95, '2016-02-20 08:00:00', 'Conduccion Preventiva', 6, NULL),
(1105, 113, '2016-02-20 10:00:00', '4ta. practica.\r\nAusente- Pierde clase', 6, NULL),
(1106, 125, '2016-02-20 09:00:00', '5ta y 6ta  practica\r\nFlujo alto y pendiente', 6, NULL),
(1107, 106, '2016-02-20 11:00:00', '8va practica\r\nConducción y preventivo.', 6, NULL),
(1108, 127, '2016-02-20 11:00:00', '2da practica\r\nComando y virajes.', 6, NULL),
(1109, 116, '2016-02-18 19:00:00', '2da practica\r\nVolante, viraje y tráfico.', 6, NULL),
(1110, 116, '2016-02-20 13:00:00', '3ra practica\r\nVolante, bencina.', 6, NULL),
(1111, 82, '2016-02-20 12:00:00', '10ma y 11ava practica\r\nEstacionamiento y señalización.', 6, NULL),
(1112, 109, '2016-02-20 12:00:00', '2da y 3ra practica\r\nViraje continuo, 4 marchas y cruces.', 6, NULL),
(1113, 108, '2016-02-22 11:00:00', '7a clase practica\r\n1a- 2a-3a-  partida y transito lento', 6, NULL),
(1114, 88, '2016-02-22 10:00:00', '5a. practica\r\n1a.- 2da. virajes y partida', 6, NULL),
(1115, 91, '2016-02-20 10:00:00', '12. Clase Practica\r\n1a.- 3a.- Transito Medio', 6, NULL),
(1116, 87, '2016-02-22 12:00:00', '8a. Clase Ausente\r\n', 6, NULL),
(1117, 46, '2016-02-19 13:10:00', '10a clase practica.\r\nEvaluacion', 6, NULL),
(1118, 46, '2016-02-19 13:00:00', '11a. Clase Practica\r\nMunicipalidad de Calera', 6, NULL),
(1119, 46, '2016-02-22 11:00:00', '12a. Clase Practica\r\nTrafico Medio', 6, NULL),
(1120, 132, '2016-02-22 08:00:00', '4a Clase Practica\r\nViraje- Cruces- Intermitente', 6, NULL),
(1121, 106, '2016-02-22 10:30:00', '9a. Clase Practica\r\nFlujo Alto Cruces Regulados', 6, NULL),
(1122, 93, '2016-02-22 12:00:00', '5a. Clase Practica AUSENTE\r\n', 6, NULL);
INSERT INTO `clases` (`id`, `usuario_id`, `fecha_clases`, `observacion`, `instructor_id`, `observación_instructor`) VALUES
(1123, 101, '2016-02-22 12:00:00', 'SEXTA PRACTICA\r\nAUSENTE, PIERDE CLASE', 6, NULL),
(1124, 126, '2016-02-22 18:25:00', 'PRIMERA PRACTICA\r\nVOLANTE, VIRAJES CONTINUOS.', 6, NULL),
(1125, 82, '2016-02-22 20:00:00', '12 PRACTICA\r\nCUATRO MARCHAS Y TRAFICO ALTO', 6, NULL),
(1126, 102, '2016-02-19 20:20:00', 'SEXTA PRACTICA \r\nAUSENTE, PIERDE CLASE', 6, NULL),
(1127, 102, '2016-02-22 20:00:00', 'SEPTIMA PRACTICA , PIERDE CLASE', 6, NULL),
(1128, 115, '2016-02-22 17:00:00', 'CAMBIOS , VIRAJES', 6, NULL),
(1129, 66, '2016-02-22 13:00:00', 'PRACTICA DOCE\r\nAUSENTE', 6, NULL),
(1130, 114, '2016-02-22 16:00:00', 'CUARTA CLASE AUSENTE PIERDE CLASE', 6, NULL),
(1131, 104, '2016-02-24 13:00:00', '6ta practica 1ra y 2da partidas y transito medio.', 24, NULL),
(1132, 111, '2016-02-22 20:00:00', '1 - 2 - 3 MARCHA REDUCCION', 6, NULL),
(1133, 129, '2016-02-23 16:00:00', '1 PRACTICA \r\nVOLANTE 1-2-3-4 MARCHA ', 6, NULL),
(1134, 137, '2016-02-23 13:00:00', '4ta practica \r\n1-2-3-4 viraje cruces frenados\r\n', 6, NULL),
(1157, 121, '2016-02-23 16:45:00', '6ta. practica 1ra y 2da partidas y virajes.', 24, NULL),
(1136, 130, '2016-02-23 14:00:00', '1ra practica\r\nvolante virajes continuos ', 6, NULL),
(1137, 55, '2016-02-23 12:00:00', 'se realiza clase extra', 6, NULL),
(1138, 106, '2016-02-23 10:00:00', '10 practica\r\nevaluacion', 6, NULL),
(1139, 125, '2016-02-23 10:00:00', '10 practica\r\nevaluacion', 6, NULL),
(1140, 92, '2016-02-23 08:05:00', '12 practica\r\nconduccion libre', 6, NULL),
(1141, 128, '2016-02-23 17:00:00', '5 practica\r\ntrafico medio cruze regulado', 6, NULL),
(1142, 95, '2016-02-23 18:00:00', '7 practica \r\ntrafico medio', 6, NULL),
(1143, 95, '2016-02-23 18:00:00', '7 practica\r\ntrafico medio', 6, NULL),
(1144, 65, '2016-02-23 20:00:00', '6a Clase Prtactica\r\nTrafico medio- velocidad- distancia', 6, NULL),
(1145, 111, '2016-02-24 19:00:00', '5ta. Practica\r\n1-2-3-4 Marchas Cruces', 6, NULL),
(1146, 101, '2016-02-24 12:00:00', '7ma. Clase AUSENTE', 6, NULL),
(1147, 101, '2016-02-24 12:00:00', '8va. clase AUSENTE\r\n', 6, NULL),
(1148, 87, '2016-02-24 13:05:00', '9a Clase practica\r\nSalidas- trafico', 6, NULL),
(1149, 93, '2016-02-23 12:00:00', '6a. clase practica\r\nCambios- virages- transito', 6, NULL),
(1150, 93, '2016-02-24 12:00:00', '7a. Clase Practica\r\n1-2-3- Marchas', 6, NULL),
(1151, 126, '2016-02-24 20:00:00', '2da. Clase Practica\r\nVolante- Viraje-Transito', 6, NULL),
(1152, 117, '2016-02-25 15:20:00', 'Se fracturo una pierna.\r\nDebe traer Licencia Medica', 6, NULL),
(1153, 87, '2016-02-26 13:00:00', 'trafico medio control de velocidad', 24, NULL),
(1154, 128, '2016-02-26 14:00:00', 'trafico alto control de velocidad distancia  6ta clase', 24, NULL),
(1156, 121, '2016-02-23 16:00:00', '5ta. practica 1ra. y 2da. transito medio.', 24, NULL),
(1158, 121, '2016-02-25 11:00:00', '7ma practica 1ra, 2da, y 3ra partidas y virajes', 24, NULL),
(1159, 121, '2016-02-26 10:00:00', '8va y 9na practica 1ra, 2da, 3ra, y 4ta. transito alto (camino melipilla y lonquen), partidas y virajes,', 24, NULL),
(1160, 104, '2016-02-26 13:00:00', '7ma practica 1ra y 2da partidas y transito medio.', 24, NULL),
(1161, 65, '2016-02-26 20:00:00', '7a. Clase practica\r\nTrafico- viraje- velocidad', 6, NULL),
(1162, 65, '2016-02-27 21:00:00', '8a. clase practica\r\nTrafico- viraje velocidad ( Instructor Rodrigo )', 6, NULL),
(1163, 137, '2016-02-24 16:00:00', '5a. clase practica\r\nTrafico medio.', 6, NULL),
(1164, 137, '2016-02-24 20:00:00', '6ta. clase practica\r\nTrafico medio- cruce regulado', 14, NULL),
(1165, 139, '2016-02-25 13:00:00', '1a. clase practica\r\nVolante- salida-frenado', 6, NULL),
(1166, 139, '2016-02-26 11:00:00', '2da. clase practica\r\n1-2-3- marcha- cruces', 6, NULL),
(1167, 139, '2016-02-27 10:00:00', '3ra. clase practica\r\n1-2-3 marcha cruces\r\n', 6, NULL),
(1168, 109, '2016-02-20 12:00:00', '3ra. clase practica\r\n1-2-3-4 marchas- cruces', 6, NULL),
(1169, 109, '2016-02-27 11:00:00', '4a. clase practica AUSENTE', 6, NULL),
(1170, 79, '2016-02-26 17:00:00', '4TA. CLASE PRACTICA\r\n1-2-3-4 marchas- cruces- distancia', 6, NULL),
(1171, 79, '2016-02-26 18:00:00', '5ta. clase practica\r\n1-2-3-4- marchas- salidas- freno', 6, NULL),
(1172, 132, '2016-02-22 08:00:00', '4ta. clase\r\nViraje- cruces- intermitente', 6, NULL),
(1173, 132, '2016-02-24 08:00:00', '5ta. clase practica\r\nTrafico medio- distancia', 6, NULL),
(1174, 132, '2016-02-26 08:30:00', '6ta. clase practica\r\nTrafico y mayor velocidad', 6, NULL),
(1175, 119, '2016-02-25 16:00:00', '1a. clase practica\r\nTablero-volante- cambio', 6, NULL),
(1176, 119, '2016-02-26 20:00:00', '2da. clase practica\r\n1-2-3- marcha-cruces-virajes', 6, NULL),
(1177, 111, '2016-02-26 19:00:00', '6ta. clase practica\r\n1-2-3-4- marchas virajes', 6, NULL),
(1178, 124, '2016-02-24 11:00:00', '1a. practica\r\nTablero comenado', 6, NULL),
(1179, 124, '2016-02-24 12:00:00', '2da. practica\r\nVolantes- viraje', 6, NULL),
(1180, 123, '2016-02-23 20:00:00', '1a. Practica\r\nvolante- viraje', 6, NULL),
(1181, 123, '2016-02-23 20:00:00', '1a. Practica\r\nvolante- viraje', 6, NULL),
(1182, 123, '2016-02-25 20:00:00', '2da. Practica\r\nVolante- 1-2-3 ,marcha- cruces', 6, NULL),
(1183, 131, '2016-02-25 11:00:00', '1a. Practica\r\nVolante- salida- frenados', 6, NULL),
(1184, 131, '2016-02-25 11:00:00', '2da. Practica\r\n1-2-3 marchas', 6, NULL),
(1185, 89, '2016-02-24 20:00:00', '11a. clase practica\r\nRepaso', 6, NULL),
(1186, 151, '2016-02-26 19:00:00', '1 clase teorica', 6, NULL),
(1187, 151, '2016-02-24 09:00:00', '1ra. practica\r\nTablero- comando- volante', 6, NULL),
(1188, 151, '2016-02-25 09:00:00', '2da practica\r\nVolante giros continuos', 6, NULL),
(1189, 151, '2016-02-25 09:00:00', '3ra. practica\r\nSalidas- frenados- 1-2-3 marchas', 6, NULL),
(1190, 130, '2016-02-24 14:00:00', '2da. Practica\r\n1-2-3 marcha- frenado- cruces', 6, NULL),
(1191, 130, '2016-02-25 14:00:00', '3a. practica\r\n1-2-3- marchas- cruces transito', 6, NULL),
(1192, 129, '2016-02-25 16:00:00', '2da. Practica  AUSENTE', 6, NULL),
(1193, 129, '2016-02-26 16:00:00', '3ra. practica\r\nTrafico cruces- velocidad-distancia', 6, NULL),
(1194, 75, '2016-02-29 09:00:00', 'primera clase volante salidas frenado', 24, NULL),
(1195, 140, '2016-02-29 09:00:00', 'primera clase volante salidas frenado', 24, NULL),
(1196, 140, '2016-02-29 10:00:00', 'segunda clase 1.2.3 marcha virajes continuos', 24, NULL),
(1197, 146, '2016-02-29 08:00:00', 'Volante-Salida- Virajes', 6, NULL),
(1198, 131, '2016-02-29 12:00:00', 'tercera clase 1.2.3 marcha trafico medio', 24, NULL);

-- --------------------------------------------------------

--
-- Estructura de tabla para la tabla `evaluaciones`
--

CREATE TABLE IF NOT EXISTS `evaluaciones` (
  `id` int(11) NOT NULL AUTO_INCREMENT,
  `usuario_id` int(11) NOT NULL,
  `eva_1` int(11) NOT NULL,
  `eva_2` int(11) NOT NULL,
  `eva_3` int(11) NOT NULL,
  `eva_4` int(11) NOT NULL,
  `eva_5` int(11) NOT NULL,
  `eva_6` int(11) NOT NULL,
  `eva_7` int(11) NOT NULL,
  `eva_8` int(11) NOT NULL,
  `eva_9` int(11) NOT NULL,
  `eva_10` int(11) NOT NULL,
  `eva_11` int(11) NOT NULL,
  `eva_12` int(11) NOT NULL,
  `eva_13` int(11) NOT NULL,
  `eva_14` int(11) NOT NULL,
  `eva_15` int(11) NOT NULL,
  `eva_16` int(11) NOT NULL,
  `eva_17` int(11) NOT NULL,
  `eva_18` int(11) NOT NULL,
  `eva_19` int(11) NOT NULL,
  `eva_20` int(11) NOT NULL,
  PRIMARY KEY (`id`)
) ENGINE=MyISAM  DEFAULT CHARSET=latin1 AUTO_INCREMENT=49 ;

--
-- Volcado de datos para la tabla `evaluaciones`
--

INSERT INTO `evaluaciones` (`id`, `usuario_id`, `eva_1`, `eva_2`, `eva_3`, `eva_4`, `eva_5`, `eva_6`, `eva_7`, `eva_8`, `eva_9`, `eva_10`, `eva_11`, `eva_12`, `eva_13`, `eva_14`, `eva_15`, `eva_16`, `eva_17`, `eva_18`, `eva_19`, `eva_20`) VALUES
(13, 27, 30, 40, 0, 0, 0, 0, 0, 0, 0, 0, 0, 0, 0, 0, 0, 0, 0, 0, 0, 0),
(22, 32, 45, 45, 45, 45, 50, 50, 50, 0, 0, 0, 0, 0, 0, 0, 0, 0, 0, 0, 0, 0),
(16, 32, 50, 50, 50, 50, 55, 55, 55, 55, 55, 20, 55, 55, 0, 0, 0, 0, 0, 0, 0, 0),
(9, 29, 60, 60, 60, 0, 0, 0, 0, 0, 0, 0, 0, 0, 0, 0, 0, 0, 0, 0, 0, 0),
(21, 25, 5, 45, 45, 50, 50, 60, 60, 60, 60, 0, 0, 0, 0, 0, 0, 0, 0, 0, 0, 0),
(11, 26, 40, 40, 40, 0, 0, 0, 0, 0, 0, 0, 0, 0, 0, 0, 0, 0, 0, 0, 0, 0),
(17, 35, 50, 55, 6, 6, 6, 6, 6, 6, 6, 70, 60, 0, 0, 0, 0, 0, 0, 0, 0, 0),
(18, 33, 50, 50, 50, 45, 50, 50, 50, 55, 55, 60, 0, 0, 0, 0, 0, 0, 0, 0, 0, 0),
(23, 38, 45, 45, 45, 50, 50, 50, 50, 50, 50, 50, 50, 50, 0, 0, 0, 0, 0, 0, 0, 0),
(20, 34, 50, 45, 45, 50, 50, 50, 55, 55, 55, 0, 0, 0, 0, 0, 0, 0, 0, 0, 0, 0),
(24, 43, 40, 40, 55, 55, 60, 60, 60, 60, 60, 30, 0, 0, 0, 0, 0, 0, 0, 0, 0, 0),
(25, 46, 45, 50, 55, 55, 55, 60, 60, 60, 60, 60, 60, 60, 0, 0, 0, 0, 0, 0, 0, 0),
(26, 42, 45, 45, 45, 45, 45, 55, 55, 55, 60, 60, 60, 60, 0, 0, 0, 0, 0, 0, 0, 0),
(27, 67, 40, 40, 50, 50, 50, 50, 55, 55, 55, 0, 0, 0, 0, 0, 0, 0, 0, 0, 0, 0),
(28, 48, 50, 45, 45, 45, 45, 50, 50, 50, 50, 50, 50, 0, 0, 0, 0, 0, 0, 0, 0, 0),
(29, 54, 50, 50, 60, 60, 60, 60, 60, 60, 60, 60, 60, 60, 0, 0, 0, 0, 0, 0, 0, 0),
(30, 68, 40, 50, 50, 55, 55, 55, 55, 55, 55, 55, 55, 55, 0, 0, 0, 0, 0, 0, 0, 0),
(31, 77, 40, 40, 40, 40, 30, 0, 0, 0, 0, 0, 0, 0, 0, 0, 0, 0, 0, 0, 0, 0),
(32, 59, 55, 55, 55, 55, 55, 55, 55, 55, 55, 55, 55, 55, 0, 0, 0, 0, 0, 0, 0, 0),
(33, 44, 45, 45, 50, 50, 50, 55, 55, 55, 55, 55, 55, 55, 0, 0, 0, 0, 0, 0, 0, 0),
(34, 45, 45, 45, 45, 55, 55, 55, 55, 55, 55, 55, 55, 55, 0, 0, 0, 0, 0, 0, 0, 0),
(35, 64, 45, 50, 50, 50, 50, 50, 50, 50, 50, 50, 50, 50, 0, 0, 0, 0, 0, 0, 0, 0),
(36, 72, 45, 0, 0, 0, 0, 0, 0, 0, 0, 0, 0, 0, 0, 0, 0, 0, 0, 0, 0, 0),
(37, 58, 40, 45, 45, 40, 45, 50, 50, 50, 50, 50, 50, 50, 0, 0, 0, 0, 0, 0, 0, 0),
(38, 78, 70, 70, 70, 70, 70, 70, 70, 70, 70, 70, 70, 70, 0, 0, 0, 0, 0, 0, 0, 0),
(39, 74, 45, 45, 50, 50, 50, 50, 50, 50, 50, 50, 50, 50, 0, 0, 0, 0, 0, 0, 0, 0),
(40, 83, 45, 45, 50, 50, 50, 50, 50, 50, 50, 50, 50, 50, 0, 0, 0, 0, 0, 0, 0, 0),
(41, 41, 45, 45, 50, 50, 50, 55, 55, 55, 55, 60, 60, 60, 0, 0, 0, 0, 0, 0, 0, 0),
(42, 47, 45, 45, 45, 45, 45, 45, 45, 45, 45, 45, 45, 45, 0, 0, 0, 0, 0, 0, 0, 0),
(43, 30, 50, 50, 50, 45, 45, 55, 60, 60, 60, 60, 60, 60, 0, 0, 0, 0, 0, 0, 0, 0),
(44, 51, 45, 45, 45, 45, 45, 45, 45, 45, 45, 20, 45, 0, 0, 0, 0, 0, 0, 0, 0, 0),
(45, 80, 45, 45, 45, 45, 60, 60, 60, 60, 60, 60, 60, 60, 0, 0, 0, 0, 0, 0, 0, 0),
(46, 82, 60, 60, 60, 60, 60, 60, 60, 60, 60, 60, 60, 60, 0, 0, 0, 0, 0, 0, 0, 0),
(47, 89, 45, 45, 45, 55, 55, 60, 60, 60, 60, 60, 60, 60, 0, 0, 0, 0, 0, 0, 0, 0),
(48, 62, 45, 45, 50, 50, 55, 60, 60, 60, 60, 60, 60, 60, 0, 0, 0, 0, 0, 0, 0, 0);

-- --------------------------------------------------------

--
-- Estructura de tabla para la tabla `examenes`
--

CREATE TABLE IF NOT EXISTS `examenes` (
  `id` int(11) NOT NULL AUTO_INCREMENT,
  `nombre` varchar(255) DEFAULT NULL,
  `updated_at` datetime DEFAULT NULL,
  `created_at` datetime DEFAULT NULL,
  PRIMARY KEY (`id`)
) ENGINE=MyISAM  DEFAULT CHARSET=latin1 AUTO_INCREMENT=14 ;

--
-- Volcado de datos para la tabla `examenes`
--

INSERT INTO `examenes` (`id`, `nombre`, `updated_at`, `created_at`) VALUES
(13, 'examen prueba', '2015-08-03 01:01:30', '2015-08-03 01:01:30');

-- --------------------------------------------------------

--
-- Estructura de tabla para la tabla `examenpreguntas`
--

CREATE TABLE IF NOT EXISTS `examenpreguntas` (
  `id` int(11) NOT NULL AUTO_INCREMENT,
  `id_examen` int(11) DEFAULT NULL,
  `id_pregunta` int(11) DEFAULT NULL,
  `orden` int(11) DEFAULT NULL,
  `updated_at` datetime DEFAULT NULL,
  `created_at` datetime DEFAULT NULL,
  PRIMARY KEY (`id`)
) ENGINE=MyISAM  DEFAULT CHARSET=latin1 AUTO_INCREMENT=147 ;

--
-- Volcado de datos para la tabla `examenpreguntas`
--

INSERT INTO `examenpreguntas` (`id`, `id_examen`, `id_pregunta`, `orden`, `updated_at`, `created_at`) VALUES
(132, 9, 12, 1, '2015-03-20 02:07:53', '2015-03-20 02:07:53'),
(133, 9, 13, 1, '2015-03-20 02:07:54', '2015-03-20 02:07:54'),
(134, 6, 11, 1, '2015-03-20 02:07:58', '2015-03-20 02:07:58'),
(135, 6, 12, 1, '2015-03-20 02:07:58', '2015-03-20 02:07:58'),
(137, 6, 16, 1, '2015-03-20 02:08:07', '2015-03-20 02:08:07'),
(138, 6, 21, 1, '2015-03-20 02:08:10', '2015-03-20 02:08:10'),
(139, 6, 20, 1, '2015-03-20 02:08:11', '2015-03-20 02:08:11'),
(140, 9, 21, 1, '2015-03-20 02:08:19', '2015-03-20 02:08:19'),
(141, 9, 11, 1, '2015-04-26 15:59:13', '2015-04-26 15:59:13'),
(146, 12, 22, 1, '2015-05-01 16:50:49', '2015-05-01 16:50:49');

-- --------------------------------------------------------

--
-- Estructura de tabla para la tabla `examenusuarios`
--

CREATE TABLE IF NOT EXISTS `examenusuarios` (
  `id` int(11) NOT NULL AUTO_INCREMENT,
  `id_examen` int(11) DEFAULT NULL,
  `id_usuario` int(11) DEFAULT NULL,
  `updated_at` datetime DEFAULT NULL,
  `created_at` datetime DEFAULT NULL,
  PRIMARY KEY (`id`)
) ENGINE=MyISAM  DEFAULT CHARSET=latin1 AUTO_INCREMENT=14 ;

--
-- Volcado de datos para la tabla `examenusuarios`
--

INSERT INTO `examenusuarios` (`id`, `id_examen`, `id_usuario`, `updated_at`, `created_at`) VALUES
(4, 6, 2, '2015-03-20 17:05:09', '2015-03-20 17:05:09'),
(5, 10, 2, '2015-03-20 17:05:10', '2015-03-20 17:05:10'),
(7, 10, 4, '2015-03-20 17:05:42', '2015-03-20 17:05:42'),
(8, 9, 4, '2015-03-20 17:05:42', '2015-03-20 17:05:42'),
(9, 6, 4, '2015-03-20 17:05:43', '2015-03-20 17:05:43'),
(13, 12, 3, '2015-05-01 16:52:16', '2015-05-01 16:52:16');

-- --------------------------------------------------------

--
-- Estructura de tabla para la tabla `gastos_acma`
--

CREATE TABLE IF NOT EXISTS `gastos_acma` (
  `id` int(11) NOT NULL AUTO_INCREMENT,
  `fecha` date DEFAULT NULL,
  `fondo` varchar(255) DEFAULT NULL,
  `descripcion` varchar(255) DEFAULT NULL,
  `bol_fact` int(11) DEFAULT NULL,
  `responsable` varchar(155) DEFAULT NULL,
  `autorizador` varchar(155) DEFAULT NULL,
  `foto` varchar(255) DEFAULT NULL,
  `monto` int(11) DEFAULT NULL,
  PRIMARY KEY (`id`)
) ENGINE=MyISAM  DEFAULT CHARSET=latin1 AUTO_INCREMENT=102 ;

--
-- Volcado de datos para la tabla `gastos_acma`
--

INSERT INTO `gastos_acma` (`id`, `fecha`, `fondo`, `descripcion`, `bol_fact`, `responsable`, `autorizador`, `foto`, `monto`) VALUES
(11, '2015-12-24', '0', 'Cable Embrague', 2168568, 'Jorge Barrera', 'Jorge Barrera', NULL, 28700),
(8, '2015-12-15', '0', 'Bencina KIA 2', 0, 'Jorge Barrera', 'Jorge Barrera', NULL, 10000),
(9, '2015-12-15', '0', 'Bnecina KIA 1', 88343271, 'Jorge Barrera', 'Jorge Barrera', NULL, 20000),
(10, '2015-12-23', '0', 'Resma Carta', 19274356, 'Jorge Barrera', 'Jorge Barrera', NULL, 8370),
(12, '2015-12-27', '0', 'Ácido muriático, control remoto y barniz vitrificado piso.', 11181816, 'Jorge Barrera', 'Jorge Barrera', NULL, 29530),
(13, '2015-12-28', '0', 'Bencina CLPB36', 3204180, 'Jorge Barrera', 'Jorge Barrera', NULL, 21000),
(14, '2015-12-16', '0', 'Cuaderno de asistencia clases', 155300, 'José Vasques', 'José Vasques', NULL, 1690),
(15, '2015-12-29', '0', 'PC CORE, LCD, Kit teclado/mousse, disco duro, CCTV externa bullet, subwoofer, tarjeta red wifi', 7152, 'Eduardo Morales', 'Eduardo Morales', NULL, 278399),
(16, '2015-12-29', '0', 'Extractos de Resolución Exenta, Diario Oficial', 15685, 'Eduardo Morales', 'Eduardo Morales', NULL, 13875),
(17, '2015-12-29', '0', 'Revisión Técnica CLPB-36', 338395, 'Eduardo Morales', 'Eduardo Morales', NULL, 12500),
(18, '2015-12-29', '0', 'Caja Portátil ', 11185077, 'Eduardo Morales', 'Eduardo Morales', NULL, 16280),
(19, '2015-12-29', '0', 'Estacionamiento San Diego (Compra de Computadores)', 20386039, 'Eduardo Morales', 'Eduardo Morales', NULL, 1320),
(20, '2015-12-28', '0', 'Estacionamiento Seremi', 108563, 'Eduardo Morales', 'Eduardo Morales', NULL, 1500),
(21, '2015-12-29', '0', 'Ceniceros metálicos', 16675, 'Eduardo Morales', 'Eduardo Morales', NULL, 23681),
(22, '2015-12-29', '0', 'Espejo retrovisor y Little pino', 345060, 'Eduardo Morales', 'Eduardo Morales', NULL, 16970),
(23, '2016-01-05', '0', 'Revisión Técnica CBWD-37', 339618, 'Jorge Barrera', 'Jorge Barrera', NULL, 12500),
(24, '2016-01-06', 'Caja Chica', 'Bencina CLPB36', 3204527, 'Jose Vasquez', 'Jorge Barrera', NULL, 20000),
(25, '2016-01-06', '0', 'Bencina CBWD37', 3204542, 'Jorge Barrera', 'Jorge Barrera', NULL, 20003),
(26, '2016-01-05', 'Caja Chica', 'Copia de Llaves', 0, 'José Vasquez', 'Eduardo Morales', NULL, 3000),
(27, '2015-12-17', 'Caja Chica', 'Monedas para vuelto', 0, 'José Vasquez', 'José Vasquez', NULL, 300),
(28, '2015-12-16', 'Caja Chica', 'Cuaderno Asistencia', 155300, 'Jose Vasquez', 'José Vasquez', NULL, 1690),
(29, '2016-01-07', 'Caja Escuela', 'Chilectra', 143676498, 'Jorge Barrera', 'Jorge Barrera', NULL, 64200),
(30, '2016-01-08', 'Caja Chica', 'Devolución de libro por doble matricula.', 0, 'Nicole Salas', 'Eduardo Morales', NULL, 4000),
(31, '2016-01-08', 'Caja Escuela', 'Juego Patin Kia Morning', 1169303, 'Eduardo Morales', 'Eduardo Morales', NULL, 24164),
(32, '2015-12-30', 'Caja Escuela', 'Estacionamiento', 109252, 'Eduardo Morales', 'Eduardo Morales', NULL, 1500),
(33, '2015-12-30', 'Caja Escuela', 'Chalecos', 0, 'Eduardo Morales', 'Eduardo Morales', NULL, 4800),
(34, '2016-01-08', 'Caja Escuela', 'Combustible Kia', 89687216, 'Jorge Barrera', 'Jorge Barrera', NULL, 20000),
(35, '2016-01-09', 'Caja Escuela', 'Mano de obra de pastillas', 0, 'Eduardo Morales', 'Eduardo Morales', NULL, 15000),
(36, '2016-01-09', 'Caja Escuela', 'Pago de luz', 0, 'Jorge Barrera', 'Jorge Barrera', NULL, 62022),
(37, '2015-12-30', 'Caja Escuela', 'Notaría', 121142, 'Eduardo Morales', 'Eduardo Morales', NULL, 5000),
(38, '2016-01-14', 'Caja Chica', 'Bencina CBWD37', 3231503, 'Jorge Barrera', 'Jorge Barrera', NULL, 20000),
(39, '2016-01-13', 'Caja Escuela', 'Bencina CBWD97', 3231485, 'Eduardo Morales', 'Eduardo Morales', NULL, 8797),
(40, '2016-01-13', 'Caja Escuela', 'Bencina CLPB6', 3231487, 'Eduardo Morales', 'Eduardo Morales', NULL, 21572),
(41, '2016-01-14', 'Caja Escuela', 'Artículos de higiene y oficina.', 3892573, 'Eduardo Morales', 'Eduardo Morales', NULL, 15542),
(42, '2016-01-16', 'Caja Escuela', 'Easy, Fotoelectc, alargador.', 11331177, 'Eduardo Morales', 'Eduardo Morales', NULL, 12980),
(43, '2016-01-16', 'Caja Escuela', 'Artículos de oficina', 46343211, 'Eduardo Morales', 'Eduardo Morales', NULL, 23080),
(44, '2016-01-11', 'Caja Escuela', 'Termolaminadora y micas', 3339, 'Jorge Barrera', 'Jorge Barrera', NULL, 64970),
(45, '2016-01-19', 'Caja Chica', 'Bencina CLPB36', 3231745, 'José Vasquez', 'Eduardo Morales', NULL, 20000),
(46, '2016-07-01', 'Caja Escuela', 'Detector de Biletes y cargador.', 3481, 'Jorge Barrera', 'Jorge Barrera', NULL, 11970),
(47, '2016-01-20', 'Caja Escuela', 'Bencina PGTZ59', 3231793, 'Jorge Barrera', 'Jorge Barrera', NULL, 15000),
(48, '2016-01-20', 'Caja Escuela', 'Barra Equipaje.', 46125603, 'Eduardo Morales', 'Eduardo Morales', NULL, 16991),
(49, '2016-01-22', 'Caja chica', 'Bencina CLPB36 Reembolsado ', 3231916, 'José Vasquez', 'Eduardo Morales', NULL, 18214),
(50, '2016-01-22', 'Jorge Barrera Reembolsado', 'Bencina BGTZ 89', 90327909, 'Jorge Barrera', 'Jorge Barrera', NULL, 15000),
(51, '2016-01-26', 'Eduardo Morales Reembolsado', 'Bencina CLPB36', 3232100, 'Jose Vasquez', 'Eduardo Morales', NULL, 15000),
(52, '2016-01-26', 'Jorge Barrera Reembolsado', 'Bencina BGTZ89', 3232100, 'Jorge Barrera', 'Jorge Barrera', NULL, 15000),
(53, '2016-01-26', 'Caja Chica', 'Vuelto', 0, 'Nicole Salas', 'Jorge Barrera', NULL, 1800),
(54, '2016-08-01', 'Caja Chica', 'Chileexpress reembolsado', 31329, 'Eduardo Morales', 'Eduardo Morales', NULL, 3365),
(55, '2016-01-28', 'Caja Chica', 'Bencina BGTZ89 reembolsado', 3256714, 'José Vasquez', 'Jorge Barrera', NULL, 15000),
(56, '2016-01-29', 'Caja Escuela', 'Bencina CLPB36', 3256735, 'Eduardo Morales', 'Eduardo Morales', NULL, 19473),
(57, '2016-01-26', 'Caja Escuela', 'Notaria', 223781, 'Eduardo Morales', 'Eduardo Morales', NULL, 14000),
(58, '2016-01-27', 'Eduardo Morales', 'Timbre Automático', 9950, 'Eduardo Morales', 'Eduardo Morales', NULL, 8000),
(59, '2016-01-30', 'Caja Escuela', 'R. Técnica CBWD 37', 343217, 'Eduardo Morales', 'Eduardo Morales', NULL, 12500),
(60, '2016-01-29', 'Caja Escuela', 'Talonarios de Boletas reembolsado', 1214, 'Eduardo Morales', 'Eduardo Morales', NULL, 35700),
(61, '2016-02-02', 'Caja Escuela', 'Chilectra', 145346387, 'Jorge Barrera', 'Jorge Barrera', NULL, 64050),
(62, '2016-02-02', 'José Vasquez', 'Bencina CLPB36 reembolsado', 3256917, 'José Vasquez', 'Jorge Barrera', NULL, 18214),
(63, '2016-02-02', 'caja chica', 'Hoja de Tarjetas', 65852, 'Jorge Barrera', 'Jorge Barrera', NULL, 2500),
(64, '2016-02-02', 'Caja Escuela', 'SBL pack 3 espira reembolsado', 73724445, 'Jorge Barrera', 'Jorge Barrera', NULL, 9981),
(65, '2016-02-03', 'Caja Chica', 'Vuelto de Caja Chica reembolsado\r\n18/01= $100\r\n22/01=$1300\r\n26/01=$400\r\n30/01 = $100 \r\n\r\n', 0, 'Nicole Salas', 'Jorge Barrera', NULL, 1900),
(66, '2016-02-04', 'Caja Escuela', 'Barra para equipaje y cerradura closet.', 12023572, 'Eduardo Morales', 'Eduardo Morales', NULL, 43780),
(67, '2016-02-05', 'Caja chica', 'Bencina CLPB36 reembolsado', 3257060, 'José Vasquez', 'Jorge Barrera', NULL, 18000),
(68, '2016-01-11', 'Caja Escuela', 'Caja Fuerte', 3582, 'Jorge Barrera', 'Jorge Barrera', NULL, 38663),
(69, '2016-02-08', 'Caja Escuela', 'Bencina CVWD37', 3257142, 'Eduardo Morales', 'Eduardo Morales', NULL, 19000),
(70, '2016-02-06', 'Caja Escuela', 'CU', 73741272, 'Eduardo Morales', 'Eduardo Morales', NULL, 67980),
(71, '2016-02-06', 'Caja Escuela', 'INT y TAB, Easy', 12026288, 'Eduardo Morales', 'Eduardo Morales', NULL, 11930),
(72, '2016-02-04', 'Caja Escuela', 'Barra para equipaje y cerradura closet.', 12023572, 'Eduardo Morales', 'Eduardo Morales', NULL, 43780),
(73, '2016-02-05', 'Caja Escuela', 'Extintores', 3265, 'Eduardo Morales', 'Eduardo Morales', NULL, 36990),
(74, '2016-02-09', 'Caja Chica', 'Bencina CLPD36( reembolsado)', 3257195, 'José Vasquez', 'Eduardo Morales', NULL, 18000),
(75, '2016-02-03', 'Caja Chica', 'Bencina BGTZ89 REEMBOLSADO', 90980729, 'Jorge Barrera', 'Jorge Barrera', NULL, 15000),
(76, '2016-02-09', 'Caja Escuela', '30 Libros del Nuevo Conductor', 11, 'Eduardo Morales', 'Eduardo Morales', NULL, 71400),
(77, '2016-02-10', 'Caja Chica', 'Café y Té', 252249, 'Eduardo Morales', 'Eduardo Morales', NULL, 4838),
(78, '2016-02-11', 'Caja Chica', 'Bencina CBWD37', 3257299, 'Don Carlos', 'Jorge Barrera', NULL, 18000),
(79, '2016-02-12', 'Caja Chica', 'Papel Higiénico', 227811, 'Jose Vasquez', 'Eduardo Morales', NULL, 4898),
(80, '2016-11-02', 'Caja Escuela', 'Estante, Sodimac', 74015195, 'Eduardo Morales', 'Eduardo Morales', NULL, 49990),
(81, '2016-11-02', 'Caja Escuela', 'Diluyente, brocha, barniz.', 12026753, 'Eduardo Morales', 'Eduardo Morales', NULL, 64270),
(82, '2016-02-12', 'Caja Escuela', 'Bencina CLPB36', 3283244, 'Eduardo Morales', 'Eduardo Morales', NULL, 21005),
(83, '2016-02-10', 'Caja Escuela', 'Camisas', 75, 'Jorge Barrera', 'Jorge Barrera', NULL, 93415),
(84, '2016-02-14', 'Caja Chica', 'Air Wick Fresh', 39636, 'Eduardo Morales', 'Eduardo Morales', NULL, 4999),
(85, '2016-02-15', 'Caja Chica', 'Bencina BGTZ89', 3283368, 'Mario Campos', 'Eduardo Morales', NULL, 18000),
(86, '2016-02-16', 'Caja Escuela', 'VTR', 93055312, 'Jorge Barrera', 'Jorge Barrera', NULL, 69868),
(87, '2016-02-16', 'Caja Escuela', 'Bencina CLPB36', 3283420, 'Jorge Barrera', 'Jorge Barrera', NULL, 20501),
(88, '2016-02-17', 'Caja Escuela', 'Archivador', 4806190, 'Eduardo Morales', 'Eduardo Morales', NULL, 8631),
(89, '2016-02-19', 'Caja Chica', 'Jardinero', 0, 'Nicole Salas', 'Eduardo Morales', NULL, 3000),
(90, '2016-02-19', 'Caja Chica', 'Artículos Oficina', 6100, 'Eduardo Morales', 'Eduardo Morales', NULL, 6100),
(91, '2016-02-19', 'Caja Chica', 'Carpetas', 66444, 'Eduardo Morales', 'Eduardo Morales', NULL, 350),
(92, '2016-02-19', 'Caja Chica', 'Artículos Oficinas', 31104, 'Eduardo Morales', 'Eduardo Morales', NULL, 6100),
(93, '2016-02-20', 'Caja Escuela', 'Artículos de higiene.', 3885846, 'Eduardo Morales', 'Eduardo Morales', NULL, 23539),
(94, '2016-02-20', 'Caja Chica', 'Bencina BGTZ89', 3283579, 'Mario Campos', 'Eduardo Morales', NULL, 18000),
(95, '2016-02-18', 'Caja Escuela', 'Audifonos', 1952184, 'Eduardo Morales', 'Eduardo Morales', NULL, 19560),
(96, '2015-12-17', 'fondo escuela', 'Libros nuevos ', 8, 'Eduardo Morales', 'Eduardo Morales', NULL, 33000),
(97, '2016-02-23', 'Caja Escuela', 'Combustible CBWD37', 3283676, 'Eduardo', 'Eduardo', NULL, 20170),
(98, '2002-02-16', 'Caja Chica', 'Compra azucar', 223932, 'Jorge Barrera', 'Jorge Barrera', NULL, 1190),
(99, '2002-02-16', 'Caja Chica', 'Compra azucar', 223932, 'Jorge Barrera', 'Jorge Barrera', NULL, 1190),
(100, '2001-02-16', 'Caja chica', 'Planos Escuela', 31169, 'Eduardo Morales', 'Eduardo Morales', NULL, 5400),
(101, '2002-02-16', 'Conservador Bienes Raices', 'Derechos de Actuaciones', 0, 'Eduardo Morales', 'Eduardo Morales', NULL, 4600);

-- --------------------------------------------------------

--
-- Estructura de tabla para la tabla `horarios`
--

CREATE TABLE IF NOT EXISTS `horarios` (
  `id` int(11) NOT NULL AUTO_INCREMENT,
  `ano_start` int(11) DEFAULT NULL,
  `mes_start` int(11) DEFAULT NULL,
  `dia_start` int(11) DEFAULT NULL,
  `hora_start` int(11) DEFAULT NULL,
  `minuto_start` int(11) DEFAULT NULL,
  `ano_end` int(11) DEFAULT NULL,
  `mes_end` int(11) DEFAULT NULL,
  `dia_end` int(11) DEFAULT NULL,
  `hora_end` int(11) DEFAULT NULL,
  `minuto_end` int(11) DEFAULT NULL,
  `titulo` varchar(255) DEFAULT NULL,
  `todo_dia` int(11) DEFAULT NULL,
  `id_usuario` int(11) DEFAULT NULL,
  `updated_at` datetime DEFAULT NULL,
  `created_at` datetime DEFAULT NULL,
  PRIMARY KEY (`id`)
) ENGINE=MyISAM  DEFAULT CHARSET=latin1 AUTO_INCREMENT=684 ;

--
-- Volcado de datos para la tabla `horarios`
--

INSERT INTO `horarios` (`id`, `ano_start`, `mes_start`, `dia_start`, `hora_start`, `minuto_start`, `ano_end`, `mes_end`, `dia_end`, `hora_end`, `minuto_end`, `titulo`, `todo_dia`, `id_usuario`, `updated_at`, `created_at`) VALUES
(413, 2016, 0, 4, 13, 0, 2016, 0, 4, 13, 30, '	Carlos Quezada', 1, 46, '2015-12-24 14:46:57', '2015-12-24 14:46:57'),
(412, 2016, 0, 11, 16, 0, 2016, 0, 11, 16, 30, 'Disleynne Rios', 1, 34, '2015-12-24 14:44:56', '2015-12-24 14:44:56'),
(411, 2016, 0, 8, 20, 0, 2016, 0, 8, 20, 30, 'Disleynne Rios', 1, 34, '2015-12-24 14:44:42', '2015-12-24 14:44:42'),
(409, 2016, 0, 7, 19, 0, 2016, 0, 7, 19, 30, 'Disleynne Rios', 1, 34, '2015-12-24 14:44:32', '2015-12-24 14:44:32'),
(410, 2016, 0, 8, 19, 0, 2016, 0, 8, 19, 30, 'Disleynne Rios', 1, 34, '2015-12-24 14:44:36', '2015-12-24 14:44:36'),
(408, 2016, 0, 6, 19, 0, 2016, 0, 6, 19, 30, 'Disleynne Rios', 1, 34, '2015-12-24 14:44:27', '2015-12-24 14:44:27'),
(403, 2016, 0, 8, 19, 0, 2016, 0, 8, 19, 30, 'Camila Rojas', 1, 35, '2015-12-24 14:37:13', '2015-12-24 14:37:13'),
(404, 2016, 0, 8, 20, 0, 2016, 0, 8, 20, 30, 'Camila Rojas', 1, 35, '2015-12-24 14:37:18', '2015-12-24 14:37:18'),
(406, 2016, 0, 4, 19, 0, 2016, 0, 4, 19, 30, 'Disleynne Rios', 1, 34, '2015-12-24 14:44:17', '2015-12-24 14:44:17'),
(407, 2016, 0, 5, 19, 0, 2016, 0, 5, 19, 30, 'Disleynne Rios', 1, 34, '2015-12-24 14:44:22', '2015-12-24 14:44:22'),
(402, 2016, 0, 6, 16, 0, 2016, 0, 6, 16, 30, 'Camila Rojas', 1, 35, '2015-12-24 14:36:42', '2015-12-24 14:36:42'),
(401, 2016, 0, 4, 16, 0, 2016, 0, 4, 16, 30, 'Camila Rojas', 1, 35, '2015-12-24 14:36:37', '2015-12-24 14:36:37'),
(399, 2015, 11, 29, 12, 0, 2015, 11, 29, 12, 30, 'Camila Rojas', 1, 35, '2015-12-24 14:35:42', '2015-12-24 14:35:42'),
(400, 2015, 11, 30, 12, 0, 2015, 11, 30, 12, 30, 'Camila Rojas', 1, 35, '2015-12-24 14:35:47', '2015-12-24 14:35:47'),
(393, 2016, 0, 7, 12, 0, 2016, 0, 7, 12, 30, 'Carlos Romero', 1, 29, '2015-12-24 14:29:16', '2015-12-24 14:29:16'),
(394, 2016, 0, 8, 12, 0, 2016, 0, 8, 12, 30, 'Carlos Romero', 1, 29, '2015-12-24 14:29:21', '2015-12-24 14:29:21'),
(395, 2016, 0, 9, 12, 0, 2016, 0, 9, 12, 30, 'Carlos Romero', 1, 29, '2015-12-24 14:29:26', '2015-12-24 14:29:26'),
(396, 2016, 0, 9, 13, 0, 2016, 0, 9, 13, 30, 'Carlos Romero', 1, 29, '2015-12-24 14:29:31', '2015-12-24 14:29:31'),
(392, 2016, 0, 6, 12, 0, 2016, 0, 6, 12, 30, 'Carlos Romero', 1, 29, '2015-12-24 14:29:11', '2015-12-24 14:29:11'),
(651, 2016, 0, 14, 18, 0, 2016, 0, 14, 18, 30, ' Benjamín Medina', 1, 42, '2015-12-29 15:14:27', '2015-12-29 15:14:27'),
(662, 2016, 0, 22, 20, 0, 2016, 0, 22, 20, 30, 'Johanna Sánchez', 1, 27, '2015-12-29 15:19:40', '2015-12-29 15:19:40'),
(359, 2016, 0, 12, 17, 0, 2016, 0, 12, 17, 30, 'Francisco Tapia', 1, 49, '2015-12-24 14:09:51', '2015-12-24 14:09:51'),
(659, 2016, 0, 14, 17, 0, 2016, 0, 14, 17, 30, 'Johanna Sanchéz', 1, 27, '2015-12-29 15:18:46', '2015-12-29 15:18:46'),
(358, 2016, 0, 11, 17, 0, 2016, 0, 11, 17, 30, 'Francisco Tapia', 1, 49, '2015-12-24 14:09:41', '2015-12-24 14:09:41'),
(352, 2016, 0, 8, 17, 0, 2016, 0, 8, 17, 30, 'Francisco Tapia', 1, 49, '2015-12-24 14:06:31', '2015-12-24 14:06:31'),
(353, 2016, 0, 8, 18, 0, 2016, 0, 8, 18, 30, 'Francisco Tapia', 1, 49, '2015-12-24 14:06:35', '2015-12-24 14:06:35'),
(355, 2016, 0, 4, 18, 0, 2016, 0, 4, 18, 30, 'Francisco Tapia', 1, 49, '2015-12-24 14:08:23', '2015-12-24 14:08:23'),
(354, 2016, 0, 4, 17, 0, 2016, 0, 4, 17, 30, 'Francisco Tapia', 1, 49, '2015-12-24 14:08:17', '2015-12-24 14:08:17'),
(347, 2015, 11, 30, 18, 0, 2015, 11, 30, 18, 30, 'Francisco Tapia', 1, 49, '2015-12-24 14:05:02', '2015-12-24 14:05:02'),
(346, 2015, 11, 30, 17, 0, 2015, 11, 30, 17, 30, 'Francisco Tapia', 1, 49, '2015-12-24 14:04:56', '2015-12-24 14:04:56'),
(356, 2016, 0, 6, 17, 0, 2016, 0, 6, 17, 30, 'Francisco Tapia', 1, 49, '2015-12-24 14:08:28', '2015-12-24 14:08:28'),
(345, 2015, 11, 28, 18, 0, 2015, 11, 28, 18, 30, 'Francisco Tapia', 1, 49, '2015-12-24 14:04:22', '2015-12-24 14:04:22'),
(344, 2015, 11, 28, 17, 0, 2015, 11, 28, 17, 30, 'Francisco Tapia', 1, 49, '2015-12-24 14:04:11', '2015-12-24 14:04:11'),
(357, 2016, 0, 6, 18, 0, 2016, 0, 6, 18, 30, 'Francisco Tapia', 1, 49, '2015-12-24 14:08:36', '2015-12-24 14:08:36'),
(405, 2015, 11, 28, 20, 0, 2015, 11, 28, 20, 30, 'Disleynne rios', 1, 34, '2015-12-24 14:39:43', '2015-12-24 14:39:43'),
(339, 2015, 11, 23, 20, 0, 2015, 11, 23, 20, 30, 'Disleynne Rios', 1, NULL, '2015-12-16 22:23:30', '2015-12-16 22:23:30'),
(219, 2015, 11, 18, 20, 0, 2015, 11, 18, 20, 30, 'Disleynne Rios', 1, 34, '2015-12-15 12:58:31', '2015-12-15 12:58:31'),
(218, 2015, 11, 17, 20, 0, 2015, 11, 17, 20, 30, 'Disleynne Rios', 1, 34, '2015-12-15 12:58:12', '2015-12-15 12:58:12'),
(217, 2015, 11, 16, 20, 0, 2015, 11, 16, 20, 30, 'Disleynne Rios', 1, 34, '2015-12-15 12:58:08', '2015-12-15 12:58:08'),
(216, 2015, 11, 15, 20, 0, 2015, 11, 15, 20, 30, 'Disleynne Rios', 1, 34, '2015-12-15 12:57:52', '2015-12-15 12:57:52'),
(660, 2016, 0, 16, 13, 0, 2016, 0, 16, 13, 30, 'Johanna Sanchéz', 1, 27, '2015-12-29 15:18:58', '2015-12-29 15:18:58'),
(214, 2015, 11, 30, 19, 0, 2015, 11, 30, 19, 30, 'Disleynne Rios', 1, 34, '2015-12-15 12:56:48', '2015-12-15 12:56:48'),
(213, 2015, 11, 29, 19, 0, 2015, 11, 29, 19, 30, 'Disleynne Rios', 1, 34, '2015-12-15 12:56:37', '2015-12-15 12:56:37'),
(212, 2015, 11, 28, 19, 0, 2015, 11, 28, 19, 30, 'Disleynne Rios', 1, 34, '2015-12-15 12:56:26', '2015-12-15 12:56:26'),
(661, 2016, 0, 20, 20, 0, 2016, 0, 20, 20, 30, 'Johanna Sánchez', 1, 27, '2015-12-29 15:19:32', '2015-12-29 15:19:32'),
(302, 2015, 11, 29, 9, 30, 2015, 11, 29, 10, 0, 'Agustin Guerra', 1, NULL, '2015-12-16 16:24:29', '2015-12-16 16:24:29'),
(192, 2015, 11, 16, 10, 0, 2015, 11, 16, 10, 30, 'Emilio Gomez', 1, NULL, '2015-12-14 19:56:53', '2015-12-14 19:56:53'),
(657, 2016, 0, 8, 19, 0, 2016, 0, 8, 19, 30, 'Johanna Sanchéz', 1, 27, '2015-12-29 15:17:54', '2015-12-29 15:17:54'),
(658, 2016, 0, 8, 20, 0, 2016, 0, 8, 20, 30, 'Johanna Sanchéz', 1, 27, '2015-12-29 15:18:04', '2015-12-29 15:18:04'),
(656, 2016, 0, 6, 20, 0, 2016, 0, 6, 20, 30, 'Johanna Sanchéz', 1, 27, '2015-12-29 15:17:50', '2015-12-29 15:17:50'),
(654, 2016, 0, 4, 20, 0, 2016, 0, 4, 20, 30, 'Johanna Sanchéz', 1, 27, '2015-12-29 15:17:41', '2015-12-29 15:17:41'),
(278, 2015, 11, 16, 9, 0, 2015, 11, 16, 9, 30, 'Daniela Morales', 1, NULL, '2015-12-16 16:03:54', '2015-12-16 16:03:54'),
(193, 2015, 11, 17, 10, 0, 2015, 11, 17, 10, 30, 'Emilio Gomez', 1, NULL, '2015-12-14 19:59:24', '2015-12-14 19:59:24'),
(194, 2015, 11, 18, 10, 0, 2015, 11, 18, 10, 30, 'Emilio Gomez', 1, NULL, '2015-12-14 19:59:54', '2015-12-14 19:59:54'),
(365, 2016, 0, 8, 20, 0, 2016, 0, 8, 20, 30, 'Anita Saldés', 1, 33, '2015-12-24 14:22:07', '2015-12-24 14:22:07'),
(655, 2016, 0, 6, 19, 0, 2016, 0, 6, 19, 30, 'Johanna Sanchéz', 1, 27, '2015-12-29 15:17:45', '2015-12-29 15:17:45'),
(197, 2015, 11, 17, 10, 0, 2015, 11, 17, 10, 30, 'Emilio Gomez', 1, 32, '2015-12-14 20:03:59', '2015-12-14 20:03:59'),
(198, 2015, 11, 18, 10, 0, 2015, 11, 18, 10, 30, 'Emilio Gomez', 1, 32, '2015-12-14 20:04:26', '2015-12-14 20:04:26'),
(360, 2016, 0, 4, 16, 0, 2016, 0, 4, 16, 30, 'Anita Saldés', 1, 33, '2015-12-24 14:21:25', '2015-12-24 14:21:25'),
(361, 2016, 0, 5, 16, 0, 2016, 0, 5, 16, 30, 'Anita Saldés', 1, 33, '2015-12-24 14:21:31', '2015-12-24 14:21:31'),
(201, 2015, 11, 17, 16, 0, 2015, 11, 17, 16, 30, 'Anita Saldes', 1, 33, '2015-12-14 22:27:29', '2015-12-14 22:27:29'),
(202, 2015, 11, 18, 16, 0, 2015, 11, 18, 16, 30, 'Anita Saldes', 1, 33, '2015-12-14 22:27:51', '2015-12-14 22:27:51'),
(203, 2015, 11, 15, 19, 0, 2015, 11, 15, 19, 30, 'Disleynne Rios', 1, 34, '2015-12-15 12:53:26', '2015-12-15 12:53:26'),
(204, 2015, 11, 16, 19, 0, 2015, 11, 16, 19, 30, 'Disleynne Rios', 1, 34, '2015-12-15 12:53:43', '2015-12-15 12:53:43'),
(205, 2015, 11, 17, 19, 0, 2015, 11, 17, 19, 30, 'Disleynne Rios', 1, 34, '2015-12-15 12:54:01', '2015-12-15 12:54:01'),
(206, 2015, 11, 18, 19, 0, 2015, 11, 18, 19, 30, 'Disleynne Rios', 1, 34, '2015-12-15 12:54:10', '2015-12-15 12:54:10'),
(477, 2016, 0, 21, 9, 0, 2016, 0, 21, 9, 30, 'Daniela Morales', 1, 25, '2015-12-24 15:22:34', '2015-12-24 15:22:34'),
(475, 2016, 0, 18, 9, 0, 2016, 0, 18, 9, 30, 'Daniela Morales', 1, 25, '2015-12-24 15:22:25', '2015-12-24 15:22:25'),
(476, 2016, 0, 20, 9, 0, 2016, 0, 20, 9, 30, 'Daniela Morales', 1, 25, '2015-12-24 15:22:29', '2015-12-24 15:22:29'),
(289, 2015, 11, 21, 9, 30, 2015, 11, 21, 10, 0, 'Agustin Guerra', 1, NULL, '2015-12-16 16:17:19', '2015-12-16 16:17:19'),
(209, 2015, 11, 23, 19, 0, 2015, 11, 23, 19, 30, 'Disleynne Rios', 1, 34, '2015-12-15 12:55:19', '2015-12-15 12:55:19'),
(208, 2015, 11, 22, 19, 0, 2015, 11, 22, 19, 30, 'Disleynne Rios ', 1, 34, '2015-12-15 12:55:09', '2015-12-15 12:55:09'),
(340, 2016, 0, 8, 19, 0, 2016, 0, 8, 19, 30, 'Disleynne Rios', 1, NULL, '2015-12-16 22:24:17', '2015-12-16 22:24:17'),
(364, 2016, 0, 8, 19, 0, 2016, 0, 8, 19, 30, 'Anita Saldés', 1, 33, '2015-12-24 14:22:01', '2015-12-24 14:22:01'),
(168, 2015, 11, 11, 16, 0, 2015, 11, 11, 16, 30, 'Patricia Guzman', 1, 26, '2015-12-08 04:19:21', '2015-12-08 04:19:21'),
(188, 2015, 11, 14, 12, 0, 2015, 11, 14, 12, 30, 'Camila Astorga', 1, 30, '2015-12-14 15:52:02', '2015-12-14 15:52:02'),
(363, 2016, 0, 7, 16, 0, 2016, 0, 7, 16, 30, 'Anita Saldés', 1, 33, '2015-12-24 14:21:43', '2015-12-24 14:21:43'),
(362, 2016, 0, 6, 16, 0, 2016, 0, 6, 16, 30, 'Anita Saldés', 1, 33, '2015-12-24 14:21:36', '2015-12-24 14:21:36'),
(189, 2015, 11, 16, 12, 0, 2015, 11, 16, 12, 30, 'Camila Astorga', 1, 30, '2015-12-14 15:52:29', '2015-12-14 15:52:29'),
(292, 2015, 11, 24, 9, 30, 2015, 11, 24, 10, 0, 'Agustin Guerra', 1, NULL, '2015-12-16 16:17:45', '2015-12-16 16:17:45'),
(253, 2015, 11, 28, 16, 0, 2015, 11, 28, 16, 30, 'Anita Saldes', 1, 33, '2015-12-15 13:42:20', '2015-12-15 13:42:20'),
(652, 2016, 0, 8, 16, 0, 2016, 0, 8, 16, 30, 'Anita Saldés', 1, 33, '2015-12-29 15:16:54', '2015-12-29 15:16:54'),
(255, 2015, 11, 30, 16, 0, 2015, 11, 30, 16, 30, 'Anita Saldes', 1, 33, '2015-12-15 13:42:32', '2015-12-15 13:42:32'),
(391, 2016, 0, 5, 12, 0, 2016, 0, 5, 12, 30, 'Carlos Romero', 1, 29, '2015-12-24 14:29:07', '2015-12-24 14:29:07'),
(653, 2016, 0, 4, 19, 0, 2016, 0, 4, 19, 30, 'Johanna Sanchéz', 1, 27, '2015-12-29 15:17:36', '2015-12-29 15:17:36'),
(335, 2015, 11, 21, 16, 30, 2015, 11, 21, 17, 0, 'Patricia Guzmán', 1, NULL, '2015-12-16 19:24:23', '2015-12-16 19:24:23'),
(260, 2015, 11, 17, 12, 0, 2015, 11, 17, 12, 30, 'Johanna Sanchez', 1, NULL, '2015-12-15 15:14:40', '2015-12-15 15:14:40'),
(261, 2015, 11, 19, 12, 0, 2015, 11, 19, 12, 30, 'Johanna Sanchez', 1, NULL, '2015-12-15 15:14:50', '2015-12-15 15:14:50'),
(390, 2016, 0, 4, 12, 0, 2016, 0, 4, 12, 30, 'Carlos Romero', 1, 29, '2015-12-24 14:29:03', '2015-12-24 14:29:03'),
(478, 2016, 0, 11, 11, 0, 2016, 0, 11, 11, 30, 'Carlos Ibarra', 1, 48, '2015-12-24 15:24:37', '2015-12-24 15:24:37'),
(288, 2015, 11, 14, 9, 0, 2015, 11, 14, 9, 30, 'Daniela Morales', 1, NULL, '2015-12-16 16:06:53', '2015-12-16 16:06:53'),
(474, 2016, 0, 15, 9, 0, 2016, 0, 15, 9, 30, 'Daniela Morales', 1, 25, '2015-12-24 15:21:57', '2015-12-24 15:21:57'),
(473, 2016, 0, 13, 9, 0, 2016, 0, 13, 9, 30, 'Daniela Morales', 1, 25, '2015-12-24 15:21:53', '2015-12-24 15:21:53'),
(472, 2016, 0, 11, 9, 0, 2016, 0, 11, 9, 30, 'Daniela Morales', 1, 25, '2015-12-24 15:21:49', '2015-12-24 15:21:49'),
(471, 2016, 0, 8, 9, 0, 2016, 0, 8, 9, 30, 'Daniela Morales', 1, 25, '2015-12-24 15:21:39', '2015-12-24 15:21:39'),
(470, 2016, 0, 6, 9, 0, 2016, 0, 6, 9, 30, 'Daniela Morales', 1, 25, '2015-12-24 15:21:34', '2015-12-24 15:21:34'),
(469, 2016, 0, 4, 9, 0, 2016, 0, 4, 9, 30, 'Daniela Morales', 1, 25, '2015-12-24 15:21:31', '2015-12-24 15:21:31'),
(468, 2015, 11, 30, 9, 0, 2015, 11, 30, 9, 30, 'Daniela Morales', 1, 25, '2015-12-24 15:21:02', '2015-12-24 15:21:02'),
(673, 2016, 0, 13, 18, 0, 2016, 0, 13, 18, 30, 'Rafaela Henríquez', 1, 64, '2016-01-04 14:35:23', '2016-01-04 14:35:23'),
(466, 2015, 11, 28, 9, 0, 2015, 11, 28, 9, 30, 'Daniela Morales', 1, 25, '2015-12-24 15:21:01', '2015-12-24 15:21:01'),
(674, 2016, 0, 15, 18, 0, 2016, 0, 15, 18, 30, 'Rafaela Henríquez', 1, 64, '2016-01-04 14:35:27', '2016-01-04 14:35:27'),
(281, 2015, 11, 17, 12, 30, 2015, 11, 17, 13, 0, 'Camila Rojas', 1, NULL, '2015-12-16 16:04:57', '2015-12-16 16:04:57'),
(282, 2015, 11, 17, 13, 30, 2015, 11, 17, 14, 0, 'Camila Rojas', 1, NULL, '2015-12-16 16:05:01', '2015-12-16 16:05:01'),
(283, 2015, 11, 18, 12, 30, 2015, 11, 18, 13, 0, 'Camila Rojas', 1, NULL, '2015-12-16 16:05:07', '2015-12-16 16:05:07'),
(284, 2015, 11, 18, 13, 30, 2015, 11, 18, 14, 0, 'Camila Rojas', 1, NULL, '2015-12-16 16:05:12', '2015-12-16 16:05:12'),
(334, 2015, 11, 18, 16, 30, 2015, 11, 18, 17, 0, 'Patricia Guzmán', 1, NULL, '2015-12-16 19:22:15', '2015-12-16 19:22:15'),
(332, 2015, 11, 16, 16, 30, 2015, 11, 16, 17, 0, 'Patricia Guzmán', 1, NULL, '2015-12-16 19:21:52', '2015-12-16 19:21:52'),
(333, 2015, 11, 15, 16, 30, 2015, 11, 15, 17, 0, 'Patricia Guzmán', 1, NULL, '2015-12-16 19:22:03', '2015-12-16 19:22:03'),
(304, 2015, 11, 31, 9, 30, 2015, 11, 31, 10, 0, 'Agustin Guerra', 1, NULL, '2015-12-16 16:24:42', '2015-12-16 16:24:42'),
(305, 2015, 11, 28, 10, 30, 2015, 11, 28, 11, 0, 'Agustin Guerra', 1, NULL, '2015-12-16 16:24:50', '2015-12-16 16:24:50'),
(306, 2015, 11, 29, 10, 30, 2015, 11, 29, 11, 0, 'Agustin Guerra', 1, NULL, '2015-12-16 16:24:55', '2015-12-16 16:24:55'),
(307, 2015, 11, 30, 10, 30, 2015, 11, 30, 11, 0, 'Agustin Guerra', 1, NULL, '2015-12-16 16:24:59', '2015-12-16 16:24:59'),
(308, 2015, 11, 31, 10, 30, 2015, 11, 31, 11, 0, 'Agustin Guerra', 1, NULL, '2015-12-16 16:25:04', '2015-12-16 16:25:04'),
(309, 2015, 11, 31, 10, 0, 2015, 11, 31, 10, 30, 'Emilio Gomez', 1, NULL, '2015-12-16 16:25:15', '2015-12-16 16:25:15'),
(310, 2015, 11, 28, 12, 30, 2015, 11, 28, 13, 0, 'Camila Rojas', 1, NULL, '2015-12-16 16:25:30', '2015-12-16 16:25:30'),
(311, 2015, 11, 29, 12, 30, 2015, 11, 29, 13, 0, 'Camila Rojas', 1, NULL, '2015-12-16 16:25:39', '2015-12-16 16:25:39'),
(312, 2015, 11, 30, 12, 30, 2015, 11, 30, 13, 0, 'Camila Rojas', 1, NULL, '2015-12-16 16:25:44', '2015-12-16 16:25:44'),
(313, 2015, 11, 31, 12, 30, 2015, 11, 31, 13, 0, 'Camila Rojas', 1, NULL, '2015-12-16 16:25:49', '2015-12-16 16:25:49'),
(314, 2016, 0, 4, 9, 30, 2016, 0, 4, 10, 0, 'Agustin Guerra', 1, NULL, '2015-12-16 16:26:23', '2015-12-16 16:26:23'),
(315, 2016, 0, 6, 9, 30, 2016, 0, 6, 10, 0, 'Agustin Guerra', 1, NULL, '2015-12-16 16:26:27', '2015-12-16 16:26:27'),
(316, 2016, 0, 8, 9, 30, 2016, 0, 8, 10, 0, 'Agustin Guerra', 1, NULL, '2015-12-16 16:26:31', '2015-12-16 16:26:31'),
(317, 2016, 0, 4, 10, 0, 2016, 0, 4, 10, 30, 'Daniela Morales', 1, NULL, '2015-12-16 16:26:43', '2015-12-16 16:26:43'),
(318, 2016, 0, 4, 12, 30, 2016, 0, 4, 13, 0, 'Camila Rojas', 1, NULL, '2015-12-16 16:26:58', '2015-12-16 16:26:58'),
(319, 2016, 0, 5, 12, 30, 2016, 0, 5, 13, 0, 'Camila Rojas', 1, NULL, '2015-12-16 16:27:07', '2015-12-16 16:27:07'),
(320, 2016, 0, 6, 12, 30, 2016, 0, 6, 13, 0, 'Camila Rojas', 1, NULL, '2015-12-16 16:27:17', '2015-12-16 16:27:17'),
(321, 2016, 0, 4, 16, 0, 2016, 0, 4, 16, 30, 'Anita Saldes', 1, NULL, '2015-12-16 16:27:34', '2015-12-16 16:27:34'),
(322, 2016, 0, 5, 16, 0, 2016, 0, 5, 16, 30, 'Anita Saldes', 1, NULL, '2015-12-16 16:27:42', '2015-12-16 16:27:42'),
(323, 2016, 0, 6, 16, 0, 2016, 0, 6, 16, 30, 'Anita Saldes', 1, NULL, '2015-12-16 16:27:50', '2015-12-16 16:27:50'),
(324, 2016, 0, 7, 16, 0, 2016, 0, 7, 16, 30, 'Anita Saldes', 1, NULL, '2015-12-16 16:28:03', '2015-12-16 16:28:03'),
(325, 2016, 0, 4, 17, 0, 2016, 0, 4, 17, 30, 'Millaray Candia', 1, NULL, '2015-12-16 16:28:16', '2015-12-16 16:28:16'),
(326, 2016, 0, 6, 17, 0, 2016, 0, 6, 17, 30, 'Millaray Candia', 1, NULL, '2015-12-16 16:28:27', '2015-12-16 16:28:27'),
(327, 2016, 0, 8, 17, 0, 2016, 0, 8, 17, 30, 'Millaray Candia', 1, NULL, '2015-12-16 16:28:40', '2015-12-16 16:28:40'),
(328, 2016, 0, 4, 19, 0, 2016, 0, 4, 19, 30, 'Disleynne Rios', 1, NULL, '2015-12-16 16:28:56', '2015-12-16 16:28:56'),
(329, 2016, 0, 5, 19, 0, 2016, 0, 5, 19, 30, 'Disleynne Rios', 1, NULL, '2015-12-16 16:29:01', '2015-12-16 16:29:01'),
(330, 2016, 0, 6, 19, 0, 2016, 0, 6, 19, 30, 'Disleynne Rios', 1, NULL, '2015-12-16 16:29:06', '2015-12-16 16:29:06'),
(331, 2016, 0, 7, 19, 0, 2016, 0, 7, 19, 30, 'Disleynne Rios', 1, NULL, '2015-12-16 16:29:11', '2015-12-16 16:29:11'),
(337, 2015, 11, 23, 16, 30, 2015, 11, 23, 17, 0, 'Patricia Guzmán', 1, NULL, '2015-12-16 19:24:43', '2015-12-16 19:24:43'),
(338, 2015, 11, 23, 11, 0, 2015, 11, 23, 11, 30, 'Emilio Gomez', 1, NULL, '2015-12-16 19:30:12', '2015-12-16 19:30:12'),
(397, 2015, 11, 28, 12, 0, 2015, 11, 28, 12, 30, 'Camila Rojas', 1, 35, '2015-12-24 14:34:17', '2015-12-24 14:34:17'),
(414, 2016, 0, 5, 13, 0, 2016, 0, 5, 13, 30, '	Carlos Quezada', 1, 46, '2015-12-24 14:46:59', '2015-12-24 14:46:59'),
(415, 2016, 0, 6, 13, 0, 2016, 0, 6, 13, 30, '	Carlos Quezada', 1, 46, '2015-12-24 14:47:03', '2015-12-24 14:47:03'),
(416, 2016, 0, 7, 13, 0, 2016, 0, 7, 13, 30, '	Carlos Quezada', 1, 46, '2015-12-24 14:47:08', '2015-12-24 14:47:08'),
(417, 2016, 0, 8, 13, 0, 2016, 0, 8, 13, 30, '	Carlos Quezada', 1, 46, '2015-12-24 14:47:12', '2015-12-24 14:47:12'),
(418, 2016, 0, 9, 10, 0, 2016, 0, 9, 10, 30, '	Carlos Quezada', 1, 46, '2015-12-24 14:47:19', '2015-12-24 14:47:19'),
(419, 2016, 0, 11, 13, 0, 2016, 0, 11, 13, 30, '	Carlos Quezada', 1, 46, '2015-12-24 14:47:46', '2015-12-24 14:47:46'),
(420, 2016, 0, 12, 13, 0, 2016, 0, 12, 13, 30, '	Carlos Quezada', 1, 46, '2015-12-24 14:47:47', '2015-12-24 14:47:47'),
(421, 2016, 0, 13, 13, 0, 2016, 0, 13, 13, 30, '	Carlos Quezada', 1, 46, '2015-12-24 14:47:54', '2015-12-24 14:47:54'),
(422, 2016, 0, 14, 13, 0, 2016, 0, 14, 13, 30, '	Carlos Quezada', 1, 46, '2015-12-24 14:47:56', '2015-12-24 14:47:56'),
(423, 2016, 0, 15, 13, 0, 2016, 0, 15, 13, 30, '	Carlos Quezada', 1, 46, '2015-12-24 14:48:00', '2015-12-24 14:48:00'),
(424, 2016, 0, 16, 10, 0, 2016, 0, 16, 10, 30, '	Carlos Quezada', 1, 46, '2015-12-24 14:48:26', '2015-12-24 14:48:26'),
(425, 2016, 0, 4, 19, 0, 2016, 0, 4, 19, 30, 'David Navarrete', 1, 51, '2015-12-24 15:01:06', '2015-12-24 15:01:06'),
(427, 2016, 0, 4, 20, 0, 2016, 0, 4, 20, 30, 'David Navarrete', 1, 51, '2015-12-24 15:02:40', '2015-12-24 15:02:40'),
(428, 2016, 0, 8, 19, 0, 2016, 0, 8, 19, 30, 'David Navarrete', 1, 51, '2015-12-24 15:02:45', '2015-12-24 15:02:45'),
(429, 2016, 0, 8, 20, 0, 2016, 0, 8, 20, 30, 'David Navarrete', 1, 51, '2015-12-24 15:03:01', '2015-12-24 15:03:01'),
(430, 2016, 0, 11, 19, 0, 2016, 0, 11, 19, 30, 'David Navarrete', 1, 51, '2015-12-24 15:05:14', '2015-12-24 15:05:14'),
(431, 2016, 0, 12, 19, 0, 2016, 0, 12, 19, 30, 'David Navarrete', 1, 51, '2015-12-24 15:05:19', '2015-12-24 15:05:19'),
(432, 2016, 0, 13, 19, 0, 2016, 0, 13, 19, 30, 'David Navarrete', 1, 51, '2015-12-24 15:05:24', '2015-12-24 15:05:24'),
(433, 2016, 0, 14, 19, 0, 2016, 0, 14, 19, 30, 'David Navarrete', 1, 51, '2015-12-24 15:05:28', '2015-12-24 15:05:28'),
(434, 2016, 0, 15, 19, 0, 2016, 0, 15, 19, 30, 'David Navarrete', 1, 51, '2015-12-24 15:05:33', '2015-12-24 15:05:33'),
(435, 2016, 0, 18, 19, 0, 2016, 0, 18, 19, 30, 'David Navarrete', 1, 51, '2015-12-24 15:05:42', '2015-12-24 15:05:42'),
(436, 2016, 0, 19, 19, 0, 2016, 0, 19, 19, 30, 'David Navarrete', 1, 51, '2015-12-24 15:05:46', '2015-12-24 15:05:46'),
(438, 2016, 0, 8, 20, 0, 2016, 0, 8, 20, 30, 'Benjamín Medina', 1, 42, '2015-12-24 15:09:00', '2015-12-24 15:09:00'),
(439, 2016, 0, 8, 19, 0, 2016, 0, 8, 19, 30, 'Benjamín Medina', 1, 42, '2015-12-24 15:09:06', '2015-12-24 15:09:06'),
(440, 2015, 11, 28, 18, 0, 2015, 11, 28, 18, 30, 'Benjamín Medina', 1, 42, '2015-12-24 15:09:30', '2015-12-24 15:09:30'),
(442, 2015, 11, 30, 18, 0, 2015, 11, 30, 18, 30, 'Benjamín Medina', 1, 42, '2015-12-24 15:09:39', '2015-12-24 15:09:39'),
(443, 2016, 0, 4, 18, 0, 2016, 0, 4, 18, 30, 'Benjamín Medina', 1, 42, '2015-12-24 15:10:08', '2015-12-24 15:10:08'),
(444, 2016, 0, 5, 18, 0, 2016, 0, 5, 18, 30, 'Benjamín Medina', 1, 42, '2015-12-24 15:10:13', '2015-12-24 15:10:13'),
(445, 2016, 0, 6, 18, 0, 2016, 0, 6, 18, 30, 'Benjamín Medina', 1, 42, '2015-12-24 15:10:18', '2015-12-24 15:10:18'),
(446, 2016, 0, 7, 18, 0, 2016, 0, 7, 18, 30, 'Benjamín Medina', 1, 42, '2015-12-24 15:10:21', '2015-12-24 15:10:21'),
(447, 2016, 0, 8, 18, 0, 2016, 0, 8, 18, 30, 'Benjamín Medina', 1, 42, '2015-12-24 15:10:27', '2015-12-24 15:10:27'),
(448, 2016, 0, 11, 18, 0, 2016, 0, 11, 18, 30, 'Benjamín Medina', 1, 42, '2015-12-24 15:10:45', '2015-12-24 15:10:45'),
(449, 2016, 0, 12, 18, 0, 2016, 0, 12, 18, 30, 'Benjamín Medina', 1, 42, '2015-12-24 15:10:49', '2015-12-24 15:10:49'),
(450, 2016, 0, 13, 18, 0, 2016, 0, 13, 18, 30, 'Benjamín Medina', 1, 42, '2015-12-24 15:10:53', '2015-12-24 15:10:53'),
(451, 2015, 11, 28, 17, 0, 2015, 11, 28, 17, 30, 'Amada Leiva', 1, 47, '2015-12-24 15:13:31', '2015-12-24 15:13:31'),
(670, 2015, 11, 31, 13, 0, 2015, 11, 31, 13, 30, 'Johanna Sánchez', 1, 27, '2015-12-29 15:32:36', '2015-12-29 15:32:36'),
(453, 2015, 11, 30, 17, 0, 2015, 11, 30, 17, 30, 'Amada Leiva', 1, 47, '2015-12-24 15:13:42', '2015-12-24 15:13:42'),
(454, 2015, 11, 28, 19, 0, 2015, 11, 28, 19, 30, 'Amada Leiva', 1, 47, '2015-12-24 15:13:48', '2015-12-24 15:13:48'),
(455, 2015, 11, 28, 20, 0, 2015, 11, 28, 20, 30, 'Amada Leiva', 1, 47, '2015-12-24 15:13:59', '2015-12-24 15:13:59'),
(456, 2015, 11, 30, 19, 0, 2015, 11, 30, 19, 30, 'Amada Leiva', 1, 47, '2015-12-24 15:13:59', '2015-12-24 15:13:59'),
(457, 2015, 11, 30, 20, 0, 2015, 11, 30, 20, 30, 'Amada Leiva', 1, 47, '2015-12-24 15:14:01', '2015-12-24 15:14:01'),
(458, 2016, 0, 4, 17, 0, 2016, 0, 4, 17, 30, 'Amada Leiva', 1, 47, '2015-12-24 15:14:19', '2015-12-24 15:14:19'),
(459, 2016, 0, 5, 17, 0, 2016, 0, 5, 17, 30, 'Amada Leiva', 1, 47, '2015-12-24 15:14:22', '2015-12-24 15:14:22'),
(460, 2016, 0, 6, 17, 0, 2016, 0, 6, 17, 30, 'Amada Leiva', 1, 47, '2015-12-24 15:14:27', '2015-12-24 15:14:27'),
(461, 2016, 0, 7, 17, 0, 2016, 0, 7, 17, 30, 'Amada Leiva', 1, 47, '2015-12-24 15:14:31', '2015-12-24 15:14:31'),
(462, 2016, 0, 8, 17, 0, 2016, 0, 8, 17, 30, 'Amada Leiva', 1, 47, '2015-12-24 15:14:45', '2015-12-24 15:14:45'),
(463, 2016, 0, 11, 17, 0, 2016, 0, 11, 17, 30, 'Amada Leiva', 1, 47, '2015-12-24 15:14:55', '2015-12-24 15:14:55'),
(464, 2016, 0, 8, 19, 0, 2016, 0, 8, 19, 30, 'Amada Leiva', 1, 47, '2015-12-24 15:15:06', '2015-12-24 15:15:06'),
(465, 2016, 0, 8, 20, 0, 2016, 0, 8, 20, 30, 'Amada Leiva', 1, 47, '2015-12-24 15:15:10', '2015-12-24 15:15:10'),
(486, 2016, 0, 15, 11, 0, 2016, 0, 15, 11, 30, 'Carlos Ibarra', 1, 48, '2015-12-24 15:26:02', '2015-12-24 15:26:02'),
(485, 2016, 0, 14, 9, 0, 2016, 0, 14, 9, 30, 'Carlos Ibarra', 1, 48, '2015-12-24 15:25:57', '2015-12-24 15:25:57'),
(484, 2016, 0, 13, 11, 0, 2016, 0, 13, 11, 30, 'Carlos Ibarra', 1, 48, '2015-12-24 15:25:52', '2015-12-24 15:25:52'),
(483, 2016, 0, 12, 9, 0, 2016, 0, 12, 9, 30, 'Carlos Ibarra', 1, 48, '2015-12-24 15:25:47', '2015-12-24 15:25:47'),
(487, 2016, 0, 16, 9, 0, 2016, 0, 16, 9, 30, 'Carlos Ibarra', 1, 48, '2015-12-24 15:26:07', '2015-12-24 15:26:07'),
(488, 2016, 0, 18, 11, 0, 2016, 0, 18, 11, 30, 'Carlos Ibarra', 1, 48, '2015-12-24 15:26:36', '2015-12-24 15:26:36'),
(489, 2016, 0, 19, 9, 0, 2016, 0, 19, 9, 30, 'Carlos Ibarra', 1, 48, '2015-12-24 15:26:41', '2015-12-24 15:26:41'),
(490, 2016, 0, 20, 11, 0, 2016, 0, 20, 11, 30, 'Carlos Ibarra', 1, 48, '2015-12-24 15:26:47', '2015-12-24 15:26:47'),
(491, 2016, 0, 21, 11, 0, 2016, 0, 21, 11, 30, 'Carlos Ibarra', 1, 48, '2015-12-24 15:26:52', '2015-12-24 15:26:52'),
(492, 2016, 0, 22, 9, 0, 2016, 0, 22, 9, 30, 'Carlos Ibarra', 1, 48, '2015-12-24 15:26:57', '2015-12-24 15:26:57'),
(493, 2016, 0, 23, 9, 0, 2016, 0, 23, 9, 30, 'Carlos Ibarra', 1, 48, '2015-12-24 15:27:02', '2015-12-24 15:27:02'),
(494, 2016, 0, 25, 9, 0, 2016, 0, 25, 9, 30, 'Carlos Ibarra', 1, 48, '2015-12-24 15:27:27', '2015-12-24 15:27:27'),
(495, 2016, 0, 25, 10, 0, 2016, 0, 25, 10, 30, 'Carlos Ibarra', 1, 48, '2015-12-24 15:28:47', '2015-12-24 15:28:47'),
(496, 2016, 0, 23, 10, 0, 2016, 0, 23, 10, 30, 'Carlos Ibarra', 1, 48, '2015-12-24 15:28:53', '2015-12-24 15:28:53'),
(497, 2016, 0, 22, 10, 0, 2016, 0, 22, 10, 30, 'Carlos Ibarra', 1, 48, '2015-12-24 15:28:57', '2015-12-24 15:28:57'),
(498, 2015, 11, 28, 13, 0, 2015, 11, 28, 13, 30, 'Agustín Guerra', 1, 38, '2015-12-24 15:32:30', '2015-12-24 15:32:30'),
(499, 2015, 11, 29, 13, 0, 2015, 11, 29, 13, 30, 'Agustín Guerra', 1, 38, '2015-12-24 15:32:31', '2015-12-24 15:32:31'),
(500, 2015, 11, 30, 13, 0, 2015, 11, 30, 13, 30, 'Agustín Guerra', 1, 38, '2015-12-24 15:32:37', '2015-12-24 15:32:37'),
(501, 2015, 11, 28, 19, 0, 2015, 11, 28, 19, 30, 'Agustín Guerra', 1, 38, '2015-12-24 15:32:44', '2015-12-24 15:32:44'),
(502, 2015, 11, 28, 20, 0, 2015, 11, 28, 20, 30, 'Agustín Guerra', 1, 38, '2015-12-24 15:32:49', '2015-12-24 15:32:49'),
(503, 2015, 11, 30, 19, 0, 2015, 11, 30, 19, 30, 'Agustín Guerra', 1, 38, '2015-12-24 15:32:55', '2015-12-24 15:32:55'),
(504, 2015, 11, 30, 20, 0, 2015, 11, 30, 20, 30, 'Agustín Guerra', 1, 38, '2015-12-24 15:32:58', '2015-12-24 15:32:58'),
(663, 2016, 0, 26, 14, 0, 2016, 0, 26, 14, 30, 'Johanna Sánchez', 1, 27, '2015-12-29 15:19:58', '2015-12-29 15:19:58'),
(509, 2016, 0, 5, 9, 0, 2016, 0, 5, 9, 30, 'Agustín Guerra', 1, 38, '2015-12-24 15:34:28', '2015-12-24 15:34:28'),
(507, 2016, 0, 9, 9, 0, 2016, 0, 9, 9, 30, 'Agustín Guerra', 1, 38, '2015-12-24 15:33:39', '2015-12-24 15:33:39'),
(510, 2016, 0, 8, 11, 0, 2016, 0, 8, 11, 30, 'Agustín Guerra', 1, 38, '2015-12-24 15:37:19', '2015-12-24 15:37:19'),
(511, 2016, 0, 8, 19, 0, 2016, 0, 8, 19, 30, 'Agustín Guerra', 1, 38, '2015-12-24 15:37:30', '2015-12-24 15:37:30'),
(512, 2016, 0, 8, 20, 0, 2016, 0, 8, 20, 30, 'Agustín Guerra', 1, 38, '2015-12-24 15:37:35', '2015-12-24 15:37:35'),
(513, 2016, 0, 11, 18, 0, 2016, 0, 11, 18, 30, 'Agustín Guerra', 1, 38, '2015-12-24 15:38:43', '2015-12-24 15:38:43'),
(514, 2015, 11, 28, 10, 0, 2015, 11, 28, 10, 30, 'Emilio Gómez', 1, 32, '2015-12-24 15:39:44', '2015-12-24 15:39:44'),
(515, 2015, 11, 29, 10, 0, 2015, 11, 29, 10, 30, 'Emilio Gómez', 1, 32, '2015-12-24 15:39:49', '2015-12-24 15:39:49'),
(516, 2015, 11, 30, 10, 0, 2015, 11, 30, 10, 30, 'Emilio Gómez', 1, 32, '2015-12-24 15:39:55', '2015-12-24 15:39:55'),
(517, 2015, 11, 31, 10, 0, 2015, 11, 31, 10, 30, 'Emilio Gómez', 1, 32, '2015-12-24 15:40:00', '2015-12-24 15:40:00'),
(518, 2016, 0, 4, 10, 0, 2016, 0, 4, 10, 30, 'Emilio Gómez', 1, 32, '2015-12-24 15:40:23', '2015-12-24 15:40:23'),
(519, 2016, 0, 5, 10, 0, 2016, 0, 5, 10, 30, 'Emilio Gómez', 1, 32, '2015-12-24 15:40:27', '2015-12-24 15:40:27'),
(520, 2015, 11, 28, 11, 0, 2015, 11, 28, 11, 30, 'Carlos Cordero', 1, 43, '2015-12-24 15:41:21', '2015-12-24 15:41:21'),
(521, 2015, 11, 29, 11, 0, 2015, 11, 29, 11, 30, 'Carlos Cordero', 1, 43, '2015-12-24 15:41:25', '2015-12-24 15:41:25'),
(522, 2015, 11, 30, 11, 0, 2015, 11, 30, 11, 30, 'Carlos Cordero', 1, 43, '2015-12-24 15:41:29', '2015-12-24 15:41:29'),
(523, 2015, 11, 31, 11, 0, 2015, 11, 31, 11, 30, 'Carlos Cordero', 1, 43, '2015-12-24 15:41:33', '2015-12-24 15:41:33'),
(524, 2016, 0, 4, 11, 0, 2016, 0, 4, 11, 30, 'Carlos Cordero', 1, 43, '2015-12-24 15:41:57', '2015-12-24 15:41:57'),
(525, 2016, 0, 5, 11, 0, 2016, 0, 5, 11, 30, 'Carlos Cordero', 1, 43, '2015-12-24 15:42:01', '2015-12-24 15:42:01'),
(526, 2016, 0, 6, 11, 0, 2016, 0, 6, 11, 30, 'Carlos Cordero', 1, 43, '2015-12-24 15:42:07', '2015-12-24 15:42:07'),
(527, 2016, 0, 7, 11, 0, 2016, 0, 7, 11, 30, 'Carlos Cordero', 1, 43, '2015-12-24 15:42:11', '2015-12-24 15:42:11'),
(528, 2016, 0, 8, 19, 0, 2016, 0, 8, 19, 30, 'Carlos Cordero', 1, 43, '2015-12-24 15:42:18', '2015-12-24 15:42:18'),
(529, 2016, 0, 8, 20, 0, 2016, 0, 8, 20, 30, 'Carlos Cordero', 1, 43, '2015-12-24 15:42:23', '2015-12-24 15:42:23'),
(530, 2015, 11, 28, 19, 0, 2015, 11, 28, 19, 30, 'Javiera Castillo', 1, 45, '2015-12-24 15:44:00', '2015-12-24 15:44:00'),
(531, 2015, 11, 28, 20, 0, 2015, 11, 28, 20, 30, 'Javiera Castillo', 1, 45, '2015-12-24 15:44:04', '2015-12-24 15:44:04'),
(532, 2016, 0, 6, 19, 0, 2016, 0, 6, 19, 30, 'Javiera Castillo', 1, 45, '2015-12-24 15:44:16', '2015-12-24 15:44:16'),
(533, 2016, 0, 6, 20, 0, 2016, 0, 6, 20, 30, 'Javiera Castillo', 1, 45, '2015-12-24 15:44:22', '2015-12-24 15:44:22'),
(534, 2016, 0, 8, 19, 0, 2016, 0, 8, 19, 30, 'Javiera Castillo', 1, 45, '2015-12-24 15:44:26', '2015-12-24 15:44:26'),
(535, 2016, 0, 8, 20, 0, 2016, 0, 8, 20, 30, 'Javiera Castillo', 1, 45, '2015-12-24 15:44:31', '2015-12-24 15:44:31'),
(536, 2016, 0, 11, 16, 0, 2016, 0, 11, 16, 30, 'Javiera Castillo', 1, 45, '2015-12-24 15:45:22', '2015-12-24 15:45:22'),
(537, 2016, 0, 13, 16, 0, 2016, 0, 13, 16, 30, 'Javiera Castillo', 1, 45, '2015-12-24 15:45:26', '2015-12-24 15:45:26'),
(538, 2016, 0, 15, 16, 0, 2016, 0, 15, 16, 30, 'Javiera Castillo', 1, 45, '2015-12-24 15:45:31', '2015-12-24 15:45:31'),
(539, 2016, 0, 18, 13, 0, 2016, 0, 18, 13, 30, 'Javiera Castillo', 1, 45, '2015-12-24 15:45:54', '2015-12-24 15:45:54'),
(540, 2016, 0, 19, 11, 0, 2016, 0, 19, 11, 30, 'Javiera Castillo', 1, 45, '2015-12-24 15:46:11', '2015-12-24 15:46:11'),
(541, 2016, 0, 20, 13, 0, 2016, 0, 20, 13, 30, 'Javiera Castillo', 1, 45, '2015-12-24 15:46:15', '2015-12-24 15:46:15'),
(542, 2016, 0, 21, 13, 0, 2016, 0, 21, 13, 30, 'Javiera Castillo', 1, 45, '2015-12-24 15:46:35', '2015-12-24 15:46:35'),
(543, 2016, 0, 22, 11, 0, 2016, 0, 22, 11, 30, 'Javiera Castillo', 1, 45, '2015-12-24 15:46:37', '2015-12-24 15:46:37'),
(544, 2016, 0, 27, 12, 0, 2016, 0, 27, 12, 30, 'Javiera Castillo', 1, 45, '2015-12-24 15:47:02', '2015-12-24 15:47:02'),
(545, 2016, 0, 29, 12, 0, 2016, 0, 29, 12, 30, 'Javiera Castillo', 1, 45, '2015-12-24 15:47:06', '2015-12-24 15:47:06'),
(546, 2016, 0, 4, 19, 0, 2016, 0, 4, 19, 30, 'Millaray Candia', 1, 39, '2015-12-24 15:47:59', '2015-12-24 15:47:59'),
(547, 2016, 0, 6, 19, 0, 2016, 0, 6, 19, 30, 'Millaray Candia', 1, 39, '2015-12-24 15:48:10', '2015-12-24 15:48:10'),
(548, 2016, 0, 8, 19, 0, 2016, 0, 8, 19, 30, 'Millaray Candia', 1, 39, '2015-12-24 15:48:22', '2015-12-24 15:48:22'),
(554, 2016, 0, 8, 20, 0, 2016, 0, 8, 20, 30, 'Millaray Candia', 1, 39, '2015-12-24 15:49:25', '2015-12-24 15:49:25'),
(553, 2016, 0, 6, 20, 0, 2016, 0, 6, 20, 30, 'Millaray Candia', 1, 39, '2015-12-24 15:49:21', '2015-12-24 15:49:21'),
(552, 2016, 0, 4, 20, 0, 2016, 0, 4, 20, 30, 'Millaray Candia', 1, 39, '2015-12-24 15:49:17', '2015-12-24 15:49:17'),
(555, 2016, 0, 6, 19, 0, 2016, 0, 6, 19, 30, 'Mauricio Barahona', 1, 44, '2015-12-24 15:50:33', '2015-12-24 15:50:33'),
(556, 2016, 0, 8, 19, 0, 2016, 0, 8, 19, 30, 'Mauricio Barahona', 1, 44, '2015-12-24 15:50:34', '2015-12-24 15:50:34'),
(557, 2016, 0, 8, 20, 0, 2016, 0, 8, 20, 30, 'Mauricio Barahona', 1, 44, '2015-12-24 15:50:34', '2015-12-24 15:50:34'),
(558, 2016, 0, 6, 20, 0, 2016, 0, 6, 20, 30, 'Mauricio Barahona', 1, 44, '2015-12-24 15:50:35', '2015-12-24 15:50:35'),
(559, 2016, 0, 6, 10, 0, 2016, 0, 6, 10, 30, 'Mauricio Barahona', 1, 44, '2015-12-24 15:51:08', '2015-12-24 15:51:08'),
(560, 2016, 0, 7, 10, 0, 2016, 0, 7, 10, 30, 'Mauricio Barahona', 1, 44, '2015-12-24 15:51:12', '2015-12-24 15:51:12'),
(561, 2016, 0, 8, 10, 0, 2016, 0, 8, 10, 30, 'Mauricio Barahona', 1, 44, '2015-12-24 15:51:22', '2015-12-24 15:51:22'),
(562, 2016, 0, 11, 11, 0, 2016, 0, 11, 11, 30, 'Mauricio Barahona', 1, 44, '2015-12-24 15:51:42', '2015-12-24 15:51:42'),
(563, 2016, 0, 12, 11, 0, 2016, 0, 12, 11, 30, 'Mauricio Barahona', 1, 44, '2015-12-24 15:51:48', '2015-12-24 15:51:48'),
(564, 2016, 0, 13, 11, 0, 2016, 0, 13, 11, 30, 'Mauricio Barahona', 1, 44, '2015-12-24 15:51:53', '2015-12-24 15:51:53'),
(565, 2016, 0, 14, 11, 0, 2016, 0, 14, 11, 30, 'Mauricio Barahona', 1, 44, '2015-12-24 15:51:57', '2015-12-24 15:51:57'),
(566, 2016, 0, 15, 11, 0, 2016, 0, 15, 11, 30, 'Mauricio Barahona', 1, 44, '2015-12-24 15:52:02', '2015-12-24 15:52:02'),
(567, 2016, 0, 18, 10, 0, 2016, 0, 18, 10, 30, 'Mauricio Barahona', 1, 44, '2015-12-24 15:52:25', '2015-12-24 15:52:25'),
(568, 2016, 0, 19, 10, 0, 2016, 0, 19, 10, 30, 'Mauricio Barahona', 1, 44, '2015-12-24 15:52:29', '2015-12-24 15:52:29'),
(569, 2016, 0, 20, 10, 0, 2016, 0, 20, 10, 30, 'Mauricio Barahona', 1, 44, '2015-12-24 15:52:33', '2015-12-24 15:52:33'),
(570, 2016, 0, 21, 10, 0, 2016, 0, 21, 10, 30, 'Mauricio Barahona', 1, 44, '2015-12-24 15:52:36', '2015-12-24 15:52:36'),
(571, 2015, 11, 30, 20, 0, 2015, 11, 30, 20, 30, 'Bélgica Balcázar', 1, 41, '2015-12-24 15:54:27', '2015-12-24 15:54:27'),
(572, 2016, 0, 8, 20, 0, 2016, 0, 8, 20, 30, 'Bélgica Balcázar', 1, 41, '2015-12-24 15:54:34', '2015-12-24 15:54:34'),
(573, 2015, 11, 28, 20, 0, 2015, 11, 28, 20, 30, 'Bélgica Balcázar', 1, 41, '2015-12-24 15:55:05', '2015-12-24 15:55:05'),
(574, 2015, 11, 29, 20, 0, 2015, 11, 29, 20, 30, 'Bélgica Balcázar', 1, 41, '2015-12-24 15:55:08', '2015-12-24 15:55:08'),
(575, 2016, 0, 4, 20, 0, 2016, 0, 4, 20, 30, 'Bélgica Balcázar', 1, 41, '2015-12-24 15:55:23', '2015-12-24 15:55:23'),
(576, 2016, 0, 5, 20, 0, 2016, 0, 5, 20, 30, 'Bélgica Balcázar', 1, 41, '2015-12-24 15:55:27', '2015-12-24 15:55:27'),
(577, 2016, 0, 6, 20, 0, 2016, 0, 6, 20, 30, 'Bélgica Balcázar', 1, 41, '2015-12-24 15:55:32', '2015-12-24 15:55:32'),
(578, 2016, 0, 7, 20, 0, 2016, 0, 7, 20, 30, 'Bélgica Balcázar', 1, 41, '2015-12-24 15:55:35', '2015-12-24 15:55:35'),
(579, 2016, 0, 9, 11, 0, 2016, 0, 9, 11, 30, 'Bélgica Balcázar', 1, 41, '2015-12-24 15:55:59', '2015-12-24 15:55:59'),
(580, 2016, 0, 11, 20, 0, 2016, 0, 11, 20, 30, 'Bélgica Balcázar', 1, 41, '2015-12-24 15:56:29', '2015-12-24 15:56:29'),
(581, 2016, 0, 12, 20, 0, 2016, 0, 12, 20, 30, 'Bélgica Balcázar', 1, 41, '2015-12-24 15:56:34', '2015-12-24 15:56:34'),
(582, 2016, 0, 13, 20, 0, 2016, 0, 13, 20, 30, 'Bélgica Balcázar', 1, 41, '2015-12-24 15:56:38', '2015-12-24 15:56:38'),
(583, 2016, 0, 14, 20, 0, 2016, 0, 14, 20, 30, 'Bélgica Balcázar', 1, 41, '2015-12-24 15:56:42', '2015-12-24 15:56:42'),
(584, 2016, 0, 15, 20, 0, 2016, 0, 15, 20, 30, 'Bélgica Balcázar', 1, 41, '2015-12-24 15:56:48', '2015-12-24 15:56:48'),
(585, 2016, 0, 18, 20, 0, 2016, 0, 18, 20, 30, 'Bélgica Balcázar', 1, 41, '2015-12-24 15:57:46', '2015-12-24 15:57:46'),
(586, 2016, 0, 11, 12, 0, 2016, 0, 11, 12, 30, 'Camila Astorga', 1, 30, '2015-12-24 15:58:48', '2015-12-24 15:58:48'),
(587, 2016, 0, 12, 12, 0, 2016, 0, 12, 12, 30, 'Camila Astorga', 1, 30, '2015-12-24 15:58:52', '2015-12-24 15:58:52'),
(588, 2016, 0, 13, 12, 0, 2016, 0, 13, 12, 30, 'Camila Astorga', 1, 30, '2015-12-24 15:58:57', '2015-12-24 15:58:57'),
(589, 2016, 0, 14, 12, 0, 2016, 0, 14, 12, 30, 'Camila Astorga', 1, 30, '2015-12-24 15:59:01', '2015-12-24 15:59:01'),
(590, 2016, 0, 15, 12, 0, 2016, 0, 15, 12, 30, 'Camila Astorga', 1, 30, '2015-12-24 15:59:08', '2015-12-24 15:59:08'),
(591, 2016, 0, 16, 12, 0, 2016, 0, 16, 12, 30, 'Camila Astorga', 1, 30, '2015-12-24 15:59:12', '2015-12-24 15:59:12'),
(592, 2016, 0, 18, 12, 0, 2016, 0, 18, 12, 30, 'Camila Astorga', 1, 30, '2015-12-24 15:59:27', '2015-12-24 15:59:27'),
(593, 2016, 0, 19, 12, 0, 2016, 0, 19, 12, 30, 'Camila Astorga', 1, 30, '2015-12-24 15:59:31', '2015-12-24 15:59:31'),
(594, 2016, 0, 20, 12, 0, 2016, 0, 20, 12, 30, 'Camila Astorga', 1, 30, '2015-12-24 15:59:39', '2015-12-24 15:59:39'),
(595, 2016, 0, 21, 12, 0, 2016, 0, 21, 12, 30, 'Camila Astorga', 1, 30, '2015-12-24 16:00:02', '2015-12-24 16:00:02'),
(596, 2016, 0, 22, 12, 0, 2016, 0, 22, 12, 30, 'Camila Astorga', 1, 30, '2015-12-24 16:00:07', '2015-12-24 16:00:07'),
(597, 2016, 0, 23, 12, 0, 2016, 0, 23, 12, 30, 'Camila Astorga', 1, 30, '2015-12-24 16:00:12', '2015-12-24 16:00:12'),
(598, 2016, 0, 8, 19, 0, 2016, 0, 8, 19, 30, 'Alvaro Albórnoz', 1, 40, '2015-12-24 16:00:48', '2015-12-24 16:00:48'),
(599, 2016, 0, 8, 20, 0, 2016, 0, 8, 20, 30, 'Alvaro Albórnoz', 1, 40, '2015-12-24 16:00:54', '2015-12-24 16:00:54'),
(600, 2015, 11, 28, 19, 0, 2015, 11, 28, 19, 30, 'Jorge Araya', 1, 55, '2015-12-24 16:46:15', '2015-12-24 16:46:15'),
(601, 2015, 11, 28, 20, 0, 2015, 11, 28, 20, 30, 'Jorge Araya', 1, 55, '2015-12-24 16:46:19', '2015-12-24 16:46:19'),
(602, 2015, 11, 28, 19, 0, 2015, 11, 28, 19, 30, 'Monserrat Ferrada', 1, 54, '2015-12-28 16:30:22', '2015-12-28 16:30:22'),
(603, 2015, 11, 28, 20, 0, 2015, 11, 28, 20, 30, 'Monserrat Ferrada', 1, 54, '2015-12-28 16:30:28', '2015-12-28 16:30:28'),
(604, 2015, 11, 30, 19, 0, 2015, 11, 30, 19, 30, 'Monserrat Ferrada', 1, 54, '2015-12-28 16:30:33', '2015-12-28 16:30:33'),
(605, 2015, 11, 30, 20, 0, 2015, 11, 30, 20, 30, 'Monserrat Ferrada', 1, 54, '2015-12-28 16:30:37', '2015-12-28 16:30:37'),
(606, 2016, 0, 8, 19, 0, 2016, 0, 8, 19, 30, 'Monserrat Ferrada', 1, 54, '2015-12-28 16:30:45', '2015-12-28 16:30:45'),
(607, 2016, 0, 8, 20, 0, 2016, 0, 8, 20, 30, 'Monserrat Ferrada', 1, 54, '2015-12-28 16:30:50', '2015-12-28 16:30:50'),
(608, 2016, 0, 12, 16, 0, 2016, 0, 12, 16, 30, 'Monserrat Ferrada', 1, 54, '2015-12-28 16:31:16', '2015-12-28 16:31:16'),
(609, 2016, 0, 13, 17, 0, 2016, 0, 13, 17, 30, 'Monserrat Ferrada', 1, 54, '2015-12-28 16:31:21', '2015-12-28 16:31:21'),
(610, 2016, 0, 14, 16, 0, 2016, 0, 14, 16, 30, 'Monserrat Ferrada', 1, 54, '2015-12-28 16:31:25', '2015-12-28 16:31:25'),
(611, 2016, 0, 15, 17, 0, 2016, 0, 15, 17, 30, 'Monserrat Ferrada', 1, 54, '2015-12-28 16:31:31', '2015-12-28 16:31:31'),
(612, 2016, 0, 18, 16, 0, 2016, 0, 18, 16, 30, 'Monserrat Ferrada', 1, 54, '2015-12-28 16:31:40', '2015-12-28 16:31:40'),
(613, 2016, 0, 19, 13, 0, 2016, 0, 19, 13, 30, 'Monserrat Ferrada', 1, 54, '2015-12-28 16:32:00', '2015-12-28 16:32:00'),
(614, 2016, 0, 20, 16, 0, 2016, 0, 20, 16, 30, 'Monserrat Ferrada', 1, 54, '2015-12-28 16:32:05', '2015-12-28 16:32:05'),
(615, 2016, 0, 21, 16, 0, 2016, 0, 21, 16, 30, 'Monserrat Ferrada', 1, 54, '2015-12-28 16:32:08', '2015-12-28 16:32:08'),
(616, 2016, 0, 22, 13, 0, 2016, 0, 22, 13, 30, 'Monserrat Ferrada', 1, 54, '2015-12-28 16:32:13', '2015-12-28 16:32:13'),
(617, 2016, 0, 25, 12, 0, 2016, 0, 25, 12, 30, 'Monserrat Ferrada', 1, 54, '2015-12-28 16:32:31', '2015-12-28 16:32:31'),
(618, 2016, 0, 26, 12, 0, 2016, 0, 26, 12, 30, 'Monserrat Ferrada', 1, 54, '2015-12-28 16:32:36', '2015-12-28 16:32:36'),
(619, 2016, 0, 27, 13, 0, 2016, 0, 27, 13, 30, 'Monserrat Ferrada', 1, 54, '2015-12-28 16:32:49', '2015-12-28 16:32:49'),
(636, 2016, 0, 25, 11, 0, 2016, 0, 25, 11, 30, 'Macarena Moya', 1, 56, '2015-12-28 19:44:46', '2015-12-28 19:44:46'),
(635, 2016, 0, 23, 11, 0, 2016, 0, 23, 11, 30, 'Macarena Moya', 1, 56, '2015-12-28 19:44:36', '2015-12-28 19:44:36'),
(633, 2016, 0, 21, 18, 0, 2016, 0, 21, 18, 30, 'Macarena Moya', 1, 56, '2015-12-28 19:44:36', '2015-12-28 19:44:36'),
(634, 2016, 0, 22, 18, 0, 2016, 0, 22, 18, 30, 'Macarena Moya', 1, 56, '2015-12-28 19:44:36', '2015-12-28 19:44:36'),
(632, 2016, 0, 20, 18, 0, 2016, 0, 20, 18, 30, 'Macarena Moya', 1, 56, '2015-12-28 19:44:18', '2015-12-28 19:44:18'),
(631, 2016, 0, 19, 18, 0, 2016, 0, 19, 18, 30, 'Macarena Moya', 1, 56, '2015-12-28 19:44:16', '2015-12-28 19:44:16'),
(630, 2016, 0, 18, 18, 0, 2016, 0, 18, 18, 30, 'Macarena Moya', 1, 56, '2015-12-28 19:44:11', '2015-12-28 19:44:11'),
(637, 2016, 0, 26, 11, 0, 2016, 0, 26, 11, 30, 'Macarena Moya', 1, 56, '2015-12-28 19:44:50', '2015-12-28 19:44:50'),
(638, 2016, 0, 27, 11, 0, 2016, 0, 27, 11, 30, 'Macarena Moya', 1, 56, '2015-12-28 19:44:54', '2015-12-28 19:44:54'),
(639, 2016, 0, 28, 11, 0, 2016, 0, 28, 11, 30, 'Macarena Moya', 1, 56, '2015-12-28 19:44:59', '2015-12-28 19:44:59'),
(640, 2016, 0, 29, 11, 0, 2016, 0, 29, 11, 30, 'Macarena Moya', 1, 56, '2015-12-28 19:45:05', '2015-12-28 19:45:05'),
(641, 2016, 0, 30, 11, 0, 2016, 0, 30, 11, 30, 'Macarena Moya', 1, 56, '2015-12-28 19:45:12', '2015-12-28 19:45:12'),
(642, 2016, 0, 18, 17, 0, 2016, 0, 18, 17, 30, 'Jorge Araya', 1, 55, '2015-12-29 12:22:02', '2015-12-29 12:22:02'),
(643, 2016, 0, 19, 17, 0, 2016, 0, 19, 17, 30, 'Jorge Araya', 1, 55, '2015-12-29 12:22:06', '2015-12-29 12:22:06'),
(644, 2016, 0, 20, 17, 0, 2016, 0, 20, 17, 30, 'Jorge Araya', 1, 55, '2015-12-29 12:22:11', '2015-12-29 12:22:11'),
(645, 2016, 0, 21, 17, 0, 2016, 0, 21, 17, 30, 'Jorge Araya', 1, 55, '2015-12-29 12:22:17', '2015-12-29 12:22:17'),
(646, 2016, 0, 22, 17, 0, 2016, 0, 22, 17, 30, 'Jorge Araya', 1, 55, '2015-12-29 12:22:22', '2015-12-29 12:22:22'),
(647, 2015, 11, 30, 19, 0, 2015, 11, 30, 19, 30, 'Jorge Araya', 1, 55, '2015-12-29 12:23:26', '2015-12-29 12:23:26'),
(648, 2015, 11, 30, 20, 0, 2015, 11, 30, 20, 30, 'Jorge Araya', 1, 55, '2015-12-29 12:23:31', '2015-12-29 12:23:31'),
(649, 2016, 0, 8, 19, 0, 2016, 0, 8, 19, 30, 'Jorge Araya', 1, 55, '2015-12-29 12:23:41', '2015-12-29 12:23:41'),
(650, 2016, 0, 8, 20, 0, 2016, 0, 8, 20, 30, 'Jorge Araya', 1, 55, '2015-12-29 12:23:45', '2015-12-29 12:23:45'),
(664, 2016, 0, 28, 14, 0, 2016, 0, 28, 14, 30, 'Johanna Sánchez', 1, 27, '2015-12-29 15:20:04', '2015-12-29 15:20:04'),
(665, 2016, 0, 30, 14, 0, 2016, 0, 30, 14, 30, 'Johanna Sánchez', 1, 27, '2015-12-29 15:20:11', '2015-12-29 15:20:11'),
(666, 2016, 1, 1, 13, 0, 2016, 1, 1, 13, 30, 'Johanna Sánchez', 1, 27, '2015-12-29 15:20:27', '2015-12-29 15:20:27'),
(667, 2016, 1, 3, 13, 0, 2016, 1, 3, 13, 30, 'Johanna Sánchez', 1, 27, '2015-12-29 15:20:32', '2015-12-29 15:20:32'),
(671, 2016, 0, 12, 17, 0, 2016, 0, 12, 17, 30, 'Rafaela Henríquez', 1, 64, '2016-01-04 14:34:43', '2016-01-04 14:34:43'),
(676, 2016, 0, 18, 18, 0, 2016, 0, 18, 18, 30, 'Rafaela Henríquez', 1, 64, '2016-01-04 14:36:21', '2016-01-04 14:36:21'),
(677, 2016, 0, 20, 18, 0, 2016, 0, 20, 18, 30, 'Rafaela Henríquez', 1, 64, '2016-01-04 14:36:30', '2016-01-04 14:36:30'),
(678, 2016, 0, 25, 18, 0, 2016, 0, 25, 18, 30, 'Rafaela Henríquez', 1, 64, '2016-01-04 14:36:48', '2016-01-04 14:36:48'),
(679, 2016, 0, 26, 18, 0, 2016, 0, 26, 18, 30, 'Rafaela Henríquez', 1, 64, '2016-01-04 14:36:53', '2016-01-04 14:36:53'),
(680, 2016, 0, 27, 18, 0, 2016, 0, 27, 18, 30, 'Rafaela Henríquez', 1, 64, '2016-01-04 14:36:59', '2016-01-04 14:36:59'),
(681, 2016, 0, 28, 18, 0, 2016, 0, 28, 18, 30, 'Rafaela Henríquez', 1, 64, '2016-01-04 14:37:03', '2016-01-04 14:37:03'),
(682, 2016, 0, 29, 18, 0, 2016, 0, 29, 18, 30, 'Rafaela Henríquez', 1, 64, '2016-01-04 14:37:08', '2016-01-04 14:37:08'),
(683, 2016, 0, 30, 10, 0, 2016, 0, 30, 10, 30, 'Rafaela Henríquez', 1, 64, '2016-01-04 14:37:17', '2016-01-04 14:37:17');

-- --------------------------------------------------------

--
-- Estructura de tabla para la tabla `info_financiero`
--

CREATE TABLE IF NOT EXISTS `info_financiero` (
  `id` int(11) NOT NULL AUTO_INCREMENT,
  `fecha` date DEFAULT NULL,
  `monto` int(11) DEFAULT NULL,
  `giro` int(11) DEFAULT NULL,
  `transferencia` int(11) DEFAULT NULL,
  `motivo` varchar(255) DEFAULT NULL,
  `saldo` int(11) DEFAULT NULL,
  `cc` int(11) DEFAULT NULL,
  `caja_chica` int(11) DEFAULT NULL,
  `total` int(11) DEFAULT NULL,
  `foto` varchar(255) DEFAULT NULL,
  PRIMARY KEY (`id`)
) ENGINE=MyISAM  DEFAULT CHARSET=latin1 AUTO_INCREMENT=181 ;

--
-- Volcado de datos para la tabla `info_financiero`
--

INSERT INTO `info_financiero` (`id`, `fecha`, `monto`, `giro`, `transferencia`, `motivo`, `saldo`, `cc`, `caja_chica`, `total`, `foto`) VALUES
(6, '2015-11-30', 80000, 80000, 0, 'transferido para ceachei por boletas de Andres Saavedra', 0, 0, 0, 0, NULL),
(7, '2015-12-07', 50000, 0, 0, 'Inscripcion Daniela Morales', 50000, 50000, 0, 50000, NULL),
(8, '2015-12-07', 50000, 0, 0, 'Inscripción Yoanna Valeska', 100000, 100000, 0, 100000, NULL),
(9, '2015-12-07', 50000, 0, 0, 'Inscripcion Patricia Ximena', 150000, 150000, 0, 150000, NULL),
(10, '2015-12-07', 5000, 0, 0, 'Venta de libro Patricia Guzman', 155000, 155000, 0, 155000, NULL),
(11, '2015-12-09', 50000, 0, 0, 'Pago a través de Sistema de red compra Carlos Romero ', 205000, 205000, 0, 205000, 'carlos_romer.jpg'),
(16, '2015-12-18', 535000, 0, 0, '$89.990                camila astorga\r\n$89.990 + 5.000   Emilio G\r\n$89.990  +5.000   Anita S    \r\n$50.000                Disleyne \r\n$89.990+5.000     Agustin G\r\n$89.900+5000      Camila R\r\n$50.000+5.000     Benjamin M.\r\n$50.000                Mauricio    ', 205000, 205000, 0, 740000, 'deposito_2.jpg'),
(17, '2015-12-15', 0, 30000, 0, 'Combustible, Kia 1 $20.000 /Kia 2 $10.000', 740000, 710000, 0, 710000, 'gasto_cma.jpg'),
(18, '2015-12-18', 0, 0, 40000, 'Jorge Valdes: Compra de 15 libros de conductor, mas costo por envió\r\nCosto por libro $2.200 \r\n', 710000, 669470, 0, 670000, 'Transferencia_Jorge_Valdes.png'),
(19, '2015-12-20', 212084, 0, 0, 'TARJETA DE CREDITO\r\n$89.900 Julie N\r\n$89.900 Belgica B\r\n$40.000 Alvaro A.', 670000, 881554, 0, 881554, 'credito.jpg'),
(20, '2015-12-17', 50000, 0, 0, 'Pago con documento Alumno Carlos C. ', 881554, 931554, 0, 931554, NULL),
(21, '2015-12-20', 97987, 0, 0, 'debito\r\ncamila astorga $5.000\r\nbelgica balcazar$5.000\r\nmillaray e.          $89.900', 931554, 1029541, 0, 1029541, 'debito.jpg'),
(22, '2015-12-18', 100000, 0, 0, 'Inscripción efectivo\r\ncarlos quezada $50.000\r\nAmanda leiva $ 50.000', 1029541, 1129541, 0, 1129541, NULL),
(23, '2015-12-21', 135000, 0, 0, 'Inscripción y segunda cuota en efectivo\r\nDaniela Morales $39900 segunda cuota\r\nFrancisco Tapia $89.900 \r\nFrancisco Tapia $  5.000 libro \r\n\r\n', 1129541, 1264541, 0, 1264541, NULL),
(29, '2015-12-27', 0, 8370, 0, 'Supermercado Acuenta\r\n3 resma de hojas cartas', 1404441, 1396071, 0, 1396071, NULL),
(25, '2015-12-21', 89900, 0, 0, 'cheque\r\nMaximiliano Basai', 1264541, 1264541, 0, 1354441, NULL),
(28, '2015-12-27', 50000, 0, 0, 'Inscripcion\r\nJorge Araya 1 cuota', 1354441, 1404441, 0, 1404441, NULL),
(30, '2015-12-27', 0, 0, 39990, 'Microhondas', 1396071, 1356081, 0, 1356081, NULL),
(31, '2015-12-27', 0, 0, 28700, 'Piola embrague kia 36', 1356081, 1327381, 0, 1327381, NULL),
(32, '2015-12-27', 0, 0, 29530, 'PISO EXTERIOR', 1327381, 1297851, 0, 1297851, NULL),
(33, '2015-12-27', 0, 0, 100000, 'Adelanto Jose atraves de cuenta personal Jorge\r\n(rembolso)', 1297851, 1197851, 0, 1197851, NULL),
(34, '2015-12-28', 0, 0, 21000, 'combustible kia 36', 1197851, 1176851, 0, 1176851, NULL),
(36, '2015-12-28', 0, 0, 23681, 'Cenicero metálico \r\nrembolso cuenta jorge', 1176851, 1153170, 0, 1153170, NULL),
(37, '2015-12-28', 0, 0, 1320, 'estacionamiento diez de julio compra de pc y accesorios\r\nrembolso cuenta de jorge', 1153170, 1151850, 0, 1151850, NULL),
(38, '2015-12-28', 0, 0, 16280, 'Easy caja portatil', 1151850, 1135570, 0, 1135570, NULL),
(39, '2015-12-28', 0, 0, 13875, 'Diario oficial\r\nrembolso eduardo', 1135570, 1121695, 0, 1121695, NULL),
(40, '2015-12-28', 0, 0, 278399, 'Computadores y accesorios fact 7152', 1121695, 843296, 0, 843296, NULL),
(41, '2015-12-28', 0, 0, 12500, 'Revisión técnica morning 36', 843296, 830796, 0, 830796, NULL),
(42, '2015-12-28', 0, 0, 1500, 'estacionamiento seremi\r\nrembolso eduardo', 830796, 829296, 0, 829296, NULL),
(43, '2015-12-29', 0, 0, 50000, 'Caja chica\r\nrembolso eduardo', 829296, 779296, 50000, 779296, NULL),
(44, '2015-12-30', 0, 0, 16970, 'Autoplanet', 779296, 762326, 50000, 762326, 'Cierre_DICIEMBRE_2015.png'),
(45, '2016-01-02', 0, 0, 331477, 'Sueldo Jose Vasquez', 762326, 430849, 50000, 430849, NULL),
(46, '2016-01-02', 0, 0, 235988, 'Sueldo Nicole Brown', 430849, 194861, 50000, 194861, NULL),
(47, '2016-01-02', 0, 0, 76000, 'Sueldo Jorge Valdes', 194861, 118861, 50000, 118861, NULL),
(49, '2016-01-04', 94000, 0, 0, 'Efectivo\r\nPatricia Guzman $39.900 2 cuota\r\nCristina Soto $50.000 Inscripción\r\nJohana Sanchez $4.000', 118861, 212861, 50000, 212861, NULL),
(50, '2016-01-04', 39900, 0, 0, 'Cheque\r\nCarlos Cordero $39.900 2 cuota', 212861, 252761, 50000, 252861, NULL),
(51, '2016-01-04', 586044, 0, 0, 'Debito\r\nJaviera Castillo $89.990 inscripcion\r\nAlvaro Albornoz $4.000 libro\r\nDavid navarrete $ 50.000 inscripcion\r\nAmanda Leiva $ 39.900 2 cuota\r\nBenjamin Medina $ 39.900 2 cuota\r\nDavid Leal $89.900 inscripcion\r\nRamon Yañez $89.900 inscripcion\r\nDenisse Mar', 252861, 838805, 50000, 838805, NULL),
(52, '2016-01-04', 346977, 0, 0, 'Credito\r\nNicol Sotelo $89.900 inscripción \r\nKarla Ortiz $ 89.900 inscripción \r\nMonserrat Ferrada $89.900 inscripción \r\nDenisse Marchant $ 39.900 inscripción \r\nFerrada Leiva $50.000 inscripción ', 838805, 1185782, 50000, 1185782, NULL),
(53, '2016-01-04', 4000, 0, 0, 'libro\r\namanda leiva', 1185782, 1189782, 50000, 1189782, NULL),
(54, '2016-01-04', 0, 0, 540000, 'Arriendo mes de Enero ', 1189782, 649782, 50000, 649782, NULL),
(55, '2016-01-04', 60000, 0, 0, 'Sub arriendo ceachei', 649782, 709782, 50000, 709782, NULL),
(56, '2016-01-04', 0, 0, 64200, 'Chilectra\r\nvencimiento 7 de enero 2015', 709782, 645582, 50000, 645582, NULL),
(57, '2016-01-05', 0, 12500, 0, 'Revisión técnica kia 37', 645582, 633082, 50000, 633082, 'ima.jpeg'),
(58, '2016-01-06', 0, 20000, 0, 'Bencina Kia 37', 633082, 613082, 50000, 613082, NULL),
(59, '2016-01-08', 0, 20000, 0, 'Bencina \r\nKia 36', 613082, 593082, 50000, 593082, NULL),
(60, '2016-01-08', 291800, 0, 0, 'Efectivo Lunes 04 enero 2015\r\n\r\nRafael Henriquez $50.000 Inscripcion\r\nKarina Catalan $ 89.900+4.000\r\nJudhit Guajardo $ 50.000 + 4.000\r\nGerardo SOrio $ 89.900\r\nMichael Crisostomo $ 4.000\r\n \r\n\r\n', 593082, 884882, 50000, 884882, NULL),
(61, '2016-01-08', 202000, 0, 0, 'Efectivo Martes y miercoles  05 y 06 de enero 2016\r\nAndrea Yañez $50.000\r\nAntoanet Bravo $89.900\r\nValentina Espinoza 4.000\r\nYessica Perez $50.000+4000\r\nCarolina Navarro $4.000\r\n', 884882, 1086882, 50000, 1086882, NULL),
(62, '2016-01-08', 179800, 0, 0, 'Cheque\r\nMATIAS Y DIARDRA ZUÑIGA', 1086882, 1266682, 50000, 1266682, NULL),
(63, '2016-01-08', 360000, 0, 0, 'Efectivo Jueves 07 de enero 2016\r\nRafaela Henriquez $39.900 2 cuota\r\nEstefany Quezada $50.000\r\nValentina Espinoza $89.900\r\nMaria Tereza $89.900\r\nAmerico Velasquez $89.900', 1266682, 1626682, 50000, 1626682, NULL),
(64, '2016-01-08', 0, 0, 0, 'Viernes 08 de enero 2016\r\n\r\nSin ingresos', 1626682, 1626682, 50000, 1626682, NULL),
(65, '2016-01-09', 0, 0, 62022, 'Seguros Bci\r\nMes de Diciembre y Enero', 1626682, 1564660, 50000, 1564660, NULL),
(66, '2016-01-09', 0, 29000, 0, 'Reembolso caja chica de los siguientes gastos:\r\n20000	Caja Chica	Bencina CLPB36\r\n3000	Caja Chica	Copia de Llaves\r\n300	Caja Chica	Monedas para vuelto\r\n1690	Caja Chica	Cuaderno Asistencia\r\n4000	Caja Chica	Devolución de libro por doble matricula.', 1564660, 1535660, 50000, 1535660, NULL),
(67, '2016-01-09', 0, 0, 35464, 'Reembolso de gastos a Eduardo:\r\nImportadora Ital Freno $24.164\r\nNotaria contrato de arriendo $5.000\r\nEstacionamiento Notaria $1.500\r\nChalecos reflectantes (2) $4.800\r\n', 1535660, 1500196, 50000, 1500196, NULL),
(68, '2016-01-08', 0, 0, 15000, 'Automotriz Gaona\r\nCambio de balatas y freno morning 36', 1500196, 1485196, 50000, 1485196, NULL),
(69, '2016-01-08', 317499, 0, 0, 'Debitos\r\nFelipe Cardenas $89.900\r\nPaloma Bascuñan $89.900\r\nKatty Morales $50.000\r\nDisleynne $39.900\r\nRamon Yañez $4.000\r\nMacarena Soto $ 50.000', 1485196, 1802695, 50000, 1802695, NULL),
(70, '2016-01-09', 86745, 0, 0, 'Credito\r\nCarolina Navarro $89.900', 1802695, 1889440, 50000, 1889440, NULL),
(71, '2016-01-11', 54000, 0, 0, 'Lunes 11 de enero 2016\r\nAracely Gonzalez $ 50.000 + 4.000', 1889440, 1943440, 50000, 1943440, NULL),
(72, '2016-01-12', 0, 65000, 0, 'Termo laminadora, guillotina, laminas de cartas y oficio\r\n\r\nJorge Barrera Debe $10.000 por compras personales en la misma factura', 1943440, 1878440, 50000, 1878440, NULL),
(73, '2016-01-12', 0, 0, 100000, 'Prestamo Jorge Barrera', 1878440, 1778440, 50000, 1778440, NULL),
(74, '2016-01-12', 100000, 0, 0, 'devolucion de Jorge Barrera por prestamo', 1778440, 1878440, 50000, 1878440, NULL),
(75, '2016-01-12', 0, 0, 71400, '30 Libros de escuela Jorge Valdes', 1878440, 1807040, 50000, 1807040, NULL),
(76, '2016-01-16', 0, 23080, 0, 'Lider Factura 46343211\r\nArticulos de oficina', 1807040, 1783960, 50000, 1783960, NULL),
(77, '2016-01-14', 0, 15542, 0, 'Santa Isabel factura 3892573\r\nArticulos de aseo', 1783960, 1768418, 50000, 1768418, NULL),
(78, '2016-01-13', 0, 8797, 0, 'combustible PPU CBWD97', 1768418, 1759621, 50000, 1759621, NULL),
(79, '2016-01-13', 0, 21572, 0, 'Combustible PPU 21572', 1759621, 1738049, 50000, 1738049, NULL),
(80, '2016-01-16', 0, 12980, 0, 'Easy Factura 11331177', 1738049, 1725069, 50000, 1725069, NULL),
(81, '2016-01-11', 275000, 0, 0, 'Lunes 11/01/16\r\nDiego Gavidia         $89.900\r\nHumbert Saintil       $45.000\r\nJennifer Sandoval   $50.000\r\nEduardo Barraza    $89.900\r\n\r\n ', 1725069, 2000069, 50000, 2000069, NULL),
(82, '2016-01-12', 50000, 0, 0, 'Martes 12/01/16\r\nJosé Miguel Salin $ 50.000', 2000069, 2050069, 50000, 2050069, NULL),
(83, '2016-01-13', 95000, 0, 0, 'Miercoles 13/09/16\r\nMauricio Barahona $39.900 2 cuota\r\nAna Maria Peraylillo $ 50.000 + 4.000\r\n', 2050069, 2145069, 50000, 2145069, NULL),
(84, '2016-01-14', 129800, 0, 0, 'Jueves 14/01/16\r\nRudiger Alvarez $89.900\r\nMacarena Moya  $39.900 cuota 2', 2145069, 2274869, 50000, 2274869, NULL),
(85, '2016-01-15', 39900, 0, 0, 'Viernes 15/01/16\r\nCristina Soto $39.900', 2274869, 2314769, 50000, 2314769, NULL),
(86, '2016-01-16', 89900, 0, 0, 'Sabado 16/01/16\r\nRobertoLeiva $89.900', 2314769, 2404669, 50000, 2404669, NULL),
(87, '2016-01-19', 679600, 0, 0, 'Deposito en efectivo semana del 11 al 16 de enero 2016 Detalle semanal\r\n\r\nTotal Inscripciones completas (4) $ 359.600\r\nTotal Inscripciones con cuota (4)  $ 195.000\r\nTotal segundas cuotas (3)           $ 119.700\r\nTotal libros (1)                           ', 2404669, 2404669, 50000, 2404669, NULL),
(88, '2016-01-18', 205000, 0, 0, 'Lunes 18/01/16\r\nIsidora Bello    $Cheque\r\nTania Bello      $ 10.000 Inscripcion  por cuotas (dos alumnos)\r\nMauricio Soto  $ 89.900\r\nJuan Pablo J.  $ 50.000 + 4.000\r\nMalcom           $ 50.000\r\n\r\nTotal                $203.900\r\n\r\n\r\n', 2404669, 2609699, 50000, 2609699, NULL),
(89, '2016-01-18', 89000, 0, 0, 'Lunes 18/01/16\r\nIsidora Bello $Cheque\r\nTania Bello   $Cheque    ($10.000 en efectivo)\r\n\r\nPago con cheque de dos alumnos mas $10.000 en efectivo depositado en detalle anterior', 2609699, 2698699, 50000, 2698699, NULL),
(90, '2016-01-19', 0, 11970, 0, 'Maquina billetes falsos $ 5.000\r\n\r\nJorge Barrera Debe $6.970 por compras personales en la misma factura ', 2698699, 2686729, 50000, 2686729, NULL),
(91, '2016-01-19', 0, 6850, 0, 'Smapa mes de diciembre', 2686729, 2679879, 50000, 2679879, NULL),
(92, '2016-01-20', 0, 15000, 0, 'Combustible Kia negro Jorge Barrera', 2679879, 2664879, 50000, 2664879, NULL),
(93, '2015-12-19', 89900, 0, 0, 'Cheque fecha \r\nCarlos Ibarra $89.900', 2664879, 2754779, 50000, 2754779, NULL),
(98, '2016-01-19', 187800, 0, 0, 'Martes 19/01/16\r\nLinda Moore       $89.900 + 4.000\r\nCarmen Castillo  $89.900\r\nGerardo Osorio  $  4.000', 2737788, 2925588, 50000, 2925588, NULL),
(97, '2016-01-20', 0, 16991, 0, 'Barra Equipaje.	46125603	Eduardo Morales', 2754779, 2737788, 50000, 2737788, NULL),
(99, '2016-01-20', 129800, 0, 0, 'Miércoles 20/01/16\r\nCharlotte Orellana    $89.900\r\nMakarena Soto         $39.900\r\n', 2925588, 3055388, 50000, 3055388, NULL),
(100, '2016-01-21', 223700, 0, 0, 'Jueves 21/01/16\r\nCarlos Romero          $39.900\r\nM. Jesus Cardenas   $89.900\r\nFranz Willenbrick       $89.900\r\nEstefany Quezada     $  4.000 ', 3055388, 3279088, 50000, 3279088, NULL),
(101, '2016-01-22', 173700, 0, 0, 'Viernes 22/01/16\r\nMiguel Carvajal     $50.000 + 4.000\r\nYessica Perez       $39.900\r\nAndrea Yañez       $39.900\r\nCarlos Quezada    $39.900', 3279088, 3452788, 50000, 3452788, NULL),
(102, '2016-01-23', 0, 0, 0, 'Sábado 23/01/16\r\nSin Ingresos', 0, 3452788, 50000, 3452788, NULL),
(103, '2016-01-25', 0, 14000, 0, 'Contrato de arriendo estacionamiento', 3452788, 3438788, 50000, 3438788, NULL),
(104, '2016-01-25', 0, 40000, 0, 'Reembolso caja chica\r\n2016-01-19	20000	Caja Chica	Bencina CLPB36	3231745	José Vasquez	Eduardo Morales\r\n2016-01-14	20000	Caja Chica	Bencina CBWD37	3231503	Jorge Barrera', 3438788, 3398788, 50000, 3398788, NULL),
(105, '2016-01-26', 0, 45000, 0, 'Reembolso por gasto personal de combustible \r\n2016-01-26	15000	Jorge Barrera	        Bencina BGTZ89	3232100    	Jorge Barrera\r\n2016-01-26	15000	Eduardo Morales	Bencina CLPB36	3232100	        Jose Vasquez\r\n2016-01-22	15000	Jorge Barrera	        Bencina BGT', 3398788, 3353788, 50000, 3353788, NULL),
(108, '2016-01-27', 0, 0, 482900, 'Eton moraga\r\nArriendo estacionamiento ', 3323788, 2840888, 50000, 2840888, NULL),
(107, '2016-01-26', 0, 0, 30000, 'Gastos de Arquitecto\r\nAndres Saavedra', 3353788, 3323788, 50000, 3323788, NULL),
(109, '2016-01-28', 0, 0, 70000, 'Primera cuota Tato estacionamiento Bicicleta', 2840888, 2771356, 50000, 2770888, NULL),
(110, '2016-01-30', 0, 12500, 0, 'Revisión técnica 37 ', 2770888, 2758388, 50000, 2758388, NULL),
(111, '2016-01-29', 0, 19473, 0, '2016-01-29	19473	Caja Escuela	Bencina CLPB36	3256735	Eduardo Morales	Eduardo Morales', 2758388, 2739383, 50000, 2738915, NULL),
(112, '2016-01-30', 0, 0, 12500, 'Claro Internet mes de enero', 2738915, 2726883, 50000, 2726415, NULL),
(113, '2016-01-30', 0, 0, 379684, 'Sueldo Nicol Salas (Enero)', 2726415, 2347199, 50000, 2346731, NULL),
(114, '2016-01-30', 0, 0, 451553, 'Sueldo Jose Vasquez (Enero)', 2346731, 1895646, 50000, 1895178, NULL),
(115, '2016-01-30', 0, 0, 250000, 'Sueldo Ricardo Cornejo (Enero)', 1895178, 1645178, 50000, 1645178, NULL),
(116, '2016-01-30', 0, 0, 40000, 'Sueldo Jorge Valdes (enero)', 1645178, 1605178, 50000, 1605178, NULL),
(117, '2016-01-30', 0, 0, 80000, 'Sueldo Alexy Barahona (Enero)', 1605178, 1525178, 50000, 1525178, NULL),
(118, '2016-01-30', 0, 0, 100000, 'Arriendo Kia negro', 1525178, 1425178, 50000, 1425178, NULL),
(119, '2016-02-01', 0, 0, 100000, 'Diferencia Estacionamiento de bicicleta Tato', 1425178, 1325178, 50000, 1325178, NULL),
(120, '2016-02-01', 0, 0, 10000, 'Sodimac 6 ampolletas ahorro energéticas reembolso Jorge Barrera', 1325178, 1315178, 50000, 1315178, NULL),
(121, '2016-02-01', 0, 0, 34990, 'Caja fuerte', 1315178, 1280188, 50000, 1280188, NULL),
(122, '2016-02-01', 0, 0, 35700, '8 talonarios de boleta cma', 1280188, 1244488, 50000, 1244488, NULL),
(123, '2016-02-01', 0, 0, 540000, 'Arriendo mes de Febrero', 1244488, 704488, 50000, 704488, NULL),
(124, '2016-01-25', 58000, 0, 0, 'Lunes 25/01/16\r\nPaula Manriquez $50.000\r\nMauricio soto $4.000\r\nMaria Jesus Cardenas $4.000\r\n\r\n', 704488, 762488, 50000, 762488, NULL),
(125, '2016-01-26', 323000, 0, 0, 'Martes 26/01/16\r\nJudith Guajardo $39.900\r\nFernanda Leiva $39.900\r\nMarcos Carrasco $89.900\r\nEnsayo psicotecnico $5.000\r\nisidora y Tania Bello $8.000\r\nSebastian Arevalos $89.900\r\nGlady Uribe $50.000', 762488, 1085488, 50000, 1085488, NULL),
(126, '2016-01-27', 193800, 0, 0, 'Miercoles 27/01/16\r\nJorge Araya $39.900\r\nPatricia Guzman $10.000\r\nFranz Willenbrick $4.000\r\nNicolas Calderon $50.000\r\nNicolas Placincio $89.900\r\n', 1085488, 1279288, 50000, 1279288, NULL),
(127, '2016-01-29', 274000, 0, 0, 'Jueves 28/01/16 - Viernes 29/01/16\r\nAracely Gonzalez $39.900\r\nPilar Ibaceta $89.900\r\nAlejandra Basoalto$50.000\r\nSebastian Negrete$4.000', 1279288, 1553288, 50000, 1553288, NULL),
(128, '2016-01-30', 40000, 0, 0, 'Sabado 30/01/16\r\nDavid Navarrete $39.900', 1553288, 1593288, 50000, 1593288, NULL),
(129, '2016-02-02', 888800, 0, 0, 'Deposito en efectivo semana del 25 al 30 de enero 2016 Detalle semanal\r\n\r\nTotal Inscripciones completas (5) $ 449.500    Total libros (6)   $24.000\r\nTotal Inscripciones con cuota (4)  $ 195.000    Ensayo equipo  $  5.000\r\nTotal segundas cuotas (5)        ', 704488, 1593288, 50000, 1593288, NULL),
(130, '2016-02-01', 0, 0, 6200, 'diferencia de arriendo estacionamiento Elton ', 1593288, 1587088, 50000, 1587088, NULL),
(131, '2016-02-02', 0, 0, 64050, 'Chilectra mes de enero', 1587088, 1523038, 50000, 1523038, NULL),
(132, '2016-02-02', 0, 0, 600000, 'Sueldo Eduardo', 1523038, 923038, 50000, 923038, NULL),
(133, '2016-02-02', 0, 0, 600000, 'Sueldo Ceachei', 923038, 323038, 50000, 323038, NULL),
(134, '2016-02-03', 0, 40000, 0, 'Devolución caja chica\r\n18214	José Vasquez	Bencina CLPB36 reembolsado	3256917	José Vasquez	Jorge Barrera\r\n1900	Caja Chica	Vuelto de Caja Chica reembolsado 18/01= $100 22/01=$1300 26/01=$400 30/01 = $100	0	Nicole Salas	Jorge Barrera\r\n15000	Caja Chica	Bencin', 323038, 283038, 50000, 283038, NULL),
(135, '2016-02-05', 0, 43780, 0, '2016-02-04	43780	Caja Escuela	Barra para equipaje y cerradura closet.	12023572	Eduardo Morales	Eduardo Morales\r\n                                                                (ricardo debe reembolsar)', 283038, 239258, 50000, 239258, NULL),
(136, '2016-02-05', 0, 0, 100000, 'Diferencia arriendo cma mes de Febrero', 239258, 139258, 50000, 139258, NULL),
(137, '2016-02-08', 0, 19008, 0, 'Combustible negro', 139258, 120250, 50000, 120250, NULL),
(138, '2016-02-07', 0, 67980, 0, 'Escritorio, silla', 120250, 52270, 50000, 52270, NULL),
(139, '2016-02-08', 0, 35000, 0, '2 Extintores', 52270, 17270, 50000, 17270, NULL),
(141, '2016-02-06', 0, 11930, 0, 'INTERRUPTOR y TABLERO, Easy FAC:	12026288	Eduardo Morales	Eduardo Morales	', 17270, 5340, 50000, 5340, NULL),
(142, '2016-02-02', 400000, 0, 0, 'Lunes 01/02/2016\r\nAndres Verdejo $50.000\r\nBenjamin Molina$50.000+4.000\r\nLi Juan Xue $50.000\r\nBarbara Ramirez $89.900\r\nM. Soledad Perez $50.000+4.000\r\nCarol Navarro $89.900\r\nCharlotte $4.000\r\nEnsayo psicotecnico $5.000\r\n', 5340, 405340, 0, 405340, NULL),
(143, '2016-02-02', 60000, 0, 0, 'Martes 02/02/16\r\nPatricia Guzman $10.000 (clase adicional)\r\nCamila Cordoba $50.000 ( Cheque)\r\nCamila cordoba (cheque a fecha 24/02/16) $39.900 no depositado', 405340, 465340, 50000, 465340, NULL),
(144, '2016-02-03', 58, 0, 0, 'Miercoles 03/02/16\r\nLi Juan Xue  $4.000\r\nRodrigo Fuentes $50.000+4.000\r\n', 465340, 523340, 50000, 523340, NULL),
(145, '2016-02-04', 98000, 0, 0, 'Jueves 04/02/16\r\nElias Arias $4.000\r\nLaura Muñoz $89.900+4.000\r\n', 523340, 621340, 50000, 621340, NULL),
(146, '2016-02-05', 110000, 0, 0, 'Viernes 05/02/16\r\nGabriel Andrés Covarrubios $50.000\r\nMiguel Covarrubios $50.000     (cheque de $100.000 por los dos)\r\nNicolas Calderon $4.000\r\nBarbara Ramirez $4.000', 621340, 729340, 50000, 729340, NULL),
(147, '2016-02-06', 104000, 0, 0, 'Sabado 06/02/16\r\nNorka Alvares $50.000+4.000\r\nCatalina Ramos $50.000 (cheque)\r\n', 729340, 833340, 50000, 833340, NULL),
(149, '2016-02-09', 828000, 0, 0, 'Deposito en efectivo y cheque semana del 01 al 06 de febrero 2016 Detalle semanal\r\nTOTAL EFECTIVO                      $ 628.000\r\nTOTAL CHEQUE AL DIA             $ 200.000\r\nTOTAL CHEQUE A FECHA         $   39.900\r\nTOTAL DEPOSITO                      $ 828', 5340, 833340, 50000, 833340, 'SEMANA_01_AL_06_FEBRERO_16.png'),
(150, '2016-02-09', 0, 40000, 0, 'Reembolso caja chica (ver foto para los detalles)', 833340, 793340, 50000, 793340, 'Sin_ttulo.png'),
(151, '2016-02-11', 0, 0, 71400, '2016-02-09	71400	Caja Escuela	30 Libros del Nuevo Conductor	11	Eduardo Morales', 793340, 721940, 50000, 721940, NULL),
(152, '2016-02-11', 0, 49990, 0, 'Escritorio 2', 721940, 671950, 50000, 671950, NULL),
(153, '2016-02-11', 20000, 0, 0, 'Devolución $20.000 Ricardo Cornejo (barras porta equipaje) ', 671950, 691950, 50000, 691950, NULL),
(154, '2016-02-11', 0, 0, 93415, 'vestimenta corporativa', 691950, 598535, 50000, 598535, NULL),
(155, '2016-02-12', 0, 21005, 0, '$21005	Caja Escuela	Bencina CLPB36	3283244	Eduardo Morales	Eduardo Morales', 598535, 577530, 50000, 577530, NULL),
(156, '2016-02-12', 0, 0, 386412, 'Servicios contables', 577530, 191118, 50000, 191118, NULL),
(157, '2016-02-08', 152000, 0, 0, 'Lunes 08/02/16\r\nAndrea Vallejo $50.000+4.000\r\nLuciana Cerda$89.900\r\nDominique Urrutia $4.000\r\nLuciano Cerda $4.000\r\n\r\n', 191118, 343118, 50000, 343118, NULL),
(158, '2016-02-09', 313500, 0, 0, 'Martes 09/02/16\r\nNatalia Avila $89.900+4.000\r\nFelipe Pizarro$89.900\r\nJuan Pablo Jara$39.900\r\nNataly Carrasco $50.000\r\nAna M. Peñaylillo $39.900\r\n', 343118, 656618, 50000, 656618, NULL),
(159, '2016-02-10', 55000, 0, 0, 'miercoles 10/02/16\r\nensayo psicotecnico $5.000\r\nKaren Banda $50.000', 656618, 711618, 50000, 711618, NULL),
(160, '2016-02-11', 136745, 0, 0, 'jueves 11/02/16\r\nJosefa Jara $50.000\r\nVictor Barahona $ 89.900 -3.155 (comision tarjeta de credito)\r\n', 711618, 848363, 50000, 848363, NULL),
(161, '2016-02-12', 324378, 0, 0, 'Viernes 12/02/16\r\nDylan Salazar $50.000\r\nDominique Urrutia $86.745 (c)\r\nAndrea Vallejo $4.000\r\nM Fernanda Hernandez $54.000 -1034(d) Inscripción y libro\r\nVictor Barahona $4.000-76.6= 3.923 (D)\r\nAndrea Vallejo $39.900\r\nMatias Madrid $86.745 (C)\r\n', 848363, 1172741, 50000, 1172741, NULL),
(162, '2016-02-13', 86745, 0, 0, 'Sabado 13/02/16\r\nNatalia Vegas $ 89.900 (C)', 1172741, 1259486, 50000, 1259486, NULL),
(163, '2016-02-16', 1067868, 0, 0, 'Deposito en efectivo y cheque semana del 08 al 13 de febrero 2016 Detalle semanal\r\nTOTAL EFECTIVO $ 614.000                TOTAL CREDITO $346.976-----------TOTAL DEBITO $56.890------------TOTAL CHEQUE  $50.000 \r\n                                   ', 191118, 1258986, 50000, 1258986, 'INFORME_INGRESOS_1.png'),
(164, '2016-02-17', 0, 50000, 0, 'Reembolso caja chica 15/02/16', 1258986, 1208986, 50000, 1208986, 'caja_chica.png'),
(165, '2016-02-16', 0, 0, 1000000, 'prestamo Ceachei con devolucion para fin de semana', 1208986, 208986, 50000, 208986, NULL),
(166, '2016-02-16', 0, 20501, 0, 'Combustible CLPB36', 208986, 188485, 50000, 188485, NULL),
(167, '2016-02-18', 0, 19560, 0, '4 Audífonos sala computacional', 188485, 168925, 50000, 168925, NULL),
(168, '2016-02-23', 0, 23539, 0, '2016-02-20	23539	Caja Escuela	Artículos de higiene.	3885846	Eduardo Morales	Eduardo Morales', 168925, 145386, 50000, 145386, NULL),
(169, '2016-02-13', 0, 0, 0, 'RESUMEN DETALLE FINAL SEMANA DEL 08 AL 13 DE FEBRERO 2013\r\n(ver archivo adjunto)', 0, 0, 0, 0, 'INFORME_INGRESOS_08_al_13_febrero.png'),
(170, '2016-02-15', 665101, 0, 0, 'Lunes 15/02/16                                      \r\nMalcom Bonet $39.900                           Josefina Duran         $89.900 (C)               M. Cristina Negrette $89.900 cheque           Aline Monardez $93.900 y libro (D)\r\nTania Bello (hermanas) ', 145386, 810487, 50000, 810487, 'LUNES.png'),
(171, '2016-02-16', 219490, 0, 0, 'Martes 16/02/16\r\nValentina Flores $4000 libro\r\nKatty Morales $ 39.900 (D)\r\nKarla y Daniela Henriquez $179.800 (D)\r\n', 810487, 1029977, 50000, 1029977, NULL),
(172, '2016-02-17', 89900, 0, 0, 'Miercoles 17/02/16\r\nPaula Ibarra $89.900', 1029977, 1119877, 50000, 1119877, NULL),
(173, '2016-02-18', 180000, 0, 0, 'Jueves 18/02/16\r\nKimberyn Quezada $89.900\r\nAlejandro Miranda $89.900', 1119877, 1299877, 50000, 1299877, NULL),
(174, '2016-02-19', 390223, 0, 0, 'Viernes 19/02/16\r\nNicol Perez $50.000\r\nNicol Perez $39.900 (C)\r\nOctavio Cornejo $89.900 (C)\r\nScarlette Castro $89.900\r\nHumbert Saintil $45.000\r\nMiguel y Gabriela Carambias $79.980 cheque', 1299877, 1690100, 50000, 1690100, NULL),
(175, '2016-02-20', 217917, 0, 0, 'Sabado 20/02/16\r\nNorka Alvarez $39.900 (D)\r\nHugo Sepulveda $93.900 (C)\r\nPia Belen Sain $89.900 (C)', 1690100, 1908017, 50000, 1908017, NULL),
(176, '2016-02-19', 0, 100000, 0, 'ADELANTO DON MARIO', 1908017, 1808017, 50000, 1808017, NULL),
(177, '2016-02-23', 0, 20170, 0, '2016-02-23	20170	Caja Escuela	Combustible CBWD37	3283676	Eduardo', 1808017, 1787847, 50000, 1787847, NULL),
(178, '2016-02-18', 0, 20000, 0, 'COMBUSTIBLE (DATOS PENDIENTE POR EDUARDO)', 1787847, 1767847, 50000, 1767847, NULL),
(179, '2016-02-21', 2374080, 2374080, 2374080, 'Deposito en efectivo y cheque semana del 15 al 20 de febrero 2016 Detalle semanal\r\nTOTAL EFECTIVO $ 549.000                TOTAL CREDITO $302.592-----------TOTAL DEBITO $611.259------------TOTAL CHEQUE  $911.229 ', 2374080, 2374080, 50000, 1767847, NULL),
(180, '2016-02-25', 0, 50000, 0, 'Caja chica', 1767847, 1717847, 50000, 1717847, NULL);

-- --------------------------------------------------------

--
-- Estructura de tabla para la tabla `ingresos_acma`
--

CREATE TABLE IF NOT EXISTS `ingresos_acma` (
  `id` int(11) NOT NULL AUTO_INCREMENT,
  `fecha` date DEFAULT NULL,
  `descripcion` varchar(255) DEFAULT NULL,
  `monto` int(11) DEFAULT NULL,
  `saldo` int(11) DEFAULT NULL,
  `tipo_pago` varchar(100) DEFAULT NULL,
  `recepcionado_por` varchar(155) DEFAULT NULL,
  `foto` varchar(255) DEFAULT NULL,
  PRIMARY KEY (`id`)
) ENGINE=MyISAM  DEFAULT CHARSET=latin1 AUTO_INCREMENT=248 ;

--
-- Volcado de datos para la tabla `ingresos_acma`
--

INSERT INTO `ingresos_acma` (`id`, `fecha`, `descripcion`, `monto`, `saldo`, `tipo_pago`, `recepcionado_por`, `foto`) VALUES
(9, '2015-12-07', 'Primera cuota de curso Daniela Morale', 50000, 39990, 'efectivo', 'Jorge Barrera', NULL),
(10, '2015-12-07', 'Primera cuota de curso de conducción de Patricia Gusman', 50000, 39990, 'efectivo', 'Jorge Barrera', NULL),
(11, '2015-12-07', 'primera cuota de curso de Johanna Sanchez', 50000, 39990, 'efectivo', 'Jorge Barrera', NULL),
(12, '2015-12-07', 'venta de libro a Patricia Gusman', 4990, 0, 'efectivo', 'Jorge Barrera', NULL),
(13, '2015-12-09', 'Inscripción Carlos Romero primera cuota', 50000, 39990, 'DEBITO', 'Jorge Barrera', NULL),
(14, '2015-12-12', 'curso de conducir', 89990, 0, 'efectivo', 'jose vasquez', NULL),
(15, '2015-12-14', 'Camila Astorga Herrera compra de libro', 5000, 0, 'Redcompra', 'jose vasquez', NULL),
(16, '2015-02-12', 'inscripción de Emilio Gomez', 89990, 0, 'efectivo', 'jose vasquez', NULL),
(17, '2015-02-12', 'Emilio Gomez compra de libro', 5000, 0, 'efectivo', 'jose vasquez', NULL),
(18, '2015-02-12', ' Inscripción de Anita Saldes ', 89990, 0, 'efectivo', 'jose vasquez', NULL),
(19, '2015-02-12', 'compra de libro de Anita Saldes', 5000, 0, 'efectivo', 'jose vasquez', NULL),
(20, '2015-02-12', 'Primera cuota de curso intensivo  de Disleynne Rios Vega', 50000, 39900, 'Efectivo', 'jose vasquez', NULL),
(21, '2015-12-15', 'Inscripcion Julie Navarrete ', 89900, 0, 'Tarjeta de Credito', 'Nicole Salas', NULL),
(22, '2015-12-14', 'Inscripción cursos Camila Rojas', 89900, 0, 'eFECTIVO', 'Jose Vasquez', NULL),
(23, '2015-12-15', 'Inscripción curso Agustín Guerra', 89990, 0, 'Efectivo', 'Nicole Salas', NULL),
(24, '2015-12-15', 'Compra de Libro Agustin Guerra', 5000, 0, 'Efectivo', 'Nicole Salas', NULL),
(25, '2015-12-15', 'Incripcion Curso Millaray Candia ', 89900, 0, 'Tarjeta de Debito', 'Nicole Salas', NULL),
(26, '2015-12-15', 'Compra de Libro Millaray Candia', 5000, 0, 'Efectivo', 'Nicole Salas', NULL),
(27, '2015-12-16', 'Compra de Libro Camila Rojas', 5000, 0, 'Efectivo', 'Nicole Salas', NULL),
(28, '2015-12-16', 'Inscripción medio curso Alvaro Albornoz ', 40000, 0, 'Tarjeta de Crédito', 'Nicole Salas', NULL),
(29, '2015-12-16', 'Inscripción Benjamín Medina', 50000, 0, 'Efectivo', 'Nicole Salas', NULL),
(30, '2015-12-16', 'Compra de Libro Benjamín Medina', 5000, 0, 'Efectivo', 'Nicole Salas', NULL),
(31, '2015-12-16', 'Inscripción Belgica Balcazar', 89900, 0, 'Tarjeta de Credito', 'Nicole Salas', NULL),
(32, '2015-12-16', 'Compra de libro Belgica Balcazar', 5000, 0, 'Tarjeta de Debito', 'Nicole Salas', NULL),
(33, '2015-12-17', 'Inscripcion Carlos Cordero', 50000, 0, 'Cheque al dia', 'Nicole Salas', NULL),
(34, '2015-12-18', 'Inscripción Mauricio Barahona', 50000, 0, 'Efectivo', 'Nicole Salas', NULL),
(35, '2015-12-17', 'Inscripción Javiera Castillo', 89990, 0, 'Tarjeta de Debito', 'José Vasquez', NULL),
(36, '2015-12-18', 'Inscripción Carlos Quezada', 50000, 0, 'Efectivo', 'Nicole Salas', NULL),
(37, '2015-12-18', 'Inscripción Amada Leiva', 50000, 0, 'Efectivo', 'Nicole Salas', NULL),
(38, '2015-12-21', 'Inscripción Carlos Ibarra', 89900, 0, 'Cheque a 30 días', 'Nicole Salas', NULL),
(39, '2015-12-21', 'Segunda Cuota Daniela Morales', 39900, 0, 'Efectivo', 'Nicole Salas', NULL),
(40, '2015-12-21', 'Inscripción Francisco Tapia', 89900, 0, 'Efectivo', 'Nicole Salas', NULL),
(41, '2015-12-21', 'Libro Francisco Tapia', 5000, 0, 'Efectivo', 'Nicole Salas', NULL),
(42, '2015-12-21', 'Inscripción Maximiliano Basai', 89900, 0, 'Efectivo', 'Nicole Salas', NULL),
(43, '2015-12-21', 'Libro Alvaro Albornoz', 4000, 0, 'Tarjeta de débito', 'Nicole Salas', NULL),
(44, '2015-12-22', 'Inscripción David Navarrete', 50000, 0, 'Tarjeta de débito', 'Nicole Salas', NULL),
(45, '2015-12-22', 'Libro Amada Leiva', 4000, 0, 'Efectivo', 'Nicole Salas', NULL),
(46, '2015-12-22', '2da cuota Amada Leiva', 39900, 0, 'Tarjeta Débito', 'Nicole Salas', NULL),
(47, '2015-12-22', 'Inscripción Nicole Sotelo', 89900, 0, 'Tarjeta de Crédito', 'Nicole Salas', NULL),
(48, '2015-12-23', 'Inscripción Karla Ortiz Santana', 89900, 0, 'Tarjeta de Crédito', 'Nicole Salas', NULL),
(49, '2015-12-24', 'Inscripción Monserrat Ferrada', 89900, 0, 'Tarjeta de Crédito', 'Nicole Salas', NULL),
(50, '2015-12-24', 'Inscripción Jorge Araya', 50000, 0, 'Efectivo', 'Nicole Salas', NULL),
(51, '2015-12-28', 'Inscripción Macarena Moya', 50000, 0, 'Tarjeta Débito', 'Nicole Salas', NULL),
(52, '2015-12-29', '2da cuota Carlos Cordero', 39900, 0, 'Cheque al dia', 'Nicole Salas', NULL),
(53, '2015-12-29', 'Inscripción Denisse Marchant', 50000, 0, 'Tarjeta Débito', 'Nicole Salas', NULL),
(54, '2015-12-29', '2da cuota Denisse Marchant', 39900, 0, 'Tarjeta de Crédito', 'Nicole Salas', NULL),
(55, '2015-12-30', '2da cuota Patricia Guzmán', 39900, 0, 'Efectivo', 'Nicole Salas', NULL),
(56, '2015-12-30', '2da cuota Benjamín Medina', 39900, 0, 'Tarjeta de Débito', 'Nicole Salas', NULL),
(57, '2015-12-30', 'Inscripción Cristina Soto', 50000, 0, 'Efectivo', 'Nicole Salas', NULL),
(58, '2015-12-30', 'Inscripción Fernanda Leiva', 50000, 0, 'Tarjeta de Crédito', 'Nicole Salas', NULL),
(59, '2015-12-30', 'Inscripción David Leal', 89900, 0, 'Tarjeta de Débito', 'Nicole Salas', NULL),
(60, '2015-12-30', 'Inscripción Ramón Yañez', 89900, 0, 'Tarjeta de Débito', 'Nicole Salas', NULL),
(61, '2015-12-30', 'Inscripción Michael Crisostomo', 89900, 0, 'Tarjeta de Crédito', 'Nicole Salas', NULL),
(62, '2015-12-31', 'Inscripción Marión Diaz', 89900, 0, 'Tarjeta de Débito', 'Nicole Salas', NULL),
(63, '2015-12-31', 'Libro Marión Diaz', 4000, 0, 'Tarjeta de Débito', 'Nicole Salas', NULL),
(64, '2015-12-31', 'Libro Johanna Sánchez', 4000, 0, 'Efectivo', 'Nicole Salas', NULL),
(65, '2016-01-01', 'Inscripción Rafaela Henríquez', 50000, 0, 'Efectivo', 'Nicole Salas', NULL),
(66, '2016-01-01', 'Inscripción Karina Catalán', 89900, 0, 'Efectivo', 'Nicole Salas', NULL),
(67, '2016-01-01', 'Libro Karina Catalán', 4000, 0, 'Efectivo', 'Nicole Salas', NULL),
(68, '2016-01-01', 'Inscripción Judith Guajardo', 50000, 0, 'Efectivo', 'José Vasquez', NULL),
(69, '2016-01-01', 'Libro Judith Guajardo', 4000, 0, 'Efectivo', 'José Vasquez', NULL),
(70, '2016-01-01', 'Inscripción Felipe Cardenas', 89900, 0, 'Tarjeta de Débito', 'Nicole Salas', NULL),
(71, '2016-01-01', 'Inscripción Carolina Navarro', 89900, 0, 'Tarjeta de Crédito', 'Nicole Salas', NULL),
(72, '2016-01-01', 'Inscripción Paloma Bascuñán', 89900, 0, 'Tarjeta de Débito', 'Nicole Salas', NULL),
(73, '2016-01-01', 'Inscripción Gerardo Sorio', 89900, 0, 'Efectivo', 'Nicole Salas', NULL),
(74, '2016-01-01', 'Inscripción Katy Morales', 50000, 0, 'Tarjeta de Débito', 'Nicole Salas', NULL),
(75, '2016-01-01', '2da cuota Disleynne Rios', 39900, 0, 'Tarjeta de Débito', 'Nicole Salas', NULL),
(76, '2016-01-01', 'Libro Ramón Yáñez', 4000, 0, 'Tarjeta de Débito', 'Nicole Salas', NULL),
(77, '2016-01-01', 'Libro Michael Crisostomo', 4000, 0, 'Efectivo', 'Nicole Salas', NULL),
(78, '2016-01-05', 'Inscripción Macarena Soto', 50000, 0, 'Tarjeta de Débito', 'Nicole Salas', NULL),
(79, '2016-01-05', 'Venta de Libro', 4000, 0, 'Efectivo', 'Nicole Salas', NULL),
(80, '2016-01-05', 'Inscripción Andrea Yañez', 50000, 0, 'Efectivo', 'Nicole Salas', NULL),
(81, '2016-01-05', 'Inscripción Matias y Diandra Zuñiga', 179800, 0, 'Cheque al día', 'Nicole Salas', NULL),
(82, '2016-01-05', '2 Libros por doble matricula', 0, 0, '0', 'Nicole Salas', NULL),
(83, '2016-01-05', 'Inscripción Antoanet Bravo', 89900, 0, 'Efectivo', 'Nicole Salas', NULL),
(84, '2015-12-21', 'Libro Carlos Ibarra', 0, 0, '0', 'Nicole Salas', NULL),
(85, '2016-01-06', 'Inscripción Yessica Perez', 50000, 0, 'Efectivo', 'Nicole Salas', NULL),
(86, '2016-01-06', 'Libro Yessica Perez', 4000, 0, 'Efectivo', 'Nicole Salas', NULL),
(87, '2016-01-07', '2da cuota Rafaela Henríquez\r\n', 39900, 0, 'Efectivo', 'Nicole Salas', NULL),
(88, '2016-01-07', 'Inscripción Estefany Quezada', 50000, 0, 'Efectivo', 'José Vasquez', NULL),
(89, '2016-01-07', 'Inscripción Valentina Espinoza', 89900, 0, 'Efectivo', 'Nicole Salas', NULL),
(90, '2016-01-07', 'Inscripción M. Teresa Martínez', 89900, 0, 'Efectivo', 'Nicole Salas', NULL),
(91, '2016-01-07', 'Inscripción Americo Velasquez', 89900, 0, 'Efectivo', 'Nicole Salas', NULL),
(92, '2016-01-06', 'Libro Carolina Navarro', 4000, 0, 'Efectivo', 'Nicole Salas', NULL),
(93, '2016-01-04', 'Libro Cristina Soto', 4000, 0, 'Efectivo', 'Nicole Salas', NULL),
(94, '2016-01-08', 'Libro María Teresa por doble matricula.', 0, 0, '0', 'Nicole Salas', NULL),
(95, '2016-01-08', 'Libro Valetina Espinoza por doble matricula', 0, 0, '0', 'Nicole Salas', NULL),
(96, '2016-01-09', 'Inscripción Aracely Gonzalez', 50000, 0, 'Efectivo', 'josé vasquez', NULL),
(97, '2016-01-09', 'Libro Aracely Gonzalez', 4000, 0, 'Efectivo', 'José Vasquez', NULL),
(98, '2016-01-11', 'Inscripción Diego Gavidia', 89900, 0, 'Efectivo', 'Nicole Salas', NULL),
(99, '2016-01-11', 'Inscripción Hubert Saintil', 45000, 0, 'Efectivo', 'Nicole Salas', NULL),
(100, '2016-01-11', 'Inscripción Jennifer Sandoval', 50000, 0, 'Efectivo', 'Nicole Salas', NULL),
(101, '2016-01-11', 'Inscripción Eduardo Guerrero', 89000, 0, 'Efectivo', 'Nicole Salas', NULL),
(102, '2016-01-12', 'Inscripción José Miguel Salin', 50000, 0, 'Efectivo', 'Nicole Salas', NULL),
(103, '2016-01-13', '2da cuota Mauricio Barahona', 39900, 0, 'Efectivo', 'Nicole Salas', NULL),
(104, '2016-01-13', 'Inscripción Ana Maria Peñaylillo', 50000, 0, 'Efectivo', 'Nicole Salas', NULL),
(105, '2016-01-13', 'Libro Ana Maria Peñaylillo', 4000, 0, 'Efectivo', 'Nicole Salas', NULL),
(106, '2016-01-14', 'Inscripción Rudiger Alvarez', 89900, 0, 'Efectivo', 'Nicole Salas', NULL),
(107, '2016-01-14', '2da cuota Macarena Moya', 39900, 0, 'Efectivo', 'Nicole Salas', NULL),
(108, '2016-01-15', '2da cuota  Cristina Soto', 39900, 0, 'Efectivo', 'Nicole Salas', NULL),
(109, '2016-01-16', 'Inscripción Roberto Leiva', 89900, 0, 'Efectivo', 'Jorge Barrera', NULL),
(110, '2016-01-18', 'Inscripción Tania e Isidora Bello', 100000, 0, 'Cheque al día y efectivo', 'Nicole Salas', NULL),
(111, '2016-01-18', 'Inscripción Mauricio Soto', 89900, 0, 'Efectivo', 'Nicole Salas', NULL),
(112, '2016-01-18', 'Inscripción Malcom Bonet', 50000, 0, 'Efectivo', 'Efectivo', NULL),
(113, '2016-01-18', 'Inscripción Juan Pablo Jara', 50000, 0, 'Efectivo', 'Nicole Salas', NULL),
(114, '2016-01-18', 'Libro Juan Pablo Jara', 4000, 0, 'Efectivo', 'Nicole Salas', NULL),
(115, '2016-01-19', 'Libro Linda Moore', 4000, 0, 'Efectivo', 'Nicole Salas', NULL),
(116, '2016-01-19', 'Inscripción Linda Moore', 89900, 0, 'Efectivo', 'Nicole Salas', NULL),
(117, '2016-01-19', 'Inscripción Carmen Castillo', 89900, 0, 'Efectivo', 'Nicole Salas', NULL),
(118, '2016-01-19', 'Libro Gerardo Osorio', 4000, 0, 'Efectivo', 'Nicole Salas', NULL),
(119, '2016-01-20', 'Inscripción Charlotte Orellana', 89900, 0, 'Efectivo', 'n', NULL),
(120, '2016-01-20', 'Inscripción Charlotte Orellana', 89900, 0, 'Efectivo', 'Nicole Salas', NULL),
(121, '2016-01-20', '2da cuota Makarena Soto', 39900, 0, 'Efectivo', 'Nicole Salas', NULL),
(122, '2016-01-21', '2da cuota Carlos Romero', 39900, 0, 'Efectivo', 'Nicole Salas', NULL),
(123, '2016-01-21', 'Inscripción M. Jesús Cardenas', 89900, 0, 'Efectivo', 'Nicole Salas', NULL),
(124, '2016-01-21', 'Inscripción Franz Willenbrick', 89900, 0, 'Efectivo', 'Nicole Salas', NULL),
(125, '2016-01-21', 'Libro Estefany Quezada', 4000, 0, 'Efectivo', 'Nicole Salas', NULL),
(126, '2016-01-22', 'Libro Miguel Carvajal', 4000, 0, 'Efectivo', 'Nicole Salas', NULL),
(127, '2016-01-22', 'Inscripción Miguel Carvajal', 50000, 0, 'Efectivo', 'Nicole Salas', NULL),
(128, '2016-01-22', '2da cuota Yessica Perez', 39900, 0, 'Efectivo', 'Efectivo', NULL),
(129, '2016-01-22', '2da cuota Andrea Yáñez', 39900, 0, 'Efectivo', 'Nicole Salas', NULL),
(130, '2016-01-22', '2da Cuota Carlos Quezada', 39900, 0, 'Efectivo', 'Nicole Salas', NULL),
(131, '2016-01-25', 'Inscripción Paula Manriquez.', 50000, 0, 'Efectivo', 'Nicole Salas', NULL),
(132, '2016-01-25', 'Libro Mauricio Soto', 4000, 0, 'Efectivo', 'Efectivo', NULL),
(133, '2016-01-26', 'Libro M. Jesus Cardenas', 4000, 0, 'Efectivo', 'Efectivo', NULL),
(134, '2016-01-26', '2da cuota Judith Guajardo', 39900, 0, 'Efectivo', 'Efectivo', NULL),
(135, '2016-01-26', '2da cuota Fernanda Leiva', 39900, 0, 'Efectivo', 'Efectivo', NULL),
(136, '2016-01-26', 'Inscripción Marco Carrasco', 89900, 0, 'Efectivo', 'Nicole Salas', NULL),
(137, '2016-01-26', 'Inscripción Sebastián Arévalo', 89900, 0, 'Efectivo', 'Nicole Salas', NULL),
(138, '2016-01-26', 'Inscripción Gladys Uribes', 50000, 0, 'Efectivo', 'José Vasquez', NULL),
(139, '2016-01-26', 'Libro Isidora Bello', 4000, 0, 'Efectivo', 'Nicole Salas', NULL),
(140, '2016-01-26', 'Libro Tania Bello', 4000, 0, 'Efectivo', 'Nicole Salas', NULL),
(141, '2016-01-27', '2da cuota Jorge Araya', 39900, 0, 'Efectivo', 'Nicole Salas', NULL),
(142, '2016-01-27', 'Clase práctica adicional Patricia Guzmán', 10000, 0, 'Efectivo', 'Nicole Salas', NULL),
(143, '2016-01-27', 'Libro Franz Willenbrick', 4000, 0, 'Efectivo', 'Nicole Salas', NULL),
(144, '2016-01-27', 'Inscripción Nicolás Calderón', 50000, 0, 'Efectivo', 'Nicole Salas', NULL),
(145, '2016-01-27', 'Inscripción Elias Arias', 89900, 0, 'Efectivo', 'Nicole Salas', NULL),
(146, '2016-01-28', '2da cuota Aracely González', 39900, 0, 'Efectivo', 'Nicole Salas', NULL),
(147, '2016-01-29', 'Inscripción Alejandra Basoalto', 50000, 0, 'Efectivo', 'Nicole Salas', NULL),
(148, '2016-01-29', 'Inscripción Piar Ibaceta', 89900, 0, 'Efectivo', 'Nicole Salas', NULL),
(149, '2016-01-29', 'Inscripción Sebastián Negrete', 89900, 0, 'Efectivo', 'Nicole Salas', NULL),
(150, '2016-01-29', 'Libro Sebastián Negrete', 4000, 0, 'Efectivo', 'Nicole Salas', NULL),
(151, '2016-01-30', '2da cuota David Navarrete', 39900, 0, 'Efectivo', 'Nicole Salas', NULL),
(152, '2016-02-01', 'Inscripción André Verdejo', 50000, 0, 'Efectivo', 'Nicole Salas', NULL),
(153, '2016-02-01', 'Inscripción Benjamín Molina Rodriguez', 50000, 0, 'Efectivo', 'Nicole Salas', NULL),
(154, '2016-02-01', 'Libro Benjamín Molina', 4000, 0, 'Efectivo', 'Nicole Salas', NULL),
(155, '2016-02-01', 'Inscripción Li Juan Xúe', 50000, 0, 'Efectivo', 'Nicole Salas', NULL),
(156, '2016-02-01', 'Inscripción Barbara Ramirez', 89900, 0, 'Efectivo', 'Nicole Salas', NULL),
(157, '2016-02-01', 'Inscripción M. Soledad Perez', 50000, 0, 'Efectivo', 'Nicole Salas', NULL),
(158, '2016-02-01', 'Libro M. Soledad Perez', 4000, 0, 'Efectivo', 'Nicole Salas', NULL),
(159, '2016-02-01', 'Ensayo psicotecnico', 5000, 0, 'Efectivo', 'Nicole Salas', NULL),
(160, '2016-02-01', 'Inscripción Carol Navarro', 89900, 0, 'Efectivo', 'Nicole Salas', NULL),
(161, '2016-02-01', 'Libro Charlotte Orellana', 4000, 0, 'Efectivo', 'Nicole Salas', NULL),
(162, '2016-02-02', 'Cheque 03 de febrero', 50000, 0, 'Cheque ', 'Nicole Salas', NULL),
(163, '2016-02-02', '2da cuota Camila Cordova\r\ncheque 24 febrero', 39900, 0, 'Cheque', 'Nicole Salas', NULL),
(164, '2016-02-02', 'Clase Adicional Patricia Guzmán', 10000, 0, 'Efectivo', 'Nicole Salas', NULL),
(165, '2016-02-03', 'Libro Li Juan Xúe', 4000, 0, 'Efectivo', 'Nicole Salas', NULL),
(166, '2016-02-03', 'Inscripción Rodrigo Fuentes', 50000, 0, 'Efectivo', 'Nicole Salas', NULL),
(167, '2016-02-03', 'Libro Rodrigo Fuentes', 4000, 0, 'Efectivo', 'Nicole Salas', NULL),
(168, '2016-02-04', 'Inscripción Laura Muñoz', 88900, 0, 'Efectivo', 'Nicole Salas', NULL),
(169, '2016-02-04', 'Libro Laura Muñoz', 4000, 0, 'Efectivo', 'Nicole Salas', NULL),
(170, '2016-02-04', 'Libro Elias Arias', 4000, 0, 'Efectivo', 'Nicole Salas', NULL),
(171, '2016-02-05', 'Inscripción Miguel y Gabriel Covarrubias', 100000, 0, 'Cheque al día', 'Nicole Salas', NULL),
(172, '2016-02-05', 'Inscripción Francisco Briones', 0, 0, '0', '0', NULL),
(173, '2016-02-05', 'Libro Nicolás Calderón', 4000, 0, 'Efectivo', 'Nicole Salas', NULL),
(174, '2016-02-06', 'Libro Barbara Ramírez', 4000, 0, 'Efectivo', 'Nicole Salas', NULL),
(175, '2016-02-06', 'Inscripción Norka Alvarez', 50000, 0, 'Efectivo', 'Nicole Salas', NULL),
(176, '2016-02-06', 'Libro', 4000, 0, 'Efectivo', 'Nicole Salas', NULL),
(177, '2016-02-06', 'Inscripción Catalina Ramos', 50000, 0, 'Cheque al día', 'Nicole Salas', NULL),
(178, '2016-02-08', 'Inscripción Andrea Vallejos', 50000, 0, 'Efectivo', 'Nicole Salas', NULL),
(179, '2016-02-08', 'Libro Don Carlos', 0, 0, '0', 'Nicole Salas', NULL),
(180, '2016-02-08', 'Inscripción Luciana Cerda ', 89900, 0, 'Efectivo', 'Nicole Salas', NULL),
(181, '2016-02-08', 'Libro Dominique Urrutia', 4000, 0, 'Efectivo', 'Nicole Salas', NULL),
(182, '2016-02-08', 'Libro', 4000, 0, 'Efectivo', 'Nicole Salas', NULL),
(183, '2016-02-09', 'Libro Gabriel Covarrubias por doble matricula', 0, 0, 'Efectivo', 'Nicole Salas', NULL),
(184, '2016-02-09', 'Inscripción Natalia', 89900, 0, 'Efectivo', 'José Vasquez', NULL),
(185, '2016-02-09', 'Libro Natalia', 4000, 0, 'Efectivo', 'José Vasquez', NULL),
(186, '2016-02-09', 'Inscripción Felipe Pizarro', 89900, 0, 'Efectivo', 'Nicole Salas', NULL),
(187, '2016-02-09', '2da cuota Juan Pablo Jara', 39900, 0, 'Efectivo', 'Nicole Salas', NULL),
(188, '2016-02-09', 'Inscripción Nataly Carrasco', 50000, 0, 'Efectivo', 'Nicole Salas', NULL),
(189, '2016-02-09', '2da cuota Ana M. Peñaylillo', 39900, 0, 'Efectivo', 'Nicole Salas', NULL),
(190, '2016-02-10', 'Ensayo Psicotecnico', 5000, 0, 'Efectivo', 'Nicole Salas', NULL),
(191, '2016-02-10', 'Inscripción Karen Banda', 50000, 0, 'Efectivo', 'José Vasquez', NULL),
(192, '2016-02-11', 'Inscripción Josefa Jara', 50000, 0, 'Cheque al día', 'Nicole Salas', NULL),
(193, '2016-02-11', 'Inscripción Victor Barahona', 89900, 0, 'Tarjeta de Crédito', 'Nicole Salas', NULL),
(194, '2016-02-12', 'Inscripción Dylan Salazar', 50000, 0, 'Efectivo', 'Nicole Salas', NULL),
(195, '2016-02-12', 'Inscripción Dominique Urrutia', 89900, 0, 'Tarjeta de Crédito', 'Nicole Salas', NULL),
(196, '2016-02-12', 'Libro ', 4000, 0, 'Efectivo', 'Nicole Salas', NULL),
(197, '2016-02-12', 'Inscripción M. Fernanda Hernandez y Libro', 54000, 0, 'Tarjeta de Débito', 'Nicole Salas', NULL),
(198, '2016-02-12', 'Libro Victor Barahona', 4000, 0, 'Tarjeta de Débito', 'Nicole Salas', NULL),
(199, '2016-02-12', '2da cuota Andrea Vallejos', 39900, 0, 'Efectivo', 'Nicole Salas', NULL),
(200, '2016-02-12', 'Inscripción Matias Madrid', 89900, 0, 'Tarjeta de Crédito', 'Nicole Salas', NULL),
(201, '2016-02-13', 'Inscripción Natalia Vegas', 89900, 0, 'Tarjeta de Crédito', 'Nicole Salas', NULL),
(202, '2016-02-15', '2da cuota Malcom Bonet', 39900, 0, 'Efectivo', 'Nicole Salas', NULL),
(203, '2016-02-15', 'Pago 2da. cuota Isidora y Tania Bello', 79800, 0, 'Cheque al dia', 'Nicole Salas', NULL),
(204, '2016-02-15', 'Inscripción Catalina Cabezas', 50000, 0, 'Efectivo', 'Nicole Salas', NULL),
(205, '2016-02-15', 'Inscripción Aline Monardez y Libro', 93900, 0, 'Tarjeta de Débito', 'Nicole Salas', NULL),
(206, '2016-02-15', 'Inscripción Nicolás Rodriguez', 50000, 0, 'Cheque al día', 'Nicole Salas', NULL),
(207, '2016-02-15', 'Inscripción Tomás Silva', 89900, 0, 'Tarjeta de Crédito', 'José Vasquez', NULL),
(208, '2016-02-15', 'Inscripción Valentina Flores', 89900, 0, 'Tarjeta de Débito', 'Nicole Salas', NULL),
(209, '2016-02-15', 'Inscripción Maria Cristina Negrete', 89900, 0, 'Cheque a fecha 22 de febrero', 'Nicole Salas', NULL),
(210, '2016-02-15', 'Inscripción Josefina Durán', 89900, 0, 'Tarjeta', 'Nicole Salas', NULL),
(211, '2016-02-16', 'Libro Valentina Flores', 4000, 0, 'Efectivo', 'Nicole Salas', NULL),
(212, '2016-02-16', 'Inscripción Daniela y Karla Henriquez', 180, 0, 'Tarjeta Débito', 'Nicole Salas', NULL),
(213, '2016-02-16', 'Inscripción Daniela y Karla Henriquez', 179800, 0, 'Tarjeta de Débito', 'Nicole Salas', NULL),
(214, '2016-02-16', '2da cuota Katy Morales', 39900, 0, 'Tarjeta de Débito', 'Nicole Salas', NULL),
(215, '2016-02-16', 'Libro Daniela y Karla Henriquez por doble matricula', 0, 0, '0', 'Nicole Salas', NULL),
(216, '2016-02-17', 'Inscripción Paula Ibarra', 89900, 0, 'Efectivo', 'Nicole Salas', NULL),
(217, '2016-02-18', 'Inscripción Alejandro Miranda', 89900, 0, 'Efectivo', 'Nicole Salas', NULL),
(218, '2016-02-19', 'Inscripción Nicol Perez', 50000, 0, 'Efectivo', 'Nicole Salas', NULL),
(219, '2016-02-19', '2da cuota Nicol Perez', 39900, 0, 'Tarjeta de Crédito', 'Nicole Salas', NULL),
(220, '2016-02-19', 'Inscripción Scarlette Castro Jimenez', 89900, 0, 'Efectivo', 'Nicole Salas', NULL),
(221, '2016-02-19', 'Inscripción Octavio Cornejo', 89900, 0, 'Tarjeta de Crédito', 'Nicole Salas', NULL),
(222, '2016-02-19', '2da cuota Hubert Saintil', 45000, 0, 'Efectivo', 'Nicole Salas', NULL),
(223, '2016-02-19', '2da cuota Gabriel y Miguel Covarrubias', 79980, 0, 'Cheque al dia', 'Nicole Salas', NULL),
(224, '2016-02-20', 'Inscripcion Hugo Sepulveda mas libro', 93900, 0, 'Tarjeta de Crédito', 'Nicole Salas', NULL),
(225, '2016-02-20', 'Inscripcion  \r\nPia Belen Said Merino', 89900, 0, 'Efectivo', 'Nicole', NULL),
(226, '2016-02-22', 'Inscripcion. ', 89900, 0, 'Contado tarjeta credito', 'Carlos', NULL),
(227, '2016-02-22', 'Matricula', 89900, 0, '89900 ', 'Carlos Maldonado', NULL),
(228, '2016-02-23', 'CLASE ADICIONAL JORGE ARAYA ', 10000, 0, 'Efectivo', 'XIMENA GUTIERREZ A', NULL),
(229, '2016-02-22', 'INSCRIPCION NICOLAS RDRIGUEZ', 89900, 0, 'Tarjeta de Crédito', 'XIMENA GUTIERREZ A', NULL),
(230, '2016-02-22', 'INSCRIPCION MARCELA TOLOZA', 89900, 0, 'Tarjeta de Crédito', 'XIMENA GUTIERREZ A', NULL),
(231, '2016-02-22', 'INSCRIPCION MILLARAY PEÑA', 50000, 0, 'efectivo', 'XIMENA GUTIERREZ A', NULL),
(232, '2016-02-22', 'INSCRIPCION CATERIN BRUNETTI', 89900, 0, 'Efectivo', 'XIMENA GUTIERREZ A', NULL),
(233, '2016-02-22', 'LIBRO CATERINA BRUNETTI', 4000, 0, 'Efectivo', 'XIMENA GUTIERREZ A', NULL),
(234, '2016-02-22', 'LIBRO', 4000, 0, 'Efectivo', 'Jorge Barrera', NULL),
(235, '2016-02-22', 'LIBRO', 4000, 0, 'Efectivo', 'Jorge Barrera', NULL),
(236, '2016-02-22', 'INSCRIPCION KEVIN OSSANDON Y LIBRO', 93900, 0, 'Cheque al día', 'CARLOS', NULL),
(237, '2016-02-22', 'INSCRIPCION NICOLAS BESOAIN', 50000, 0, 'Cheque al día', 'Carlos Maldonado', NULL),
(238, '2016-02-23', 'INGRESO FABIAN VELIZ ZUÑIGA', 89900, 0, 'Efectivo', 'XIMENA GUTIERREZ A', NULL),
(239, '2016-02-23', 'LIBRO ', 4000, 0, 'Efectivo', 'XIMENA GUTIERREZ A', NULL),
(240, '2016-02-23', 'INSCRIPCION LORENA Y ROMINA VEGA', 100000, 0, 'Tarjeta de Crédito', 'XIMENA GUTIERREZ A', NULL),
(241, '2016-02-02', 'Inscripcion Javier Torres', 50000, 39900, 'Contado 1er. pago', 'Carlos Maldonado', NULL),
(242, '2002-02-16', 'Saldo de 39000 por pago 2da. cuota', 39900, 0, 'contado', 'Carlos Maldonado ', NULL),
(243, '2002-02-16', 'Pago de Inscripcion', 50000, 0, 'efectivo', 'Carlos Maldonado', NULL),
(244, '2002-02-16', 'Venta Libro', 4000, 0, 'contado', 'Carlos Maldonado', NULL),
(245, '2002-02-16', 'Inscripcion\r\nLorena Diaz Lobos', 50000, 0, 'Contado 1er. pago', 'Carlos Maldonado', NULL),
(246, '2008-02-16', 'Inscrpcion Pia Said', 89900, 0, 'contado', 'Carlos', NULL),
(247, '2016-02-29', 'Matricula 1ra. cuota', 45000, 45000, 'Contado 1er. pago', 'Carlos Maldonado', NULL);

-- --------------------------------------------------------

--
-- Estructura de tabla para la tabla `labores`
--

CREATE TABLE IF NOT EXISTS `labores` (
  `id` int(11) NOT NULL AUTO_INCREMENT,
  `usuario_id` int(11) DEFAULT NULL,
  `fecha` date DEFAULT NULL,
  `labor_dictada` varchar(255) DEFAULT NULL,
  `labor_ejecutada` varchar(255) DEFAULT NULL,
  `labor_pendiente` varchar(255) DEFAULT NULL,
  `observacion` varchar(255) DEFAULT NULL,
  PRIMARY KEY (`id`)
) ENGINE=MyISAM  DEFAULT CHARSET=latin1 AUTO_INCREMENT=7 ;

--
-- Volcado de datos para la tabla `labores`
--

INSERT INTO `labores` (`id`, `usuario_id`, `fecha`, `labor_dictada`, `labor_ejecutada`, `labor_pendiente`, `observacion`) VALUES
(4, 7, '2015-07-31', 'comprar e instalar polarizado, limpieza de ramas y troncos, cotización planchas, computador, ', 'polarizado, compra de polarizado (pedro de Valdivia), cotización planchas de acero, instalación computadores, limpieza de troncos exterior, pago de internet c.m.a..', 'instalar archivos de camaras', 'solo'),
(5, 7, '2015-08-07', 'PARA SECRETARIA: favor consultar si el alumno Juan esteban se presentara a clases el dia 07/08/2015 ', '', '', 'Esto debido que el dia de ayer no asistio a clases y quiziera ver si puedo adelantar una hora'),
(6, 36, '2015-12-15', 'ADMINISTRACION: Por favor modificar ingresos de monto y saldo  de la alumna Disleynne Rios, gracias.', '', '', '');

-- --------------------------------------------------------

--
-- Estructura de tabla para la tabla `matricula`
--

CREATE TABLE IF NOT EXISTS `matricula` (
  `id` int(11) NOT NULL AUTO_INCREMENT,
  `primera_couta` int(11) DEFAULT NULL,
  `segunda_cuota` int(11) DEFAULT NULL,
  `usuario_id` int(11) DEFAULT NULL,
  `created_at` datetime DEFAULT NULL,
  `updated_at` datetime DEFAULT NULL,
  PRIMARY KEY (`id`)
) ENGINE=MyISAM  DEFAULT CHARSET=latin1 AUTO_INCREMENT=157 ;

--
-- Volcado de datos para la tabla `matricula`
--

INSERT INTO `matricula` (`id`, `primera_couta`, `segunda_cuota`, `usuario_id`, `created_at`, `updated_at`) VALUES
(15, 50000, 0, 27, '2015-12-07 22:45:39', '2015-12-07 22:45:39'),
(16, 50000, 39900, 29, '2015-12-09 21:04:30', '2016-01-21 13:36:07'),
(17, 89990, 0, 30, '2015-12-14 19:05:18', '2015-12-14 19:05:18'),
(18, 89990, 0, 33, '2015-12-15 16:51:55', '2015-12-15 16:51:55'),
(14, 50000, 39900, 26, '2015-12-07 16:32:16', '2016-01-04 15:09:36'),
(13, 50000, 39900, 25, '2015-12-07 15:08:47', '2016-01-04 15:06:46'),
(19, 50000, 39900, 34, '2015-12-15 16:52:39', '2016-01-04 22:57:16'),
(20, 89990, 0, 32, '2015-12-15 16:53:23', '2015-12-15 16:53:23'),
(21, 89900, 0, 37, '2015-12-15 20:06:31', '2015-12-15 20:06:31'),
(22, 89900, 0, 35, '2015-12-15 20:09:12', '2015-12-15 20:09:12'),
(23, 89990, 0, 38, '2015-12-15 21:28:11', '2015-12-15 21:28:11'),
(24, 89900, 0, 39, '2015-12-15 22:51:14', '2015-12-15 22:51:14'),
(25, 40000, 0, 40, '2015-12-16 21:59:05', '2015-12-16 21:59:05'),
(26, 50000, 39900, 42, '2015-12-16 23:15:57', '2016-01-04 15:10:03'),
(27, 89900, 0, 41, '2015-12-16 23:16:11', '2015-12-16 23:16:11'),
(28, 50000, 39900, 43, '2015-12-17 14:43:10', '2016-01-04 15:08:14'),
(29, 50000, 39900, 44, '2015-12-18 12:36:26', '2016-01-13 14:28:19'),
(30, 89990, 0, 45, '2015-12-18 21:31:20', '2015-12-18 21:31:20'),
(31, 50000, 39900, 46, '2015-12-18 22:23:20', '2016-02-10 02:19:22'),
(32, 50000, 39900, 47, '2015-12-18 23:31:52', '2016-01-04 15:07:16'),
(33, 89900, 0, 48, '2015-12-21 19:27:40', '2015-12-21 19:27:40'),
(34, 89900, 0, 49, '2015-12-21 19:32:05', '2015-12-21 19:32:05'),
(35, 89900, 0, 50, '2015-12-21 21:30:25', '2015-12-21 21:30:25'),
(36, 50000, 39900, 51, '2015-12-22 15:48:34', '2016-01-30 14:09:29'),
(86, 89900, 0, 52, '2016-01-21 15:36:13', '2016-01-21 15:36:13'),
(50, 89900, 0, 65, '2016-01-04 16:48:33', '2016-01-04 16:48:33'),
(39, 89900, 0, 54, '2015-12-24 13:05:19', '2015-12-24 13:05:19'),
(40, 50000, 39900, 55, '2015-12-24 16:43:05', '2016-01-27 14:28:47'),
(41, 50000, 39900, 56, '2015-12-28 19:36:06', '2016-01-14 19:29:41'),
(42, 50000, 39900, 57, '2015-12-29 23:27:11', '2016-01-04 15:08:53'),
(43, 50000, 39900, 58, '2015-12-30 21:19:50', '2016-01-15 16:13:55'),
(44, 89900, 0, 61, '2015-12-30 22:55:54', '2015-12-30 22:55:54'),
(45, 50000, 39900, 60, '2015-12-30 22:56:15', '2016-01-26 19:19:04'),
(46, 89900, 0, 62, '2015-12-31 12:42:22', '2015-12-31 12:42:22'),
(47, 89900, 0, 59, '2015-12-31 12:47:08', '2015-12-31 12:47:08'),
(48, 89900, 0, 63, '2015-12-31 16:37:24', '2015-12-31 16:37:24'),
(49, 50000, 39900, 64, '2016-01-04 14:31:57', '2016-01-07 14:40:38'),
(51, 50000, 39900, 66, '2016-01-04 19:16:19', '2016-01-26 16:20:47'),
(52, 89900, 0, 67, '2016-01-04 23:06:43', '2016-01-04 23:06:43'),
(53, 89900, 0, 68, '2016-01-04 23:07:05', '2016-01-04 23:07:05'),
(57, 89900, 0, 72, '2016-01-04 23:36:08', '2016-01-04 23:36:08'),
(55, 50000, 39900, 70, '2016-01-04 23:23:25', '2016-02-16 23:28:48'),
(56, 89900, 0, 71, '2016-01-04 23:27:30', '2016-01-04 23:27:30'),
(58, 50000, 39900, 73, '2016-01-05 16:01:47', '2016-01-20 23:38:24'),
(59, 50000, 39900, 74, '2016-01-05 21:23:26', '2016-01-22 19:43:04'),
(60, 89900, 0, 75, '2016-01-05 21:23:46', '2016-01-05 21:23:46'),
(61, 89900, 0, 76, '2016-01-05 21:24:05', '2016-01-05 21:24:05'),
(62, 89900, 0, 77, '2016-01-05 22:59:01', '2016-01-05 22:59:01'),
(63, 50000, 39900, 78, '2016-01-06 15:44:01', '2016-01-22 19:42:37'),
(64, 50000, 0, 79, '2016-01-07 19:25:26', '2016-01-07 19:25:26'),
(65, 89900, 0, 80, '2016-01-07 20:20:14', '2016-01-07 20:20:14'),
(66, 89900, 0, 81, '2016-01-07 20:20:37', '2016-01-07 20:20:37'),
(67, 89900, 0, 82, '2016-01-07 22:46:21', '2016-01-07 22:46:21'),
(68, 50000, 39900, 83, '2016-01-11 12:16:12', '2016-01-28 23:20:59'),
(69, 89900, 0, 84, '2016-01-11 22:28:41', '2016-01-11 22:28:41'),
(70, 45000, 45000, 85, '2016-01-11 22:34:18', '2016-02-20 02:27:01'),
(71, 89900, 0, 86, '2016-01-11 23:21:59', '2016-01-11 23:21:59'),
(72, 50000, 0, 87, '2016-01-11 23:24:21', '2016-01-11 23:24:21'),
(73, 50000, 0, 88, '2016-01-12 22:47:34', '2016-01-12 22:47:34'),
(74, 50000, 39900, 89, '2016-01-13 23:19:17', '2016-02-10 02:18:12'),
(75, 89900, 0, 90, '2016-01-14 14:43:49', '2016-01-14 14:43:49'),
(76, 50000, 39900, 92, '2016-01-18 16:55:38', '2016-02-15 21:25:08'),
(77, 50000, 39900, 91, '2016-01-18 16:55:52', '2016-02-15 21:25:33'),
(79, 89900, 0, 93, '2016-01-18 23:46:10', '2016-01-18 23:46:10'),
(80, 50000, 39900, 95, '2016-01-19 12:35:18', '2016-02-15 12:59:10'),
(81, 50000, 39900, 96, '2016-01-19 12:41:14', '2016-02-09 15:44:25'),
(82, 89900, 0, 97, '2016-01-19 12:45:09', '2016-01-19 12:45:09'),
(83, 89900, 0, 98, '2016-01-19 20:45:12', '2016-01-19 20:45:12'),
(84, 89900, 0, 99, '2016-01-19 23:23:17', '2016-01-19 23:23:17'),
(85, 89900, 0, 100, '2016-01-20 23:37:57', '2016-01-20 23:37:57'),
(87, 89900, 0, 101, '2016-01-21 19:15:46', '2016-01-21 19:15:46'),
(88, 89900, 0, 102, '2016-01-21 20:17:56', '2016-01-21 20:17:56'),
(89, 50000, 0, 103, '2016-01-22 19:46:25', '2016-01-22 19:46:25'),
(90, 50000, 0, 104, '2016-01-25 19:53:47', '2016-01-25 19:53:47'),
(91, 89900, 0, 105, '2016-01-26 19:45:40', '2016-01-26 19:45:40'),
(92, 89900, 0, 106, '2016-01-26 20:51:40', '2016-01-26 20:51:40'),
(93, 50000, 0, 107, '2016-01-27 12:27:09', '2016-01-27 12:27:09'),
(94, 50000, 0, 108, '2016-01-27 23:09:25', '2016-01-27 23:09:25'),
(95, 50000, 0, 111, '2016-01-29 21:07:06', '2016-01-29 21:07:06'),
(96, 89900, 0, 110, '2016-01-29 21:07:50', '2016-01-29 21:07:50'),
(97, 89900, 0, 112, '2016-01-29 23:23:44', '2016-01-29 23:23:44'),
(98, 50000, 0, 113, '2016-02-01 14:56:11', '2016-02-01 14:56:11'),
(99, 50000, 0, 114, '2016-02-01 19:34:46', '2016-02-01 19:34:46'),
(100, 50000, 0, 115, '2016-02-01 20:24:47', '2016-02-01 20:24:47'),
(101, 89900, 0, 116, '2016-02-01 21:12:02', '2016-02-01 21:12:02'),
(102, 50000, 0, 117, '2016-02-01 22:45:24', '2016-02-01 22:45:24'),
(103, 89900, 0, 118, '2016-02-02 15:58:22', '2016-02-02 15:58:22'),
(104, 50000, 39900, 119, '2016-02-02 23:26:18', '2016-02-02 23:26:18'),
(105, 50000, 0, 120, '2016-02-03 23:15:44', '2016-02-03 23:15:44'),
(106, 89900, 0, 121, '2016-02-04 20:51:33', '2016-02-04 20:51:33'),
(107, 50000, 39900, 123, '2016-02-05 15:55:19', '2016-02-20 02:25:37'),
(109, 50000, 39900, 122, '2016-02-05 15:56:17', '2016-02-20 02:26:13'),
(110, 0, 0, 124, '2016-02-05 22:25:20', '2016-02-05 22:25:20'),
(111, 50000, 39900, 126, '2016-02-08 15:13:21', '2016-02-13 14:08:41'),
(112, 50000, 0, 125, '2016-02-08 15:20:04', '2016-02-08 15:20:04'),
(113, 89900, 0, 127, '2016-02-08 15:25:00', '2016-02-13 14:23:46'),
(114, 50000, 39900, 128, '2016-02-08 15:47:45', '2016-02-27 14:51:55'),
(115, 89900, 0, 129, '2016-02-08 20:56:59', '2016-02-08 20:56:59'),
(116, 89900, 0, 130, '2016-02-09 15:17:08', '2016-02-09 15:17:08'),
(117, 50000, 0, 131, '2016-02-09 20:23:36', '2016-02-09 20:23:36'),
(118, 89900, 0, 132, '2016-02-10 13:05:20', '2016-02-10 13:05:20'),
(119, 50000, 0, 133, '2016-02-11 12:33:11', '2016-02-11 12:33:11'),
(120, 50000, 0, 134, '2016-02-11 20:17:58', '2016-02-11 20:17:58'),
(121, 89900, 0, 135, '2016-02-11 22:35:06', '2016-02-11 22:35:06'),
(122, 50000, 0, 136, '2016-02-12 15:06:47', '2016-02-12 15:06:47'),
(123, 89900, 0, 137, '2016-02-12 21:09:51', '2016-02-12 21:09:51'),
(124, 50000, 0, 138, '2016-02-12 22:36:58', '2016-02-12 22:36:58'),
(125, 89900, 0, 139, '2016-02-13 16:24:57', '2016-02-13 16:24:57'),
(126, 50000, 0, 140, '2016-02-15 19:45:21', '2016-02-15 19:45:21'),
(127, 89900, 0, 141, '2016-02-15 21:29:05', '2016-02-15 21:29:05'),
(128, 89900, 0, 142, '2016-02-15 21:33:42', '2016-02-15 21:33:42'),
(129, 50000, 0, 143, '2016-02-16 13:40:04', '2016-02-16 13:40:04'),
(130, 89900, 0, 144, '2016-02-16 13:43:23', '2016-02-16 13:43:23'),
(131, 89900, 0, 145, '2016-02-16 13:50:03', '2016-02-16 13:50:03'),
(132, 89900, 0, 146, '2016-02-17 13:05:07', '2016-02-17 13:05:07'),
(133, 89900, 0, 147, '2016-02-17 13:05:56', '2016-02-17 13:05:56'),
(134, 89900, 0, 148, '2016-02-17 13:06:12', '2016-02-17 13:06:12'),
(135, 89900, 0, 149, '2016-02-17 21:33:53', '2016-02-17 21:33:53'),
(136, 89900, 0, 150, '2016-02-18 15:52:44', '2016-02-18 15:52:44'),
(137, 89900, 0, 151, '2016-02-18 21:25:42', '2016-02-18 21:25:42'),
(138, 50000, 39900, 152, '2016-02-19 20:12:27', '2016-02-19 20:12:27'),
(139, 89900, 0, 153, '2016-02-19 21:13:51', '2016-02-19 21:13:51'),
(140, 89900, 0, 154, '2016-02-19 22:22:00', '2016-02-19 22:22:00'),
(141, 89900, 0, 155, '2016-02-20 14:30:52', '2016-02-20 14:30:52'),
(142, 89900, 0, 156, '2016-02-20 15:32:22', '2016-02-20 15:32:22'),
(143, 89900, 0, 157, '2016-02-22 14:12:40', '2016-02-22 14:12:40'),
(144, 89900, 0, 162, '2016-02-23 16:06:19', '2016-02-23 16:06:19'),
(145, 89900, 0, 163, '2016-02-23 16:14:31', '2016-02-23 16:14:31'),
(146, 50000, 0, 164, '2016-02-23 16:19:58', '2016-02-23 16:19:58'),
(147, 50000, 0, 159, '2016-02-23 16:21:36', '2016-02-23 16:21:36'),
(148, 89900, 0, 158, '2016-02-23 16:24:56', '2016-02-23 16:24:56'),
(149, 89900, 0, 157, '2016-02-23 16:25:43', '2016-02-23 16:25:43'),
(151, 89900, 0, 165, '2016-02-23 20:36:21', '2016-02-23 20:36:21'),
(152, 50000, 0, 166, '2016-02-26 00:04:42', '2016-02-26 00:04:42'),
(153, 39900, 0, 111, '2016-02-26 22:56:27', '2016-02-26 22:56:27'),
(154, 50000, 0, 169, '2016-02-26 23:13:06', '2016-02-26 23:13:06'),
(155, 89000, 0, 172, '2016-02-27 13:01:13', '2016-02-27 13:01:13'),
(156, 89900, 0, 172, '2016-02-27 13:02:58', '2016-02-27 13:02:58');

-- --------------------------------------------------------

--
-- Estructura de tabla para la tabla `opex`
--

CREATE TABLE IF NOT EXISTS `opex` (
  `id` int(11) NOT NULL AUTO_INCREMENT,
  `producto` varchar(255) DEFAULT NULL,
  `num_boleta` varchar(255) DEFAULT NULL,
  `num_factura` varchar(255) DEFAULT NULL,
  `monto` varchar(100) DEFAULT NULL,
  `id_usuario` int(11) DEFAULT NULL,
  `observacion` varchar(255) DEFAULT NULL,
  `imagen` varchar(255) DEFAULT NULL,
  `fecha` datetime DEFAULT NULL,
  `updated_at` datetime DEFAULT NULL,
  `created_at` datetime DEFAULT NULL,
  `id_cat_opex` int(11) NOT NULL,
  PRIMARY KEY (`id`)
) ENGINE=MyISAM  DEFAULT CHARSET=latin1 AUTO_INCREMENT=59 ;

--
-- Volcado de datos para la tabla `opex`
--

INSERT INTO `opex` (`id`, `producto`, `num_boleta`, `num_factura`, `monto`, `id_usuario`, `observacion`, `imagen`, `fecha`, `updated_at`, `created_at`, `id_cat_opex`) VALUES
(4, 'combustible kia', '', '', '13000', 4, '.', NULL, '0000-00-00 00:00:00', '2015-05-16 01:05:58', '2015-05-09 03:04:09', 5),
(5, 'combustible kia ', '', '', '10000', 4, '.', NULL, '0000-00-00 00:00:00', '2015-05-16 01:05:39', '2015-05-09 03:14:48', 5),
(6, 'combustible kia', '', '', '10000', 4, 'ploteo', NULL, '0000-00-00 00:00:00', '2015-05-16 01:05:14', '2015-05-09 03:15:49', 5),
(7, 'peaje', '', '', '2700', 4, 'compras de sillas', NULL, '0000-00-00 00:00:00', '2015-05-16 01:04:54', '2015-05-09 03:17:18', 6),
(8, 'estacionamiento', '209147', '', '1800', 4, 'CBRS', 'IMG_20150512_140338190.jpg', '2015-01-02 00:00:00', '2015-05-16 01:04:35', '2015-05-09 03:18:19', 6),
(9, 'cera', '137836', '', '1490', 5, '-', 'IMG_20150512_130105545.jpg', '2015-03-19 00:00:00', '2015-05-16 01:04:12', '2015-05-09 03:20:19', 7),
(10, 'Estacionamiento kia', '', '', '1600', 4, '', NULL, '0000-00-00 00:00:00', '2015-05-16 01:03:34', '2015-05-12 18:19:55', 6),
(11, 'cera', '0357 ', '', '1490', 4, '', 'IMG_20150513_065415305.jpg', '2015-03-31 00:00:00', '2015-05-16 01:03:00', '2015-05-12 23:33:14', 7),
(12, 'carpetas fijadoras', '', '', '1980', 4, '', NULL, '0000-00-00 00:00:00', '2015-05-16 01:02:46', '2015-05-12 23:35:57', 8),
(13, 'resma', '', '', '1990', 4, '', NULL, '0000-00-00 00:00:00', '2015-05-16 01:02:26', '2015-05-12 23:36:59', 5),
(14, 'estacionamiento', '56610', '', '1000', 4, 'Paseo bulnes seremi', 'IMG_20150513_243523169.jpg', '2015-04-02 00:00:00', '2015-05-16 01:01:09', '2015-05-12 23:38:28', 6),
(15, 'Confort y cafe', '309', '', '3480', 4, '', 'image.jpg', '2015-05-12 00:00:00', '2015-05-16 01:00:49', '2015-05-13 01:21:01', 7),
(16, 'colacion  compra sillas', '5133', '', '7100', 5, '', 'IMG_20150513_074322724.jpg', '2015-03-21 00:00:00', '2015-05-16 01:00:22', '2015-05-13 02:30:21', 9),
(17, 'peaje compra sillas', '', '', '2700', 5, '', NULL, '0000-00-00 00:00:00', '2015-05-16 00:59:15', '2015-05-13 02:31:41', 6),
(18, 'estacionamiento DICOM', '3866', '', '2800', 5, '', 'IMG_20150513_100014730.jpg', '2015-01-21 00:00:00', '2015-05-16 00:58:55', '2015-05-13 02:32:20', 6),
(19, 'bebidas vasos', '0151', '', '3269', 5, '', 'IMG_20150513_090052467.jpg', '2015-03-01 00:00:00', '2015-05-16 00:58:25', '2015-05-13 02:33:17', 9),
(20, 'escobillon', '1276', '', '1500', 5, '', 'IMG_20150513_084216978.jpg', '2015-03-04 00:00:00', '2015-05-16 00:57:52', '2015-05-13 02:34:03', 7),
(21, 'estacionamiento santa rosa', '5348', '', '3700', 5, '', 'IMG_20150513_065846862.jpg', '2015-03-14 00:00:00', '2015-05-16 00:57:30', '2015-05-13 02:35:03', 6),
(22, 'cera limpia vidrios Otros', '2643', '0', '4166', 5, '', 'IMG_20150513_064932003.jpg', '2015-03-14 00:00:00', '2015-05-16 00:57:13', '2015-05-13 02:35:52', 7),
(23, 'arriendo + mes de garantia', '', '', '1280000', 5, '', NULL, '0000-00-00 00:00:00', '2015-05-16 00:56:53', '2015-05-13 02:48:35', 10),
(24, 'papel higiénico, ceras, bolsa basura', '155921', '', '3585', 5, '', 'IMG_20150513_014122888.jpg', '2015-04-05 00:00:00', '2015-05-16 00:56:24', '2015-05-13 05:17:11', 7),
(25, 'archivadores, otros', '', '4648063', '10887', 4, '', 'IMG_20150513_104451814.jpg', '2015-03-19 00:00:00', '2015-05-16 00:55:58', '2015-05-13 13:51:58', 8),
(26, 'arriendo marzo', '', '', '350000', 4, '', NULL, '0000-00-00 00:00:00', '2015-05-16 02:00:47', '2015-05-16 02:00:47', 10),
(27, 'arriendo marzo', '', '', '290000', 5, '', NULL, '0000-00-00 00:00:00', '2015-05-16 02:01:38', '2015-05-16 02:01:38', 10),
(28, 'estacionamiento', '', '', '3000 ', 4, 'Compra computadores', NULL, '0000-00-00 00:00:00', '2015-05-16 02:02:42', '2015-05-16 02:02:42', 6),
(29, 'arriendo abril', '', '', '640000', 4, '', NULL, '2015-04-04 00:00:00', '2015-07-22 02:27:49', '2015-05-16 02:03:22', 10),
(30, 'gasolina 16.84', '', '6131', '15000', 5, '', 'IMG_20150610_201506179.jpg', '2014-07-22 00:00:00', '2015-06-10 23:29:07', '2015-06-10 23:19:50', 5),
(31, 'Escoba', '9900', '', '1100', 5, '', '1433986462541-90718452.jpg', '2015-05-28 00:00:00', '2015-06-11 01:37:35', '2015-06-11 01:37:35', 7),
(32, 'Chilectra', '5197', '', '39500 ', 5, '', 'IMG_20150610_231642349.jpg', '2015-05-19 00:00:00', '2015-06-11 02:29:15', '2015-06-11 02:09:43', 12),
(33, 'Agua smapa', '2588', '', '10250', 5, '', 'IMG_20150610_230908314.jpg', '2015-05-19 00:00:00', '2015-06-11 02:30:17', '2015-06-11 02:15:47', 11),
(34, 'Bencina 16.9', '2044', '', '15000', 5, '', 'IMG_20150623_154848168.jpg', '2014-07-22 00:00:00', '2015-06-23 18:50:57', '2015-06-23 18:50:57', 5),
(35, 'Bencina 16.8', '8642', '', '15000', 5, '', 'IMG_20150623_155139424.jpg', '2014-07-11 00:00:00', '2015-06-23 18:53:36', '2015-06-23 18:53:36', 5),
(36, 'revisión técnica clpb-36', '', '5040', '12150', 4, '', 'IMG_20150625_152046389.jpg', '2015-06-20 00:00:00', '2015-06-25 18:22:46', '2015-06-25 18:22:46', 13),
(37, 'Arriendo mayo', '', '', '540000', 4, '', NULL, '2015-06-05 00:00:00', '2015-06-26 05:14:05', '2015-06-26 05:14:05', 10),
(38, 'Arriendo junio', '', '', '540000', 5, '', 'IMG-20150711-WA0003.jpg', '2015-07-05 00:00:00', '2015-07-12 01:26:58', '2015-07-12 01:26:58', 10),
(39, 'Bencina', '4425', '', '10000', 5, '', 'IMG-20150729-WA0003.jpeg', '2015-07-21 00:00:00', '2015-07-30 01:17:28', '2015-07-30 01:17:28', 5),
(40, 'Revisión técnica cbwd-37', '', '0041', '12150', 5, '', '14382190475091807817548.jpg', '2015-07-04 00:00:00', '2015-07-30 01:20:27', '2015-07-30 01:20:27', 13),
(51, 'Estacionamiento trámites seremitt', '0667', '', '2800', 5, '', '14471864649231486789187.jpg', '2015-10-06 00:00:00', '2015-11-10 20:18:29', '2015-11-10 20:18:29', 6),
(42, 'Arriendo julio', '', '', '440000', 4, '', NULL, '0000-00-00 00:00:00', '2015-08-07 04:24:55', '2015-08-07 04:22:55', 10),
(43, 'Agua smapa', '', '', '4050', 4, '', 'IMG-20150807-WA0009.jpg', '2015-08-03 00:00:00', '2015-08-20 01:04:58', '2015-08-07 04:25:40', 11),
(44, 'Chilectra', '', '', '40300', 4, '', 'IMG-20150807-WA0010.jpg', '2015-08-03 00:00:00', '2015-08-20 01:03:53', '2015-08-07 04:28:03', 12),
(45, 'Aseo escuela', '9710', '', '5000', 4, '', '1441076035513-1334145119.jpg', '2015-08-17 00:00:00', '2015-09-01 02:57:19', '2015-09-01 02:57:19', 7),
(46, 'arriendo agosto', '', '', '440000', 4, '', NULL, '2015-08-05 00:00:00', '2015-09-23 23:05:03', '2015-09-23 23:05:03', 10),
(47, 'arriendo septiembre', '', '', '440000', 5, '', NULL, '2015-09-05 00:00:00', '2015-09-23 23:06:29', '2015-09-23 23:06:29', 10),
(48, 'Smapa agua agosto', '0436', '', '4150', 4, '', 'IMG-20150923-WA0009.jpg', '2015-09-23 00:00:00', '2015-09-29 20:04:20', '2015-09-23 23:25:35', 11),
(49, 'Estacionamiento', '1049', '', '900', 4, '', '14435549796231053853693.jpg', '2015-09-23 00:00:00', '2015-09-29 19:33:34', '2015-09-29 19:33:11', 6),
(50, 'Estacionamiento franklin impresora', '4686', '', '800', 4, '', '14435566958331865678251.jpg', '2015-08-21 00:00:00', '2015-09-29 20:01:55', '2015-09-29 20:01:55', 6),
(52, 'Cera desodorante ambiental', '5022', '', '3298', 5, '', '14471865497591564260661.jpg', '2015-11-01 00:00:00', '2015-11-10 20:19:56', '2015-11-10 20:19:56', 7),
(53, 'Cocavi', '2617', '', '1497', 4, '', '1447186656918-1341871893.jpg', '2015-11-03 00:00:00', '2015-11-10 20:21:39', '2015-11-10 20:21:39', 9),
(54, 'Boletas', '', '', '22000', 4, '', '1454816504544276909839.jpg', '0000-00-00 00:00:00', '2016-02-07 03:47:03', '2016-02-07 03:06:50', 8),
(55, 'Luz 22 octubre 22 noviembre', '9745', '', '66150', 4, '', 'IMG-20160206-WA0010.jpg', '2015-12-03 00:00:00', '2016-02-07 03:16:20', '2016-02-07 03:16:20', 12),
(56, 'Luz 21 agosto al 23septiembre ', '8669', '', '48400', 4, '', '1454815740495-1450555653.jpg', '2015-10-09 00:00:00', '2016-02-07 03:34:24', '2016-02-07 03:25:15', 12),
(57, 'Internet', '7612', '', '11500', 4, '', '1454816828840-62325795.jpg', '2015-10-24 00:00:00', '2016-02-07 03:52:34', '2016-02-07 03:52:34', 14),
(58, 'Recarga telefono', '7990', '', '1000', 4, '', 'IMG-20160206-WA0032.jpg', '2015-12-13 00:00:00', '2016-02-07 04:22:12', '2016-02-07 04:22:12', 15);

-- --------------------------------------------------------

--
-- Estructura de tabla para la tabla `planes`
--

CREATE TABLE IF NOT EXISTS `planes` (
  `id` int(11) NOT NULL AUTO_INCREMENT,
  `nombre` varchar(255) DEFAULT NULL,
  `valor` int(11) DEFAULT NULL,
  `updated_at` datetime DEFAULT NULL,
  `created_at` datetime DEFAULT NULL,
  PRIMARY KEY (`id`)
) ENGINE=MyISAM  DEFAULT CHARSET=latin1 AUTO_INCREMENT=12 ;

--
-- Volcado de datos para la tabla `planes`
--

INSERT INTO `planes` (`id`, `nombre`, `valor`, `updated_at`, `created_at`) VALUES
(10, 'PLAN INTENSIVO', 119000, '2015-08-02 01:07:07', '2015-08-02 01:07:07'),
(9, 'PLAN NORMAL', 89900, '2015-08-02 01:06:26', '2015-08-02 01:04:38'),
(11, 'PLAN ESPECIAL', 149000, '2015-08-02 01:08:18', '2015-08-02 01:08:18');

-- --------------------------------------------------------

--
-- Estructura de tabla para la tabla `preguntas`
--

CREATE TABLE IF NOT EXISTS `preguntas` (
  `id` int(11) NOT NULL AUTO_INCREMENT,
  `texto` varchar(255) DEFAULT NULL,
  `updated_at` datetime DEFAULT NULL,
  `created_at` datetime DEFAULT NULL,
  PRIMARY KEY (`id`)
) ENGINE=MyISAM  DEFAULT CHARSET=latin1 AUTO_INCREMENT=23 ;

-- --------------------------------------------------------

--
-- Estructura de tabla para la tabla `respuestas`
--

CREATE TABLE IF NOT EXISTS `respuestas` (
  `id` int(11) NOT NULL AUTO_INCREMENT,
  `texto` varchar(255) DEFAULT NULL,
  `correcta` int(1) DEFAULT NULL,
  `orden` int(11) DEFAULT NULL,
  `id_pregunta` int(11) DEFAULT NULL,
  `updated_at` datetime DEFAULT NULL,
  `created_at` datetime DEFAULT NULL,
  PRIMARY KEY (`id`)
) ENGINE=MyISAM  DEFAULT CHARSET=latin1 AUTO_INCREMENT=69 ;

--
-- Volcado de datos para la tabla `respuestas`
--

INSERT INTO `respuestas` (`id`, `texto`, `correcta`, `orden`, `id_pregunta`, `updated_at`, `created_at`) VALUES
(21, 'asdasd', 1, 1, 11, '2015-02-23 22:54:11', '2015-02-23 22:54:11'),
(22, 'asdasdaaaa', 1, 2, 11, '2015-02-23 22:54:11', '2015-02-23 22:54:11'),
(23, 'alt 31', NULL, 3, 11, '2015-02-23 22:54:11', '2015-02-23 22:54:11'),
(24, 'adsasdasdasd', NULL, 4, 11, '2015-02-23 22:54:11', '2015-02-23 22:54:11'),
(25, 'aaa', 0, 1, 12, '2015-02-26 03:17:38', '2015-02-26 03:17:38'),
(26, 'b', 0, 2, 12, '2015-02-26 03:17:38', '2015-02-26 03:17:38'),
(27, 'c', 0, 3, 12, '2015-02-26 03:17:38', '2015-02-26 03:17:38'),
(28, 'd', 1, 4, 12, '2015-02-26 03:17:38', '2015-02-26 03:17:38'),
(29, 'ass', 1, 1, 13, '2015-02-26 03:18:03', '2015-02-26 03:18:03'),
(30, 'aww', 1, 2, 13, '2015-02-26 03:18:03', '2015-02-26 03:18:03'),
(31, 'aqqq', NULL, 3, 13, '2015-02-26 03:18:03', '2015-02-26 03:18:03'),
(32, 'rrr', 1, 4, 13, '2015-02-26 03:18:03', '2015-02-26 03:18:03'),
(33, 'xcv', NULL, 1, 14, '2015-02-26 18:18:16', '2015-02-26 18:18:16'),
(34, 'xcv', NULL, 2, 14, '2015-02-26 18:18:16', '2015-02-26 18:18:16'),
(35, 'xcv', NULL, 3, 14, '2015-02-26 18:18:16', '2015-02-26 18:18:16'),
(36, 'xcv', 1, 4, 14, '2015-02-26 18:18:16', '2015-02-26 18:18:16'),
(37, 'wer', 0, 1, 15, '2015-02-26 18:18:33', '2015-02-26 18:18:33'),
(38, 'wer', 0, 2, 15, '2015-02-26 18:18:33', '2015-02-26 18:18:33'),
(39, 'wer', 1, 3, 15, '2015-02-26 18:18:33', '2015-02-26 18:18:33'),
(40, 'wer', 0, 4, 15, '2015-02-26 18:18:33', '2015-02-26 18:18:33'),
(41, 'dfg', 1, 1, 16, '2015-02-26 18:18:50', '2015-02-26 18:18:50'),
(42, 'dfg', 0, 2, 16, '2015-02-26 18:18:50', '2015-02-26 18:18:50'),
(43, 'sfg', 0, 3, 16, '2015-02-26 18:18:50', '2015-02-26 18:18:50'),
(44, 'dfg', 0, 4, 16, '2015-02-26 18:18:50', '2015-02-26 18:18:50'),
(45, 'rty', 0, 1, 17, '2015-02-26 18:19:08', '2015-02-26 18:19:08'),
(46, 'ert', 1, 2, 17, '2015-02-26 18:19:08', '2015-02-26 18:19:08'),
(47, 'ert', 0, 3, 17, '2015-02-26 18:19:08', '2015-02-26 18:19:08'),
(48, 'ert', 0, 4, 17, '2015-02-26 18:19:08', '2015-02-26 18:19:08'),
(49, 'zxxc', 1, 1, 18, '2015-02-26 18:19:25', '2015-02-26 18:19:25'),
(50, 'zxc', 1, 2, 18, '2015-02-26 18:19:25', '2015-02-26 18:19:25'),
(51, 'zxc', 0, 3, 18, '2015-02-26 18:19:25', '2015-02-26 18:19:25'),
(52, 'zxc', 0, 4, 18, '2015-02-26 18:19:25', '2015-02-26 18:19:25'),
(53, 'fgh', 1, 1, 19, '2015-02-26 18:19:42', '2015-02-26 18:19:42'),
(54, 'fgh', 0, 2, 19, '2015-02-26 18:19:42', '2015-02-26 18:19:42'),
(55, 'fgh', 1, 3, 19, '2015-02-26 18:19:42', '2015-02-26 18:19:42'),
(56, 'fgh', 0, 4, 19, '2015-02-26 18:19:42', '2015-02-26 18:19:42'),
(57, 'tyu', 1, 1, 20, '2015-02-26 18:19:56', '2015-02-26 18:19:56'),
(58, 'tyu', 0, 2, 20, '2015-02-26 18:19:56', '2015-02-26 18:19:56'),
(59, 'uty', 1, 3, 20, '2015-02-26 18:19:56', '2015-02-26 18:19:56'),
(60, 'uyt', 0, 4, 20, '2015-02-26 18:19:56', '2015-02-26 18:19:56'),
(61, 'tyu', 1, 1, 21, '2015-02-26 18:20:13', '2015-02-26 18:20:13'),
(62, 'tyu', 1, 2, 21, '2015-02-26 18:20:13', '2015-02-26 18:20:13'),
(63, 'tyu', 1, 3, 21, '2015-02-26 18:20:13', '2015-02-26 18:20:13'),
(64, 'tyu', NULL, 4, 21, '2015-02-26 18:20:13', '2015-02-26 18:20:13'),
(65, 'parar', 1, 1, 22, '2015-03-22 00:40:06', '2015-03-22 00:40:06'),
(66, 'asds', NULL, 2, 22, '2015-03-22 00:40:06', '2015-03-22 00:40:06'),
(67, 'dasd', NULL, 3, 22, '2015-03-22 00:40:06', '2015-03-22 00:40:06'),
(68, 'asdas', NULL, 4, 22, '2015-03-22 00:40:06', '2015-03-22 00:40:06');

-- --------------------------------------------------------

--
-- Estructura de tabla para la tabla `roles`
--

CREATE TABLE IF NOT EXISTS `roles` (
  `id` int(10) unsigned NOT NULL AUTO_INCREMENT,
  `name` varchar(255) COLLATE utf8_unicode_ci NOT NULL,
  `created_at` timestamp NOT NULL DEFAULT '0000-00-00 00:00:00',
  `updated_at` timestamp NOT NULL DEFAULT '0000-00-00 00:00:00',
  PRIMARY KEY (`id`),
  UNIQUE KEY `roles_name_unique` (`name`)
) ENGINE=MyISAM  DEFAULT CHARSET=utf8 COLLATE=utf8_unicode_ci AUTO_INCREMENT=12 ;

--
-- Volcado de datos para la tabla `roles`
--

INSERT INTO `roles` (`id`, `name`, `created_at`, `updated_at`) VALUES
(9, 'instructores', '2015-05-18 04:00:41', '2015-05-18 04:00:41'),
(8, 'recepcion', '2015-05-18 04:00:41', '2015-05-18 04:00:41'),
(7, 'administracion', '2015-05-18 04:00:41', '2015-05-18 04:00:41'),
(10, 'alumno', '2015-05-18 04:00:41', '2015-05-18 04:00:41'),
(11, 'superadmin', '2015-05-18 04:00:41', '2015-05-18 04:00:41');

-- --------------------------------------------------------

--
-- Estructura de tabla para la tabla `usuarios`
--

CREATE TABLE IF NOT EXISTS `usuarios` (
  `id` int(11) NOT NULL AUTO_INCREMENT,
  `password` varchar(100) DEFAULT NULL,
  `realpassword` varchar(255) DEFAULT NULL,
  `nombre` varchar(255) DEFAULT NULL,
  `telefono` varchar(100) DEFAULT NULL,
  `apellido_paterno` varchar(255) DEFAULT NULL,
  `apellido_materno` varchar(255) DEFAULT NULL,
  `imagen` text,
  `fecha_nacimiento` datetime DEFAULT NULL,
  `rut` varchar(255) DEFAULT NULL,
  `direccion` varchar(255) DEFAULT NULL,
  `email` varchar(255) DEFAULT NULL,
  `permiso` varchar(100) NOT NULL,
  `id_plan` int(11) DEFAULT NULL,
  `activo` int(11) DEFAULT NULL,
  `updated_at` datetime DEFAULT NULL,
  `created_at` datetime DEFAULT NULL,
  `remember_token` text,
  PRIMARY KEY (`id`)
) ENGINE=MyISAM  DEFAULT CHARSET=latin1 AUTO_INCREMENT=174 ;

--
-- Volcado de datos para la tabla `usuarios`
--

INSERT INTO `usuarios` (`id`, `password`, `realpassword`, `nombre`, `telefono`, `apellido_paterno`, `apellido_materno`, `imagen`, `fecha_nacimiento`, `rut`, `direccion`, `email`, `permiso`, `id_plan`, `activo`, `updated_at`, `created_at`, `remember_token`) VALUES
(28, '$2y$10$71fWAWKcV6wzMv0MsMiFC./A1Rjl17S/aAXf3tRrkp7Io3qZFyaVi', NULL, 'admin', '11111111', 'admin', 'admin', NULL, '2015-12-07 00:00:00', '111111111', 'parque central poniente 1109', 'admin@admin.cl', '', 10, 1, '2015-12-15 22:11:12', '2015-12-08 05:01:13', 'LEroTuVMc7UcoypZKgohYiuMmWmc1b66p8Udj3iksDxvMPunaaRE9Sf1UwvE'),
(4, NULL, NULL, 'Ceachei', NULL, 'ceachei', 'ceachei', NULL, '2015-04-08 00:00:00', 'ceachei', 'ceachei', 'ceachei', 'Administrador', NULL, 1, '2015-05-09 01:55:58', '2015-05-09 01:55:58', NULL),
(6, '$2y$10$71fWAWKcV6wzMv0MsMiFC./A1Rjl17S/aAXf3tRrkp7Io3qZFyaVi', NULL, 'secre', NULL, 'secre', 'secre', NULL, '2015-06-12 00:00:00', '16653694-4', 'secre', 'secre', '', NULL, 1, '2016-02-27 16:47:33', '2015-06-14 17:50:31', 'RiNvoBudovs7eKwaLFaBsamUul9uwabwAt4LltUwzQhozg73ET50UaQtbopx'),
(29, '$2y$10$fr7sHCMKnBI5hNzmYR8/guRQXvTdwy4OsYUsNBmPJUDdDKDMxrUBS', NULL, 'Carlos Adrian', '54236991', 'Romero', 'Guzman', NULL, '1994-08-09 00:00:00', '189328591', 'puerto natales 18714', 'car.romerog19@gmail.com', '', 10, 1, '2015-12-09 21:01:13', '2015-12-09 21:01:13', NULL),
(33, '$2y$10$BYlcIzk0Lpon0/HJi7Vg0eAb5VaKDqPzzZKeWu.yO2QjQyzpBUjsO', NULL, 'Anita ', '78063289', 'Saldes', 'Osorio', NULL, '1993-12-23 00:00:00', '18466606-5', 'Jacarada 18475', 'ani.saldes@hotmail.com', '', 10, 1, '2015-12-14 22:24:15', '2015-12-14 22:24:15', NULL),
(34, '$2y$10$.zWXpQpZWHIZYqNE6SjS2ebXdJFwkXCFx1w/H/YL6PQWK88/ulXMC', NULL, 'Disleyne Katherine', '62563614', 'Rios', 'Vega', NULL, '1988-10-02 00:00:00', '16.911.924-4', 'Pje Diademas uno 970', 'disy.k.ru@gmail.com', '', 10, 1, '2015-12-15 12:51:30', '2015-12-15 12:51:30', NULL),
(32, '$2y$10$6b7nksFnCQR6TSd14M7.oOF.dIS.XOyAXAqs5w8rHTtqklc3S1ZHi', NULL, 'Emilio', '77812597', 'Gomez', 'Astorga', NULL, '1983-11-03 00:00:00', '15623569-5', 'Av 4 poniente 104 villa el abrazo', 'emilioandres.g@gmail.com', '', 10, 1, '2015-12-14 19:40:43', '2015-12-14 19:40:43', NULL),
(27, '$2y$10$rOKwo6zIIFVzzhduCc9oEujr5swLyHEo72FOmLvZKxeLOXeSkSP5W', NULL, 'Johanna Valeska ', '73662564', 'Sanchez', 'Mendes', NULL, '1982-12-16 00:00:00', '15483351-k', 'Los inquilinos 231', 'johanna.sanches@gmail.com', '', 9, 1, '2015-12-07 22:33:45', '2015-12-07 22:33:45', NULL),
(14, '$2y$10$71fWAWKcV6wzMv0MsMiFC./A1Rjl17S/aAXf3tRrkp7Io3qZFyaVi', NULL, 'SUPER ADMINISTRADOR', '59016379', 'ADMIN', 'ADMIN', NULL, '2015-08-01 00:00:00', '16432089-8', 'PARQUE CENTRAL PONIENTE 1109', 'superadmin@superadmin.cl', '', 7, 1, '2016-02-27 17:04:04', '2015-08-02 02:31:10', 'dTs7nBlyZ3nRihBHFLrdQzl44JpCNCtOWw3Q7UL3AVotzznRj6VpxqD7Ivt7'),
(35, '$2y$10$33yaMCdSJa.pix3IXFSesO17VpScSXcHDluKYNaM/F64hg5AjFPBC', NULL, 'Camila Sofia', '85446621', 'Rojas', 'Moyano', NULL, '1996-09-08 00:00:00', '19.502.666-1', 'Av Parque Central Poniente 393', 'camila.rojasmoyano@gmail.com', '', 10, 1, '2015-12-15 13:19:21', '2015-12-15 13:19:21', NULL),
(30, '$2y$10$Onx/GesKtQDhG1imEA0BSebBPy0v1gw3MBhOC.4MuQirGNYqh3bVK', NULL, 'Camila', '54120822', 'Astorga', 'Herrera', NULL, '1995-07-03 00:00:00', '18863718-3', '55555555', 'capeashe@gmail.com', '', 9, 1, '2015-12-14 15:43:55', '2015-12-14 15:43:55', NULL),
(31, '$2y$10$RFy0VrkeC2nePp4zMlEN1uwySpRag6d2YBLr.O/uPaQwtbLsU7IUe', NULL, 'Camila', '54120822', 'Astorga', 'Herrera', NULL, '2015-12-14 00:00:00', '18863718', '55555555', 'capeashe@gmail.com', '', 9, 1, '2015-12-14 16:05:15', '2015-12-14 16:05:15', NULL),
(24, '$2y$10$m1PyW5xokRfcRrZScDwgLuF9IOcS4stRZVlkUIzX1IJ5NAlFvOb.e', NULL, 'Jose Omar', '99097730', 'Vasquez', 'Veas', NULL, '0000-00-00 00:00:00', '7813032-6', 'Pje Isaac 4649', 'josevasquez@live.cl', '', 10, 1, '2016-01-29 13:36:03', '2015-12-07 14:45:44', 'DkM0sTS5ivJDbZDh9pFFzzjDxa85QQkxGjBeJiKQ48G8iSEbroKTSPrDH6Kt'),
(25, '$2y$10$EIifNpnUQxQ3Q/gq2nMOCOfiMMRJtUmtx7/s9Pgs1XzFVIcFumSIG', NULL, 'Daniela Fernandez', '86904886', 'Morales', 'Sanchez', NULL, '1994-08-09 00:00:00', '16978098-6', 'Salar de guasco norte 1900', 'dannysincronick@gmail.com', '', 9, 1, '2015-12-11 20:53:54', '2015-12-07 15:04:34', NULL),
(26, '$2y$10$Nhs3MLh0gr4uK.l98ZayIOKqqbk.cFfu2UEECZjS0otrO3o0KIpR.', NULL, 'Patricia Ximena', '85366920', 'Gusman', 'Michea', NULL, '1976-12-07 00:00:00', '14441061-0', 'Francisco coloanes 352', 'patriciagusman@live.com', '', 9, 1, '2015-12-11 20:59:23', '2015-12-07 16:26:43', NULL),
(104, '$2y$10$M4RE1.BfSmxizWEca1/xk.sUoCmiE7CeXRGmnA/ehld4kCQpwmad2', NULL, 'Paula', '59377959', 'Manriquez', 'Riquelme', NULL, '1993-11-03 00:00:00', '19.662.544-7', 'Av. Parque Sur 18561', 'paula.manriquez.3@gmail.com', '', 9, 1, '2016-01-25 19:51:23', '2016-01-25 19:51:23', NULL),
(37, '$2y$10$IAex3pVUC1jZ3pgi3w/wDOKeBiybwPr740nZQhT3DmrH3yVI5bwF6', NULL, 'Julie ', '92985457', 'Navarrete ', 'Luna', NULL, '1986-02-07 00:00:00', '16.139.749-0', 'Av parque central poniente 659', 'julie.navarrete@gmail.com', '', 9, 1, '2015-12-15 20:05:33', '2015-12-15 20:05:33', NULL),
(38, '$2y$10$vG6BP3GBEjEH2mY5ckNmY.tmijKOm4pifD02ifhgB3lbEOs0Nrfoe', NULL, 'Agustin', '58592742', 'Guerra ', 'Letelier', NULL, '1995-02-20 00:00:00', '18.957.604-8', 'Av parque oriente 52', 'ricard0ca@hotmail.com', '', 10, 1, '2015-12-15 21:25:02', '2015-12-15 21:25:02', NULL),
(39, '$2y$10$8b7TMGo4.diT.zSuUdJV5eSBAnnbYiO3PX4g.o/a5jZ/Bky50upsm', NULL, 'Millaray', '84142674', 'Candia', 'Ibarra', NULL, '1992-10-08 00:00:00', '18.025.652-0', 'Av. Parque Central Poniente 1447', 'millacandia@gmail.com', '', 9, 1, '2015-12-15 22:35:20', '2015-12-15 22:35:20', NULL),
(40, '$2y$10$8cvPmqlugOrMLNNSId25C.9WOl3Q2nx8WyUd3AeHJTWJjtvGx0lfm', NULL, 'Alvaro ', '94525215', 'Albornoz ', 'León', NULL, '1998-06-25 00:00:00', '19.893.349-k', 'Camino Lonquén Parcela 74B', 'aaaleon@gmail.com', '', 11, 1, '2015-12-16 21:55:49', '2015-12-16 21:55:49', NULL),
(41, '$2y$10$JlGMSSNpGHqCIXCqePQ/2OWjir7rEmqTAgScICDG4U4F0d7sD22ua', NULL, 'Belgica ', '63532192', 'Balcazar', ' Valdés', NULL, '1984-12-23 00:00:00', '16.025.769-5', 'Pje. Reloncavi uno 1974', 'belgicabalcazar@gmail.com', '', 9, 1, '2015-12-16 23:08:19', '2015-12-16 23:08:19', NULL),
(42, '$2y$10$8ihxYNje8MDn.7r13hu84Ow5AGlmPAUR8agIBaYnGzZklL9OaRYMe', NULL, 'Benjamin', '42677577', 'Medina', 'Espinoza', NULL, '1997-09-12 00:00:00', '19.743.987-4', 'Farellones 41, condominio barrio norte', 'beenja.medina@gmail.com', '', 10, 1, '2015-12-16 23:10:29', '2015-12-16 23:10:29', NULL),
(43, '$2y$10$FjnUqXWE1HpbT.uZPbDQzOXArgl2gHZsvCEJmoEWpaOWsIYPpIP7q', NULL, 'Carlos', '68465656', 'Cordero ', 'Castro', NULL, '1998-01-08 00:00:00', '19.831.357-2', 'La cascada dos 18527', 'ccorderop3@gmail.com', '', 10, 1, '2015-12-17 14:30:59', '2015-12-17 14:30:59', NULL),
(44, '$2y$10$ARW15YuHuDm1dwxgc2J6SuRC1rKiCz7zenIh9wOhBeG9CmGsaK0Zy', NULL, 'Mauricio', '45037732', 'Barahona', 'Castillo', NULL, '1997-08-06 00:00:00', '19.492.391-0', 'Puerto Montt 18694', 'mauroandrescas@gmail.com', '', 10, 1, '2015-12-18 12:34:01', '2015-12-18 12:34:01', NULL),
(45, '$2y$10$UgXwvxVU6uqHDsutvC5DJeV/.c6mjE.MDHoR.2d.V13.og8n4GE7C', NULL, 'Javiera Ignacia', '58261395', 'Castillo', 'Ibarra', NULL, '1996-10-03 00:00:00', '19.866.236-4', 'La cascada norte 1260', 'no', '', 9, 1, '2015-12-18 21:28:58', '2015-12-18 21:28:58', NULL),
(46, '$2y$10$qhcKua.p7wsNCiMHlZKEJ.XHZWYvdKJ5rzcgVEaHAV3R9eWh4Xrki', NULL, 'Carlos Iván', '95418585', 'Quezada', 'Zurita', NULL, '1995-05-23 00:00:00', '19.035.991-3', 'Av. Lago de Lugano 18471', 'ciqueza@uc.cl', '', 9, 1, '2015-12-18 22:17:39', '2015-12-18 22:17:39', NULL),
(47, '$2y$10$Seck48sDdgzkaXWUdJ5qB.Y5lIuFGlpz5k305TqGzpmUwKGDuF/va', NULL, 'Amada', '82628250', 'Leiva', 'Villagra', NULL, '0000-00-00 00:00:00', '11.289.178-1', 'Lago Albano 18749', 'sin email', '', 10, 1, '2015-12-18 23:29:58', '2015-12-18 23:29:58', NULL),
(48, '$2y$10$PK8VdmpENb.wWZXHkq2aueoBOgDycW2WNY.xuT5cNWd7/FFkwzD92', NULL, 'Carlos', '81240582', 'Ibarra', 'Gordillo', NULL, '0000-00-00 00:00:00', '10.140.318-1', 'Pje. Glavicordio 736 Maipú', 'cig-41@hotmail.com', '', 10, 1, '2015-12-21 19:23:54', '2015-12-21 19:23:54', NULL),
(49, '$2y$10$umsiwG2WE/T8wQya81lsjuKnFqZq5DWlS9nige9USzWvfDSuiCLna', NULL, 'Francisco', '94465221', 'Tapia', 'Olea', NULL, '1984-05-14 00:00:00', '15.789.133-2', 'Isla Tenglo 1964', 'ftapia.olea@gmail.com', '', 10, 1, '2015-12-21 19:26:14', '2015-12-21 19:26:14', NULL),
(50, '$2y$10$IWuwCMIs2o1DvzRF/fxMruvClLVsp5YHGFMPtoBfAomb8aJugwTja', NULL, 'Maximiliano', '229059413', 'Basai', 'Vidal', NULL, '1987-09-18 00:00:00', '16.661.107-5', 'Parque Central Poniente 667', 'raul.basai@gmail.com', '', 10, 1, '2015-12-21 21:12:14', '2015-12-21 21:12:14', NULL),
(51, '$2y$10$gyJdnirN1J7KJT9WWGKjluysnV8DkDt5HcKv0HPX09XpvYkv90cba', NULL, 'David ', '75255742', 'Navarrete', 'Casanova', NULL, '1975-01-31 00:00:00', '12.902.926-9', 'Salar de Talar 1969', 'davidsnc@hotmail.com', '', 10, 1, '2015-12-22 15:35:14', '2015-12-22 15:35:14', NULL),
(52, '$2y$10$YrFau9iKhB3DQ6Mv1FNateVo1ot1oBvA70Hqeib3EzfUu1Tgr3FdC', NULL, 'Nicole', '555555555', 'Sotelo', 'Sanchez', NULL, '0000-00-00 00:00:00', '555555555', 'Patagonia uno 2367', 'nicoleok@hotmail.com', '', 10, 1, '2015-12-23 12:24:11', '2015-12-23 12:24:11', NULL),
(53, '$2y$10$vkcerctaNAA3FQOR2knPdeHYj8gQrZ/LiKS9z08WQxz/5AUGNNuE6', NULL, 'Karla', '42578455', 'Ortiz', 'Santana', NULL, '1993-12-12 00:00:00', '18.535.088-6', 'Lago Albano 18913', 'ortizsantana120@gmail.com', '', 10, 1, '2015-12-23 22:23:52', '2015-12-23 22:23:52', NULL),
(54, '$2y$10$jKl3HiGI1ZfeDc.JIsJFTOOzJudvG47UDgk3O9ga4gdWwuOCax25G', NULL, 'Monserrat ', '54580657', 'Ferrada', 'Orellana', NULL, '0000-00-00 00:00:00', '555555555', '18 de septiembre 236', 'sin email', '', 10, 1, '2015-12-24 13:01:28', '2015-12-24 13:01:28', NULL),
(55, '$2y$10$cu7n6E1PYUHDW5Z29uO8J.LsqtOF.NXx0gVQTgNuKDKAMHRehUaHm', NULL, 'Jorge', '86541736', 'Araya', 'Villa', NULL, '1997-09-24 00:00:00', '19.744.155-0', 'Patagonia dos casa 48', 'sin email', '', 10, 1, '2015-12-24 16:40:46', '2015-12-24 16:40:46', NULL),
(56, '$2y$10$XOZuO/ywo9/Yd117n6xA/ehMKIZKEknN2h.7ktIfBEEshMQNu3ctm', NULL, 'Macarena', '83912045', 'Moya', 'Cornejo', NULL, '1985-06-11 00:00:00', '16.032.286-1', 'El dedal de oro 18771', 'macarenaw7@gmail.com', '', 10, 1, '2015-12-28 19:31:27', '2015-12-28 19:31:27', NULL),
(57, '$2y$10$vOntJpQTdMAkiwF6kzzSOO3tkZR3SZHHqb/e0rJRMdkX3nUmZ3JIm', NULL, 'Denisse', '987360977', 'Marchant', 'Aguilera', NULL, '1996-03-16 00:00:00', '____', 'Infante Larraín 1492, casa 29', 'familiamarchantaguilera@vtr.net', '', 10, 1, '2015-12-29 23:24:31', '2015-12-29 23:24:31', NULL),
(58, '$2y$10$/.mJ3FjWLOqBNixehbX7..CPbY9mp7IbC6LDcm2p/aEPTsKPiJJDm', NULL, 'Cristina', '88302217', 'Soto', 'Smith', NULL, '1985-07-21 00:00:00', '16.235.141-9', 'Diademas cinco 1139', 'cristina.soto.smith@gmail.com', '', 10, 1, '2015-12-30 21:12:52', '2015-12-30 21:12:52', NULL),
(59, '$2y$10$HmMG20G1uTsDbCT3GnvyAuD9pvxhVO0hoNSMeeIN1jTRcCr.Ww.YS', NULL, 'Michael', '52201824', 'Crisostomo', 'Ortiz', NULL, '1983-02-13 00:00:00', '15.464.220-k', 'San Rafael Norte 47', 'krisostomo@gmail.com', '', 10, 1, '2015-12-30 21:30:28', '2015-12-30 21:30:28', NULL),
(60, '$2y$10$sgGMmtwA/x9oEArnub047ORzB8UTTxWGFf/DjkfpXkby8TYqz6BOm', NULL, 'Fernanda', '92130368', 'Leiva', 'Espinoza', NULL, '1984-07-04 00:00:00', '17.708.891-9', 'Diademas cuatro 1042', 'fernandaleivae@gmail.com', '', 10, 1, '2015-12-30 22:53:37', '2015-12-30 22:53:37', NULL),
(61, '$2y$10$GhHAu1xEpd2vUMVAphE23.y.3XoylEKyhUk1KeQp1lAwG0S6as97e', NULL, 'David', '95717270', 'Leal', 'Olivares', NULL, '1984-07-04 00:00:00', '15.888.340-6', 'Eucaliptus dos 1350', 'davidlealo@gmail.com', '', 10, 1, '2015-12-30 22:55:10', '2015-12-30 22:55:10', NULL),
(62, '$2y$10$3W8kljO4UDYiVSGC4ZCBi.tKWzKd4kMJVB/1R3vWBqNon.XxWHLwa', NULL, 'Ramón', '84052192', 'Yañez', 'García', NULL, '1987-03-18 00:00:00', '16.519.682-1', 'Av. Parque Central Poniente 667', 'ramonyanez87@gmail.com', '', 10, 1, '2015-12-31 12:39:02', '2015-12-31 12:39:02', NULL),
(63, '$2y$10$MxPXyqrtLpiYM.Mw.gj/4uTZqW3hay8S6KA2N7n4Er/j4b0h.tjfu', NULL, 'Marión', '90589373', 'Diaz', 'Gonzalez', NULL, '1991-03-27 00:00:00', '17.834.828-0', 'Filodendro dos 1632', 'mariondiazg.91@gmail.com', '', 10, 1, '2015-12-31 16:36:43', '2015-12-31 16:36:43', NULL),
(64, '$2y$10$wqRvX6lrLntSFgrpt1rMou0ZQzzMUTzIkcPH9DnKdZ/9OyB978smu', NULL, 'Rafaela ', '89205598', 'Henríquez', 'Salazar', NULL, '1997-09-01 00:00:00', '19.673.287-3', 'El trébol 669 Padre Hurtado', 'rafaelasimone.henriquez@gmail.com', '', 10, 1, '2016-01-04 14:31:09', '2016-01-04 14:31:09', NULL),
(65, '$2y$10$pMydGpgJH5i6HmZNtFtGW.LmvKQaU2xQvIz9/UNXcBLlpSuNKnGiu', NULL, 'Karina ', '76987773', 'Catalán', 'Araya', NULL, '1977-03-17 00:00:00', '555555555', 'Francisco Corleanes 119', 'no email', '', 10, 1, '2016-01-04 16:46:30', '2016-01-04 16:46:30', NULL),
(66, '$2y$10$AFlNqZ65DyJyg.deywK/hO/rY.hwjrmYgfJY4q7eBRkZEKf64ViZe', NULL, 'Judith', '63425080', 'Guajardo', 'Maureira', NULL, '1993-07-22 00:00:00', '18.426.068-9', '555555', 'j.guajardomaureira@gmail.com', '', 10, 1, '2016-01-04 19:13:08', '2016-01-04 19:13:08', NULL),
(67, '$2y$10$I7bOira3BWpsjYvzhstWVuSIrTDnzK7DTUfrYEfUdPj6X9ziC2WsC', NULL, 'Felipe ', '45353775', 'Cardenas', 'Torres', NULL, '0000-00-00 00:00:00', '19.953.977-9', 'Los Naranjos 18466', 'no email', '', 10, 1, '2016-01-04 21:34:40', '2016-01-04 21:34:40', NULL),
(68, '$2y$10$XeZOieoCahmXKz4/MFf2Lux2ePvkY8Iu10eI8mW7jjiyPYbluILoO', NULL, 'Carolina', '78370022', 'Navarro', 'Troncoso', NULL, '1992-08-14 00:00:00', '18.168.372-4', 'Cactus siete18772', 'carolinna.navarro@gmail.com', '', 10, 1, '2016-01-04 21:36:56', '2016-01-04 21:36:56', NULL),
(72, '$2y$10$Mx3x6aigN746hLLaXGHIEOkd7VDmVxT2gUq7yzcn0BISSNPaRUjgO', NULL, 'Paloma', '59692516', 'Bascuñán', 'Palacios', NULL, '1988-12-15 00:00:00', '16.913.573-8', 'Reloncaví dos 18742', 'palomabascunan@gmail.com', '', 10, 1, '2016-01-04 23:35:13', '2016-01-04 23:35:13', NULL),
(70, '$2y$10$7S1.O9/EqLO.7AfybK7TuOX.csMivZxXebUwl5jk8pDifT4Qjm1ka', NULL, 'Katy', '94197495', 'Morales', 'Palacios', NULL, '1988-07-25 00:00:00', '16.610.814-4', 'El helecho 18548', 'katy.morales22@gmail.com', '', 10, 1, '2016-01-04 23:21:13', '2016-01-04 23:21:13', NULL),
(71, '$2y$10$RtmlVgt7ZOO3Gi/0Mr6ERuWHEoIZA1DBtMGXWpBxvhdjVXpZMolwW', NULL, 'Gerardo', '5371890', 'Osorio', 'Silva', NULL, '0000-00-00 00:00:00', '5.305.373-4', 'Santa Ana de Chena Parcela 111', 'No email', '', 10, 1, '2016-01-04 23:26:38', '2016-01-04 23:26:38', NULL),
(73, '$2y$10$7m/bpnPSbqd1lTCKK8PxFubf4pGx0l3w5JIvz1TMhB6tt0JlwX.5m', NULL, 'Macarena ', '5373856', 'Soto', 'Savedra', NULL, '1994-10-19 00:00:00', '19.953.677-1', 'Lago Castelgandolfo', 'makarenab.soto@gmail.com', '', 10, 1, '2016-01-05 15:59:23', '2016-01-05 15:59:23', NULL),
(74, '$2y$10$TTGPq0L.laM6Vpclw3TfLeqhRryTJ8th.m.uYq3WF.N6xSEtRbENS', NULL, 'Andrea', '96434073', 'Yañez', 'Yañez', NULL, '1973-09-06 00:00:00', '12.513.969-8', 'El helecho uno 1004', 'andrea.yanez@hotmail.com', '', 10, 1, '2016-01-05 20:44:10', '2016-01-05 20:44:10', NULL),
(75, '$2y$10$LH8uQaxGhTf/okk.9oAO0eej6FzmErZIFmcFVEBaC4KCC7vSSoU8q', NULL, 'Matias', '5371123', 'Zuñiga', 'Martinez', NULL, '1998-01-05 00:00:00', '19.637.923-1', 'Av. Parque Central Poniente 1239', 'No email', '', 10, 1, '2016-01-05 21:08:57', '2016-01-05 21:08:57', NULL),
(76, '$2y$10$lMF9dUbN7o1xZyW1HVdPLu4lPLZ4waymWI0qAJ1KT9izIrgVNFfkG', NULL, 'Diandra', '5371123', 'Zuñiga', 'Martinez', NULL, '1991-01-31 00:00:00', '17.700.510-k', 'Av Parque Central Poniente 1239', 'No email', '', 10, 1, '2016-01-05 21:11:29', '2016-01-05 21:11:29', NULL),
(77, '$2y$10$C/XKfMuWXOdsxigYTPFNBeced5XuB8A0vGFAwJMvS6MdPzULJltFi', NULL, 'Antoanet', '88203175', 'Bravo', 'Ezeta', NULL, '1977-02-08 00:00:00', '14.734.747-2', 'Puerto Montt 18771', 'anto_satelite@hotmail.com', '', 10, 1, '2016-01-05 22:57:38', '2016-01-05 22:57:38', NULL),
(78, '$2y$10$9IY5A4GoiU/Ll8mRXWhBee0rCds2mrH6sNHwUDCBBOPeY4VrTBAny', NULL, 'Yessica', '4912978', 'Perez', 'Urrea', NULL, '1992-12-17 00:00:00', '18.294.085-2', 'Eucaliptus ocho 19848', 'yessica.perez.u@gmail.com', '', 10, 1, '2016-01-06 15:43:27', '2016-01-06 15:43:27', NULL),
(79, '$2y$10$83MUQ18irUZMNKxVL2mH9ezqPb6XjJdxd6F06htWTGk0.wzJ1pmgG', NULL, 'Estefany ', '73159770', 'Quezada', 'Arredondo', NULL, '1995-12-08 00:00:00', '19.259.985-5', 'Av. Parque Oriente  1650', 'top_sory@hotmail.com', '', 9, 1, '2016-01-07 19:23:15', '2016-01-07 19:23:15', NULL),
(80, '$2y$10$TO0qg77rWrYsE5tgl0MoHOMMruJCPgUYyYJfAnaoY9TTnmFzSWM4q', NULL, 'Valentina', '5370997', 'Espinoza', 'Bernal', NULL, '1993-04-03 00:00:00', '18.536.859-9', 'Filodendro cinco 1786', 'vespinozab.ve@gmail.com', '', 10, 1, '2016-01-07 20:15:10', '2016-01-07 20:15:10', NULL),
(81, '$2y$10$zGanpCstb60/85FQRFV9quTQuB0FKaajW3WYP4pHKfaUJCdNfCAC6', NULL, 'María Teresa', '52556938', 'Martínez', 'Bissone', NULL, '1994-04-19 00:00:00', '18.766.585-k', 'Aralias seis 18865', 'mmbissone@gmail.com', '', 10, 1, '2016-01-07 20:17:27', '2016-01-07 20:17:27', NULL),
(82, '$2y$10$SEdQHs.QVC/eJM9q.oDS2.rJjNu1KuSXEzTE0mLcOczcT48yy.6Rm', NULL, 'Americo', '73656649', 'Velasquez', 'Correa', NULL, '1991-03-09 00:00:00', '17.676.373-6', 'Parque Central Oriente 1600', 'americomauricio1313@gmail.com', '', 10, 1, '2016-01-07 22:42:23', '2016-01-07 22:42:23', NULL),
(83, '$2y$10$e0YPK3IbFcHYcClcobciLeDcpRekcu7ENa1gmFxUd8MoMwfTSfFG6', NULL, 'Aracely', '64070705', 'Gonzalez', 'Nuñez', NULL, '1989-09-18 00:00:00', '17.320.814-6', 'San Carlos 4125', 'aracelygonzalez2424@gmail.com', '', 10, 1, '2016-01-11 12:09:56', '2016-01-11 12:09:56', NULL),
(84, '$2y$10$SfgTG536ko29/1/TAV8wPeIIWzE5EPKK5ZcohwxCBCXzCsUxHLuom', NULL, 'Diego', '84407886', 'Gavidia', 'Manzano', NULL, '1986-02-10 00:00:00', '16.354.817-8', 'El dedal de oro 18717', 'diegogavidim@gmail.com', '', 10, 1, '2016-01-11 21:00:12', '2016-01-11 21:00:12', NULL),
(85, '$2y$10$aFYqh9v9zpq4vJrnz/7X1OcQ.O5ZBTAPjuQvPcxVSiLic1KD0YpF6', NULL, 'Hubert', '73060009', 'Saintil', '0', NULL, '1981-04-09 00:00:00', '0', 'Santa Ana de Chena Parcela 70', 'huberssaintel@gmail.com', '', 10, 1, '2016-01-11 22:33:46', '2016-01-11 22:33:46', NULL),
(86, '$2y$10$Fo2ntFt2ufJVpbh3V6N8E.LN/Ebzv/P0xv3Pq9.HYdiUzOUT/FSYi', NULL, 'Eduardo', '92545287', 'Guerrero', 'Barraza', NULL, '1991-06-29 00:00:00', '17678641-8', 'Los azahara 18751', 'ed.estebang@gmail.com', '', 10, 1, '2016-01-11 23:21:24', '2016-01-11 23:21:24', NULL),
(87, '$2y$10$gkuM55buqmIPeuk.74JZl.JmNELWLeLBhJ0Fmxx39NfErUbns3SAK', NULL, 'Jennifer', '92545287', 'Sandoval', 'Allendes', NULL, '1986-06-08 00:00:00', '17678641-8', 'Lago Albano 18806', 'jsandovalallendes@gmail.com', '', 10, 1, '2016-01-11 23:24:02', '2016-01-11 23:24:02', NULL),
(88, '$2y$10$puDTZ3VkCCHGyREGEZFwJeaXALVprkBIkDto/oGS0n4QYFyeCvUf2', NULL, 'José Miguel', '54102137', 'Salin', 'Gatica', NULL, '1990-07-13 00:00:00', '17.705.060-1', 'Eucaliptus tres 1201', 'jmsalin.13@gmail.com', '', 10, 1, '2016-01-12 22:46:40', '2016-01-12 22:46:40', NULL),
(89, '$2y$10$Y8Ft2oVQ1Q0SxkHcMWhlD.rh2sYVoS1CNXNYrYvzvT61TZNz5mSk.', NULL, 'Ana María', '56827684', 'Peñaylillo', 'Fuentes', NULL, '1989-06-11 00:00:00', '17.091.426-0', 'Lago Albano 18707', 'anamp.nut@gmail.com', '', 10, 1, '2016-01-13 22:57:32', '2016-01-13 22:57:32', NULL),
(90, '$2y$10$qnl4Lt2E5pZDEgnUsJqxD.x3bwo6ZV.KS3meIr/VOAKYogIs4DGGK', NULL, 'Rudiger', '53559076', 'Alvarez', 'Lopez', NULL, '1997-05-22 00:00:00', '0', 'Gomero uno 1681', 'rudiger.alvarez@gmail.com', '', 10, 1, '2016-01-14 14:41:10', '2016-01-14 14:41:10', NULL),
(91, '$2y$10$ijkrZrMJwASWpzKanup0AeFg1HKxYpOWD/Uc7sQDLGmxG/HHjAdg6', NULL, 'Isidora', '81387738', 'Bello', 'Canales', NULL, '1996-05-02 00:00:00', '19.375.412-0', 'Canal Conepción Sur 2310', 'isidorafbello@hotmail.com', '', 10, 1, '2016-01-18 16:51:23', '2016-01-18 16:51:23', NULL),
(92, '$2y$10$9REoihAB51JUZbfjzMruOekPkIRDyZpCH9ERCZGiITu2u/eGEGL8q', NULL, 'Tania', '67021017', 'Bello', 'Canales', NULL, '1991-06-07 00:00:00', '17.838.509-7', 'Canal Conepción Sur 2310', 'tani.sofiaabello@gmail.com', '', 10, 1, '2016-01-18 16:53:13', '2016-01-18 16:53:13', NULL),
(93, '$2y$10$K4/pHEYR7xDG.zo3bwZUBOmQpMuFtutdlhRSCUShZ67NbfXQBVC46', NULL, 'Mauricio', '84532045', 'Soto', 'Morales', NULL, '1996-11-09 00:00:00', '19.644.788-7', 'Balmaceda 1631', 'picho2011226@gmail.com', '', 10, 1, '2016-01-18 19:29:31', '2016-01-18 19:29:31', NULL),
(94, '$2y$10$3tBI04tQpStS6Bo27cFjKulKI/EnfjZ4GMfexzfteARtFCnHUr.VS', NULL, 'Yennifer', '73625085', 'Vega', 'Fariña', NULL, '1984-09-21 00:00:00', '15.963.146-k', 'Av. La Victoria 1430, Maipú', 'yennibernardavega@gmail.com', '', 9, 1, '2016-01-18 19:33:44', '2016-01-18 19:33:44', NULL),
(95, '$2y$10$WN8HazUvnHUnUom/cSEoCeUzr2bP9aZZsZ1rSkutDO5KwKyOZmD8O', NULL, 'Malcom', '98613689', 'Bonet', 'Robles', NULL, '1995-09-09 00:00:00', '19.185.505-1', 'Cascada dos 18520', 'mabonet@uc.cl', '', 10, 1, '2016-01-19 12:34:39', '2016-01-19 12:34:39', NULL),
(96, '$2y$10$DX0345jUrHFCVhPIr/Zsceln7eFVNOKlC9RWjLBtUB8ZsfE4HVx/.', NULL, 'Juan Pablo', '61272997', 'Jara', 'Guzmán', NULL, '1997-11-13 00:00:00', '19.829.375-k', 'Mar Egeo 16141, Villa San Juan', 'jota_juanpablo@hotmail.com', '', 9, 1, '2016-01-19 12:40:26', '2016-01-19 12:40:26', NULL),
(97, '$2y$10$z4YnpQzQGEOPkhje7FNnRunhEuRDgxY2X8o7y7AEa4TrZtiQA3v.K', NULL, 'Roberto', '75338525', 'Leiva', 'Ferrer', NULL, '1996-06-13 00:00:00', '19.309.387-k', 'Av. Parque Central Poniente 1067', 'r.leivaferrer@gmail.com', '', 9, 1, '2016-01-19 12:44:39', '2016-01-19 12:44:39', NULL),
(98, '$2y$10$O1AbQ4RXf2/3y0Hh4iI.SePaIRRhZZM6LtMYyMmGO/J.uTwAVRpBy', NULL, 'Linda', '75185796', 'Moore', 'Diaz', NULL, '2015-11-11 00:00:00', '16.470.150-6', 'Liquidambar seis 18472', 'no email', '', 9, 1, '2016-01-19 20:44:00', '2016-01-19 20:44:00', NULL),
(99, '$2y$10$AiBPS.KQeXrLmIDAFtswkuxmFT23hm0Ro7z1qCUgpr4gmq0oQ5SQ6', NULL, 'Carmen', '99983607', 'Castillo', 'Brito', NULL, '1976-12-22 00:00:00', '23.033.443-9', 'Jacarada ocho 18475', 'dcb002@hotmail.com', '', 9, 1, '2016-01-19 23:21:51', '2016-01-19 23:21:51', NULL),
(100, '$2y$10$fdbPOZU.FS616.Unz13Z6.7iwO.1/xF9UUrd5KiFYGdV61HGNm.NC', NULL, 'Charlotte', '98220712', 'Orellana', 'Moreno', NULL, '1986-05-23 00:00:00', '16.420.379-4', 'Salar de Yamana Norte 18463', 'ed.charlotte.orellana@gmail.com', '', 9, 1, '2016-01-20 23:30:55', '2016-01-20 23:30:55', NULL),
(101, '$2y$10$BGRWejIrFqNT2DE1qhxLC.lu7MtIme4Lni97wjokxlOn5xv7zlyV.', NULL, 'M. Jesús', '66586595', 'Cárdenas', 'Marín', NULL, '1992-05-05 00:00:00', '19.647.077-8', 'Av Parque Sur', 'majesuscardenasm@gmail.com', '', 10, 1, '2016-01-21 16:55:59', '2016-01-21 16:55:59', NULL),
(102, '$2y$10$WH.kVuFkn1IrtBG0eDzqGeaoq6MGDb62qbJXf4qLQZuVkxWy74Dm2', NULL, 'Franz', '76520927', 'Willenbrick', 'Miranda', NULL, '2016-01-21 00:00:00', '03/05/1996', 'franz.willenbrick@gmail.com', 'franz.willenbrick@gmail.com', '', 10, 1, '2016-01-21 20:17:00', '2016-01-21 20:17:00', NULL),
(103, '$2y$10$5zquJesVjSSqbDrTjzzWO.FZyeiX5pKCpJtje3Cj9MdEeCnIW.i5q', NULL, 'Miguel Angel', '59364676', 'Carvajal', 'Tellez', NULL, '1997-09-14 00:00:00', '19.790.053-9', 'Francisco Corleone cuatro, Condominio Magallanes 146', 'carvajal_miguel.17@hotmail.com', '', 9, 1, '2016-01-22 19:45:54', '2016-01-22 19:45:54', NULL),
(105, '$2y$10$T.rUTwy0jRVkoMSiVWIHUeZtdudC65eTw69WB3Ng4DQcY1r84/Odm', NULL, 'Marco Antonio', '95689829', 'Carrasco', 'Pinto', NULL, '1997-01-24 00:00:00', '18.358.804-4', 'San Rafael Sur 88, Barrio Central', 'mncarrasco@uc.cl', '', 10, 1, '2016-01-26 19:43:25', '2016-01-26 19:43:25', NULL),
(106, '$2y$10$aLFDFZCd6RLmPctbPxcOfOURIBNZMXoGt5N7FEX1fQW1oj/aYv.z2', NULL, 'Sebastián Ignacio', '96984263', 'Arévalo', 'Gasardo', NULL, '1997-11-20 00:00:00', '19.818.613-9', 'Cactus nueve 18791', 'sarevalog@outlook.com', '', 9, 1, '2016-01-26 20:49:53', '2016-01-26 20:49:53', NULL),
(107, '$2y$10$0jK3F1xIjUWE2gtelPomLe9iFvyhJx4hfA4SHy92sh.FQu4yzGC2W', NULL, 'Gladys Cecilia', '50704821', 'Uribes', 'Cuevas', NULL, '1984-03-12 00:00:00', '15.774.891-2', 'Pje. Reveca Norte 169, Maipú', 'gladysuribe01@gmail.com', '', 9, 1, '2016-01-27 12:25:31', '2016-01-27 12:25:31', NULL),
(108, '$2y$10$rnVfrH1JhDpV4wAYntZ2Iu21g5ZyETJ5el/9ErZT9CaVa0ORccaCW', NULL, 'Nicolás', '27928237', 'Calderón', '0', NULL, '2016-01-27 00:00:00', '20.073.153 - 0', 'Av. Alcalde José Luis Infante Larraín 1652, casa 37', 'nicocal_98@hotmail.com', '', 9, 1, '2016-01-27 23:07:23', '2016-01-27 23:07:23', NULL),
(109, '$2y$10$OzaDIOllkJJrK11togbrp.U6aoBbFF44dbtb/E/1s45WxSV8bqmWe', NULL, 'Elias', '93561616', 'Arias', 'Placencio', NULL, '1990-01-25 00:00:00', '17.390.725-7', 'El junco 711', 'elias.arias.placencio21@gmail.com', '', 9, 1, '2016-01-28 00:09:53', '2016-01-28 00:09:53', NULL),
(110, '$2y$10$kI3Sww3kUoRZrlKnwvGeeekSy4E8j5k3OwT72YVsSIbx/mUeECb/S', NULL, 'Pilar ', '73140986', 'Ibaceta', 'Arenas', NULL, '1976-06-24 00:00:00', '14.312.781-8', 'Caleta Gonzálo 2276', 'overpill1976@gmail.com', '', 9, 1, '2016-01-29 20:51:09', '2016-01-29 20:51:09', NULL),
(111, '$2y$10$kzTorxyOpcDfEGNYVrDVVuNaNe3E828lKwF84fC8Byp0gKpGLgSxO', NULL, 'Alejandra ', '73686568', 'Basoalto', 'Valladares', NULL, '1987-04-29 00:00:00', '16.478.630-7', 'Eucaliptus dos 1475', 'allessitta@gmail.com', '', 9, 1, '2016-01-29 21:05:58', '2016-01-29 21:05:58', NULL),
(112, '$2y$10$1jUFr32DyBU0DtfqW4eSiO5yxUgxLyun1KyKuUHyLYb7HLcdOLR1y', NULL, 'Sebastián ', '52527784', 'Negrete', 'Aros', NULL, '1996-05-24 00:00:00', '19.407.658-4', 'Eucaliptus dos 1271', 'SEBA.NEGRETE.AROS@GMAIL.COM', '', 9, 1, '2016-01-29 23:18:50', '2016-01-29 23:18:50', NULL),
(113, '$2y$10$aHtgZt3CUiVjsrwctqB0.eLNuGNyKa1y4DlFrvPoDDF1M9/i.QbW6', NULL, 'Andre Alejandro', '42460449', 'Verdejo', 'Molina', NULL, '1998-12-25 00:00:00', '20.014.221-7', 'Pje. El arroyo 18546', 'alejandro.vermo@gmail.com', '', 9, 1, '2016-02-01 14:53:07', '2016-02-01 14:53:07', NULL),
(114, '$2y$10$FXL2e3nKExUjoyvKriCmxuUFNSmGcUC2k.7CTq66wOBsdZOy1Icqq', NULL, 'Benjamin', '98468653', 'Molina ', 'Rodriguez', NULL, '1998-03-18 00:00:00', '19.859.301-k', 'El arroyo 1787', 'benja-molinazo@hotmail.com', '', 9, 1, '2016-02-01 19:34:12', '2016-02-01 19:34:12', NULL),
(115, '$2y$10$fYKtGihEDN8cudxT3QM4iO/0i8ZpbSlJN9wRUEV3P5ViSdsBcC/0S', NULL, 'Li Juan', '81881503', 'Xúe', '_', NULL, '2016-02-01 00:00:00', '14.751207-0', 'Filodendro siete 18848', '_', '', 9, 1, '2016-02-01 20:24:04', '2016-02-01 20:24:04', NULL),
(116, '$2y$10$VU38akiHnSek3qmvgA2h.emTrj4cGvaf9bPO1ODQUXocS/CRAzSNS', NULL, 'Barbara ', '90229299', 'Ramírez', 'Rodriguez', NULL, '1994-02-26 00:00:00', '18.666.084-6', 'Alcázar Poniente 1345', 'barbara.ilea@hotmail.com', '', 9, 1, '2016-02-01 21:10:26', '2016-02-01 21:10:26', NULL),
(117, '$2y$10$cCtBFP1ZGRbZz1IRxEvlwetqQcLQv7hFnG8y/W06xa98RJEPPNZLK', NULL, 'Maria Soledad', '94358986', 'Perez', '_', NULL, '0000-00-00 00:00:00', '10.402.125-5', 'Diademas cinco 1041', 'm.soledad.perez07@hotmail.com', '', 9, 1, '2016-02-01 22:44:14', '2016-02-01 22:44:14', NULL),
(118, '$2y$10$vBm8WcT5cYkIOCMT/2cS9uAh.nJRs6p79uJQtayrtTst5cBLrlJwG', NULL, 'Carol', '84638182', 'Navarro', 'Barrera', NULL, '1970-06-27 00:00:00', '13.258.282-3', 'La cascada 1353', 'carol_fa_navarro@hotmail.com', '', 9, 1, '2016-02-02 15:57:27', '2016-02-02 15:57:27', NULL),
(119, '$2y$10$3baKAItmXGWldAhAQQc66.Lmvurs3ML4Dag91GdFe/aVxj/SmDRJm', NULL, 'Camila ', '45271310', 'Cordova', 'Tamayo', NULL, '2016-02-02 00:00:00', '18.117.035-2', 'San Rafael Sur 114', '__', '', 9, 1, '2016-02-02 23:25:11', '2016-02-02 23:25:11', NULL),
(120, '$2y$10$y50o9QyaWQbtW1iZer/Em.PyYoQz2vmgUGIiiQE9No7.fBJUje6Yi', NULL, 'Rodrigo', '65406538', 'Fuentes', 'Avila', NULL, '1978-01-26 00:00:00', '13.476.832-0', 'Egipto 12', 'rofuentesa@gmail.com', '', 9, 1, '2016-02-03 23:12:22', '2016-02-03 23:12:22', NULL),
(121, '$2y$10$qckoFfw4MSruC8bk.6wS7e7mbpctFFbgyhwVa.YvulZIDXb6UMZP6', NULL, 'Laura Andrea', '229851244', 'Muñoz', 'González', NULL, '1999-02-03 00:00:00', '20.120.234-5', 'Los Mirlos 922, Av El Trebol', 'lauriamg1991@gmail.com', '', 9, 1, '2016-02-04 20:49:56', '2016-02-04 20:49:56', NULL),
(122, '$2y$10$iCstIqgdMm1Ig5OOgWU2kOsFKRNUMS/VJdUrb8C./c650cS5rFD96', NULL, 'Gabriel Andrés', '227612241', 'Covarrubios', 'Caddeville', NULL, '1995-07-06 00:00:00', '19.080.463-3', 'El Helecho Norte 18473', 'gabriel0909@hotmail.cl', '', 9, 1, '2016-02-05 15:49:25', '2016-02-05 15:49:25', NULL),
(123, '$2y$10$VDp7qkZYxFTeLw9rV9z/hepmhKIf14DsmRyzr8atM.TmAuniIrnga', NULL, 'Miguel', '227612241', 'Covarrubios', 'Vasquez', NULL, '2016-02-13 00:00:00', '9.571.310-1', 'El Helecho Norte 18473', 'gabriel0909@hotmail.cl', '', 9, 1, '2016-02-05 15:51:13', '2016-02-05 15:51:13', NULL),
(124, '$2y$10$KFloW0bTgrQf/.Nq1rXl5.mDVRigJthP0D9u.y5T3QxtIJrRftNq6', NULL, 'Francisco Javier', '3164136', 'Briones ', 'Araya', NULL, '1986-07-30 00:00:00', '16.470.170-0', 'Avenida Sur 604, Maipú', 'fbriones', '', 9, 1, '2016-02-05 22:24:30', '2016-02-05 22:24:30', NULL),
(125, '$2y$10$K8WCnZtBLl8t7hiGQMCFbOXVt1uVeDLncoB88TpmTSHF4fQo5udDa', NULL, 'Norka', '75122680', 'Alvarez', 'Salas', NULL, '1982-09-27 00:00:00', '15.472.605-5', 'Celestina 273', 'norka.alvarez.salas@gmail.com', '', 9, 1, '2016-02-06 16:33:19', '2016-02-06 16:33:19', NULL),
(126, '$2y$10$rGEy9cfL.iyWqE7FzUcKKeHXmRyT.LHrYysRpoNDXFWN773lbb0eW', NULL, 'Andrea', '97846917', 'Vallejos', '_', NULL, '2016-02-08 00:00:00', '15.458.097-2', 'Pje. Isaias 610', '_', '', 9, 1, '2016-02-08 15:12:22', '2016-02-08 15:12:22', NULL),
(127, '$2y$10$BvwGW2bThEXB4DJNzFT9EuuAdiTQH8Axx.xCmVUqhmtyJFiAreJp6', NULL, 'Natalia', '99480023', 'Vegas', 'Cespedes', NULL, '1984-10-20 00:00:00', '15.793.809-6', 'Alcázar Oriente 268', 'nvece@hotmail.com', '', 9, 1, '2016-02-08 15:24:04', '2016-02-08 15:24:04', NULL),
(128, '$2y$10$xnyuu0UBdmZyDbr8HMEKKeNNwnR9NViTnrQD3XAMgE1WtaO25rfmm', NULL, 'Catalina ', '84588918', 'Ramos', 'Ensis', NULL, '2016-02-08 00:00:00', '19.309.410-4', 'Alcalde José Luis Infante 1652', '_', '', 9, 1, '2016-02-08 15:46:43', '2016-02-08 15:46:43', NULL),
(129, '$2y$10$1SbAIfvMTXnCzyhrKDnVCeWYeJoeIVGJlGRpjqAupSKfI/.lqtWkm', NULL, 'Luciana', '61895818', 'Cerda', 'Villegas', NULL, '1996-11-01 00:00:00', '19.558.095-2', 'Av. Alcalde José Luis Infante Larraín 1557', 'lucianacerda@gmail.com', '', 9, 1, '2016-02-08 20:55:18', '2016-02-08 20:55:18', NULL),
(130, '$2y$10$LEZfcoFofQa/1YSqb5eubO4kZdLG6kaYujpBu2zhctGuNsnIFMeXG', NULL, 'Felipe', '73767230', 'Pizarro', 'Castillo', NULL, '1996-09-26 00:00:00', '19.514.437-0', 'Jorge Guerra 18640', 'felipepizarroc96@gmail.com', '', 9, 1, '2016-02-09 15:16:01', '2016-02-09 15:16:01', NULL),
(131, '$2y$10$vkstU/bf5izqbCvRK6zjD.YvTl/NQpPVg.JwEsLIO/Hqv7I2qc5R2', NULL, 'Nataly', '42858002', 'Carrasco', 'Muñoz', NULL, '1992-10-15 00:00:00', '18.146.534-4', 'San Rafael Sur 115, Condominio Barrio Central', 'nati.carrasco@live.cl', '', 9, 1, '2016-02-09 20:22:12', '2016-02-09 20:22:12', NULL),
(132, '$2y$10$3bjoTubq/96/of6xspNzd.DNjG58iNDZw58HLXfWN0rtm7MPt1P9S', NULL, 'Natalia', '71422897', 'Avila', 'Campos', NULL, '1992-12-20 00:00:00', '18.356.665-2', 'Luis Infante Larraín 1725', 'nataliacf_200@hotmail.com', '', 9, 1, '2016-02-10 13:04:19', '2016-02-10 13:04:19', NULL),
(133, '$2y$10$ysm5hiFRdZ1fyL/JkxMwT.44r22W1/vMM805HZ.eNFtx.JwAjhRJq', NULL, 'Karen', '50920463', 'Banda', 'Reyes', NULL, '2016-02-11 00:00:00', '20.099.907-1', 'Recoleta Pedro Donoso 443', '_', '', 9, 1, '2016-02-11 12:32:46', '2016-02-11 12:32:46', NULL),
(134, '$2y$10$a9EiQ16bmb7L0GUcbTYU/OmSgMkKN28E9LvhHgC5FwxJkVpEbPgjK', NULL, 'Josefa', '77954320', 'Jara', 'Contreras', NULL, '1995-01-20 00:00:00', '19.031.974-1', 'Pje. El gomero dos 1676', 'josefaararat@gmail.com', '', 9, 1, '2016-02-11 20:11:03', '2016-02-11 20:11:03', NULL),
(135, '$2y$10$W2hyGYHzXsqncLJmafh7R.JbUK8ldMT1aVrlHNcIpQf5uiA8wQC4O', NULL, 'Victor Armando', '65493206', 'Barahona', 'Fontealba', NULL, '0000-00-00 00:00:00', '9.873.047-8', 'Francisco Corleane dos, casa 69, Condominio Magallanes.', 'victoriabarahona18@gmail.com', '', 9, 1, '2016-02-11 22:34:16', '2016-02-11 22:34:16', NULL),
(136, '$2y$10$y/6hh2MACCwfnTC57uJ6e.QuJKdHesxtH0mCAujM7ZRjCIRtyZ/hu', NULL, 'Dylan', '77605533', 'Salazar', 'Salvatierra', NULL, '1998-02-09 00:00:00', '19.883.357- 6', 'Galvarin Araya 2580, Villa Los Heroes', 'nsalasbrown@gmail.com', '', 9, 1, '2016-02-12 15:05:48', '2016-02-12 15:05:48', NULL),
(137, '$2y$10$VTWRrpD2H1LVoqtezrDmhO0yldt5/FPx/R8L.Xj0x7XkOB91qra1i', NULL, 'Dominique Andrea', '93561609', 'Urrutia', 'Leyton', NULL, '1991-04-16 00:00:00', '17940954-2', 'El junco 711', '_', '', 9, 1, '2016-02-12 21:08:50', '2016-02-12 21:08:50', NULL),
(138, '$2y$10$RnicnbSJcaArXux2vb8sGOq9L5L06ZUgdaXooUCHJ8dtCO7XYnSLm', NULL, 'María Fernanda', '971756336', 'Hernandez', 'San Martín', NULL, '1993-03-17 00:00:00', '18.340.917-4', 'Alcazar Poniente 448', 'marf.hernandez00@gmail.com', '', 9, 1, '2016-02-12 22:36:22', '2016-02-12 22:36:22', NULL),
(139, '$2y$10$J9xX.GWEX1sQZTMSezKMoecqUhBcwXdkXypMhWFK243Bcd4GhUffe', NULL, 'Matias ', '74785501', 'Madrid', '_', NULL, '2016-02-13 00:00:00', '19.889.763-9', '_', 'matiase.madrid@gmail.com', '', 9, 1, '2016-02-13 16:24:27', '2016-02-13 16:24:27', NULL),
(140, '$2y$10$s5FyaXs5Pu4lRi5rgBuvkuOmdGQ1JoZ32nJQy2Z5T4NIM.YiFpxkS', NULL, 'Catalina ', '99165372', 'Cabezas', 'Ornazabal', NULL, '1995-08-09 00:00:00', '19.134.867-2', 'La Cascada 1491', 'catalina.cabezas@icloud.com', '', 9, 1, '2016-02-15 19:44:41', '2016-02-15 19:44:41', NULL),
(141, '$2y$10$RlyjY4vXxeO2AkRLDmcTNOKuIqbQFHnlqdMUQu74MKpvbyZw/jchO', NULL, 'Tomás', '64090970', 'Silva', 'Sanchez', NULL, '1998-02-10 00:00:00', '19.890.169-5', 'Liquidambar cuatro 18335', 'morsaloca@gmail.com', '', 9, 1, '2016-02-15 21:28:30', '2016-02-15 21:28:30', NULL),
(142, '$2y$10$LhCpnanN1xwqhaPe7wo9dO1YG43.rF3tIxmrdk9ahzwKfV2gPouMO', NULL, 'Aline', '8743026', 'Monardez', 'Valenzuela', NULL, '1997-06-26 00:00:00', '19.702.083-0', 'Pje Puerto Gala 2004', 'alin.camila97@gmail.com', '', 9, 1, '2016-02-15 21:33:06', '2016-02-15 21:33:06', NULL),
(143, '$2y$10$bX6X7ky9dm6Yy58wKC0ZrudKan5ZtkTIF/Eynl.OdpnHQeCh2jX2C', NULL, 'Nicolás', '8275612', 'Rodriguez', 'Lagos', NULL, '1992-11-02 00:00:00', '18.354.940-5', 'El gomero dos 1774', 'nicolaas.rl@gmail.com', '', 9, 1, '2016-02-15 21:35:57', '2016-02-15 21:35:57', NULL),
(144, '$2y$10$.B0z1Nds8N8S5j1bOycl7OLzp9GYlwLW9z6SMhM5aqoRM35KqBUAe', NULL, 'María Cristina', '67026994', 'Negrete', 'Saez', NULL, '2016-02-16 00:00:00', '15.708.905-6', 'Av Parque Sur 18375', '_', '', 9, 1, '2016-02-16 13:42:41', '2016-02-16 13:42:41', NULL),
(145, '$2y$10$TpTOd23XYmkecXc1FGROdujXH1LhEyN4.jjxGiUjWDbrEJ.kui2cG', NULL, 'Valentina', '86365357', 'Flores', 'Seguer', NULL, '2016-02-17 00:00:00', '19.361.300-4', 'El encanto18761', '_', '', 9, 1, '2016-02-16 13:47:53', '2016-02-16 13:47:53', NULL),
(146, '$2y$10$9IeW6tJAtZO4L6swLTquWOR1zVcbuQiXfARX0jmAfeWrPPGZ/0qCa', NULL, 'Camila Macarena', '96534350 mamá', 'Perez', 'Duran', NULL, '2016-02-16 00:00:00', '_', 'El alcázar oriente 1662', '_', '', 9, 1, '2016-02-16 14:02:50', '2016-02-16 14:02:50', NULL),
(147, '$2y$10$eS.TGD9ToqdL8L4tvrpAOud/ItMXdbR05dGm2zvmyoiM5MSdvhtcW', NULL, 'Daniela', '54234113', 'Henriquez', 'Hernandez', NULL, '1992-12-12 00:00:00', '18.294.164-6', 'El eucaliptus 18679', 'danipaz.henriquez@gmail.com', '', 9, 1, '2016-02-16 23:35:32', '2016-02-16 23:35:32', NULL),
(148, '$2y$10$xQoR7gpglSWm5soXZKqXUe2tcV3GMQqjN/IZ06Z4EVVijLky1ywY.', NULL, 'Karla', '50018853', 'Henriquez', 'Hernandez', NULL, '1997-02-14 00:00:00', '19.526.383-3', 'El eucaliptus 18679', 'kvalentinahenriquezh@gmail.com', '', 9, 1, '2016-02-16 23:36:55', '2016-02-16 23:36:55', NULL),
(149, '$2y$10$Rk58ntQxcGKKq.mXRx.rz.1Nw9CgV2cC.uy6MZhDi/UKHMuUWA9jW', NULL, 'Paula ', '96156769', 'Ibarra', 'Gutierrez', NULL, '1993-07-20 00:00:00', '18.462.948-8', 'Lago Castelgandolfo 18552', 'paaula._@hotmail.com', '', 9, 1, '2016-02-17 21:29:51', '2016-02-17 21:29:51', NULL),
(150, '$2y$10$cgRbaknSTTydLau1vq3yXebc3YSZ2UVCc5TvdwfTcuFy0rAgF7Bum', NULL, 'Kimberyn', '72070327', 'Quezada', 'Canales', NULL, '2016-02-10 00:00:00', '19.732.744-8', 'Pje Nemesio Antunes 155', '_', '', 9, 1, '2016-02-18 15:52:01', '2016-02-18 15:52:01', NULL),
(151, '$2y$10$4EiLf4EURgVDGZtJZKoBYusDfGEA5vuOvtOI97xw4K9nqLayXIFRK', NULL, 'Alejandro', '78586598', 'Miranda', 'Parra', NULL, '1996-10-22 00:00:00', '19.523.444-2', 'Lago Carezza 1973', 'alejandromirandaparra@gmail.com', '', 9, 1, '2016-02-18 21:24:09', '2016-02-18 21:24:09', NULL),
(152, '$2y$10$LeorTb5J8vI7PcrajFaTcezr9s26nnqSMXil9zx1xAWdj7fuMITFC', NULL, 'Nicol', '97207564', 'Perez', 'Astorga', NULL, '1989-09-16 00:00:00', '17.412.022-6', 'Lago de Lugano 18396', 'nicolperez22@gmail.com', '', 9, 1, '2016-02-19 20:05:45', '2016-02-19 20:05:45', NULL),
(153, '$2y$10$5L09IOdsSzXhI7YAkt4VB.4XQbPFtQDv1vtwZPT4qxlrrlqvpbLBa', NULL, 'Scarlette', '84988104', 'Castro', 'Jimenez', NULL, '1995-05-18 00:00:00', '19.056.055-4', 'Av Lago Albano 18690', 'scarlett.castro@live.cl', '', 9, 1, '2016-02-19 21:10:17', '2016-02-19 21:10:17', NULL),
(154, '$2y$10$fBtbDdwUYwgurP1FiuYdtueDyVx.dg.TB3Yb8yPuYkdq6mGfAlq4.', NULL, 'Octavio', '62241128', 'Cornejo', 'Miranda', NULL, '2016-02-18 00:00:00', '20.118.439-8', 'Pje. Fagonero 0121', '_', '', 9, 1, '2016-02-19 22:21:24', '2016-02-19 22:21:24', NULL),
(155, '$2y$10$2hK51TBr.wFyAbMFbUBWeeYiwqFSqHdU1QbC9d329Zvw6oZaSjZdW', NULL, 'Hugo Ignacio', '57887226', 'Sepulveda', 'Aguilera', NULL, '1991-03-22 00:00:00', '17.858.765-K', 'Reloncavi Nº 3 casa 18694 ', 'ignacio_sepulveda.a@hotmail.com', '', 9, 1, '2016-02-20 14:27:53', '2016-02-20 14:27:53', NULL),
(156, '$2y$10$wvOvSc/BkB6zWUFqYVfcxuaxFBULf4f9wkuEJQvK7eRNplTCPgkF.', NULL, 'Pia Belen', '88258669', 'Said ', 'Merino', NULL, '0000-00-00 00:00:00', '19.322.415-6', 'Liquidambar 18429', 'piasaid.merino@gmail.com', '', 9, 1, '2016-02-20 15:29:07', '2016-02-20 15:29:07', NULL),
(157, '$2y$10$Q9PPtIYIlngDjqg7AH/she7d8/Z5g0YP3yPr6fTkZbjDgbqQHRd8S', NULL, 'Nicolas Andres', '83170324', 'Rodriguez ', 'Sanhueza', NULL, '0000-00-00 00:00:00', '19.838.591-3', 'Mirasol Norte 18363', 'zkwnibook@gmail.com', '', 9, 1, '2016-02-22 13:40:46', '2016-02-22 13:40:46', NULL),
(158, '$2y$10$3HDYYpFQIJNDXr30Tr9HcemqKu4FUIt0NMcZH1rtU3hAFwF4cNGkq', NULL, 'Marcela Loreto', '77692129', 'Toloza', 'Rodriguez', NULL, '0000-00-00 00:00:00', '13.884.508-7', 'Farellones casa 43 Condominio Barrio Norte', 'ma_toloza@hotmail.com', '', 9, 1, '2016-02-22 16:57:49', '2016-02-22 16:57:49', NULL),
(159, '$2y$10$RCr2/ur9eWDLFEruBYshxu9jAA.OrZSAijWnLoBZDIs0DW40bDhV6', NULL, 'Millaray Andrea', '973001789', 'Peña ', 'Mendosa', NULL, '0000-00-00 00:00:00', '18.569.229-9', 'Alcazar Oriente 1053', 'millaray24@hotmail.com', '', 9, 1, '2016-02-22 23:14:26', '2016-02-22 23:14:26', NULL),
(160, '$2y$10$X1ty7Ifoc/k0LM4xcTF4UO2xdBvIY4CMNeComwC.EH1c039mrWLaa', NULL, 'Caterina Alejandra', '95886798', 'Brunetti', 'Salas', NULL, '0000-00-00 00:00:00', '12.814.050-6', 'Parque Central Oriente 1543', 'caterina.brunetti@hotmail.com', '', 9, 1, '2016-02-23 00:13:58', '2016-02-23 00:13:58', NULL),
(161, '$2y$10$4yhTyUueDmH5Y7AwPy1gPu8cccLgX9AnbPtdQKncSiQkL/E7RvXou', NULL, 'Caterina Alejandra', '95886798', 'Brunetti', 'Salas', NULL, '0000-00-00 00:00:00', '12.814.050-6', 'Parque Central Oriente 1543', 'caterina.brunetti@hotmail.com', '', 9, 1, '2016-02-23 00:14:27', '2016-02-23 00:14:27', NULL),
(162, '$2y$10$7M6AbpBi/WZ8FNlI1d1BB.gejTlDg8/DhjPBF6Vb4TMXNJh6AMlLe', NULL, 'CATERINA  ', '@', 'BRUNETTI', 'SALAS', NULL, '2016-02-24 00:00:00', '12814050-6', '@', 'caterina.brunetti@hotmail.com', '', 9, 1, '2016-02-23 16:03:23', '2016-02-23 16:03:23', NULL),
(163, '$2y$10$fa41X1qTlDHnVo5vIc6h8erBsrTJv8IfiHW24K.satLlqFqF9YKKC', NULL, 'Kevin ', '972659514', 'Ossandon', 'Bravo', NULL, '1996-09-03 00:00:00', '19345249-3', 'LA ENREDADERA 18784', 'kallol96@hotmail.com', '', 9, 1, '2016-02-23 16:12:56', '2016-02-23 16:12:56', NULL),
(164, '$2y$10$Y.2glilIVf2wB1WNwUWYs.1g1WjsEcvqAUWYB.o1DHXYqEwP4vgd.', NULL, 'nicolas ignacio', '973519919', 'besoain', 'Gonzalez', NULL, '1998-11-02 00:00:00', '19886898-1', 'av el parque 2417 condominio lautaro', 'lbesoain@koandina.com', '', 9, 1, '2016-02-23 16:18:25', '2016-02-23 16:18:25', NULL),
(165, '$2y$10$lx5zdJYcSi11b9kznotzf.L3Arha0oguURKbnR/2a33GrbNRUeMha', NULL, 'FABIAN ANDRES', '964399576', 'VELIZ ', 'ZUÑIGA', NULL, '1995-04-19 00:00:00', '18957349-9', 'LIGUTRINA 550', 'fabian.veliz1412@gmail.com', '', 9, 1, '2016-02-23 20:17:41', '2016-02-23 20:17:41', NULL),
(166, '$2y$10$LOOltYebhfxA/T9BOshBQeBOvolaAFKNMCUVdNdgd5jFxJ2RUnNai', NULL, 'Francisco Javier', '96504707-9', 'Torres', 'Arteaga', NULL, '0000-00-00 00:00:00', '18.809.610-7', 'Caletera Camino a Melipilla 18442', 'ftorres@hotmail.com', '', 9, 1, '2016-02-25 22:25:38', '2016-02-25 22:25:38', NULL),
(167, '$2y$10$DHrIWmzzXj/bNGkRCMbUDuhhioz0Kbi/WfMVG8nwKxbJ1a4bc/bJC', NULL, 'Francisco Javier', '96504707-9', 'Torres', 'Arteaga', NULL, '0000-00-00 00:00:00', '18.809.610-7', 'Caletera Camino a Melipilla 18442', 'ftorres@hotmail.com', '', 9, 1, '2016-02-25 22:26:00', '2016-02-25 22:26:00', NULL),
(168, '$2y$10$M08wYXKVgC7VWqSzmThjyOoFCjA8bOl/Vu8l8wzviAT.eyS19t7bC', NULL, 'Francisco Javier', '96504707-9', 'Torres ', 'Arteaga', NULL, '0000-00-00 00:00:00', '18.809.610-7', 'Caletera Camino Melipilla 18442', 'ftorres@hotmail.com', '', 9, 1, '2016-02-26 00:01:29', '2016-02-26 00:01:29', NULL),
(169, '$2y$10$FdFJnQ83QLcuc9NtsUgBYO.xdUcPcZpgE3547D6dMnA54CCtTtGMe', NULL, 'Lorena Paz', '965400558', 'Diaz ', 'Lobos', NULL, '1992-07-08 00:00:00', '18.167.609.4', 'Eucaliptus dos  1335', 'lorena.d.lobos@gmail.com', '', 9, 1, '2016-02-26 23:11:06', '2016-02-26 23:11:06', NULL),
(170, '$2y$10$ljbWleLmx0mFRWPSj4lstuLl6UizOmTxiFRNULA3taJCblyGsXJXa', NULL, 'Lorena Paz', '965400558', 'Diaz ', 'Lobos', NULL, '2016-02-26 00:00:00', '18.167.609.4', 'Eucaliptus dos  1335', 'lorena.d.lobos.@gmail.com', '', 9, 1, '2016-02-26 23:17:14', '2016-02-26 23:17:14', NULL),
(171, '$2y$10$rDOfkakKvnIMEXoPrM8NGO0AdFF2zcnv0K56QXXOO2Ljc7ZZOrUJG', NULL, 'Ignacio Nicolas', '961205204', 'Gonzalez ', 'Venegas', NULL, '0000-00-00 00:00:00', '19.839.736-9', 'Parque Central Poniente 726', 'gonzalezvenegas:@gmail.com', '', 10, 1, '2016-02-27 00:01:54', '2016-02-27 00:01:54', NULL),
(172, '$2y$10$wvPy6rNFyGggNNFZX.Au9e/LL2mycGY0jW348DWYwUBgmonLR.RUu', NULL, 'Pia Belen', '988258669', 'Said ', 'Merino', NULL, '0000-00-00 00:00:00', '19322415-6', 'Liquidambar 18429', 'pbelen@hotmail.com', '', 9, 1, '2016-02-27 13:00:18', '2016-02-27 13:00:18', NULL),
(173, '$2y$10$PH9DXrpScIX1am1i3yTsoekOcqZ2EOA4M9/Y6/8Y8Y5FM9b6zlPeu', NULL, 'Luciano  ', '9 61732253', 'Armas', 'Bunout', NULL, '0000-00-00 00:00:00', '19.960.619-0', 'San Javier Larrain 2250', 'LUCIANO PEND', '', 9, 1, '2016-02-29 14:49:01', '2016-02-29 14:49:01', NULL);

/*!40101 SET CHARACTER_SET_CLIENT=@OLD_CHARACTER_SET_CLIENT */;
/*!40101 SET CHARACTER_SET_RESULTS=@OLD_CHARACTER_SET_RESULTS */;
/*!40101 SET COLLATION_CONNECTION=@OLD_COLLATION_CONNECTION */;
